Copyright 1986-2022 Xilinx, Inc. All Rights Reserved. Copyright 2022-2025 Advanced Micro Devices, Inc. All Rights Reserved.
-----------------------------------------------------------------------------------------------------------------------------------------------
| Tool Version : Vivado v.2024.2.2 (win64) Build 6060944 Thu Mar 06 19:10:01 MST 2025
| Date         : Mon Jul 13 12:53:33 2026
| Host         : ECE-MCU2-15 running 64-bit major release  (build 9200)
| Command      : report_methodology -file mvm_methodology_drc_routed.rpt -pb mvm_methodology_drc_routed.pb -rpx mvm_methodology_drc_routed.rpx
| Design       : mvm
| Device       : xck26-sfvc784-2LV-c
| Speed File   : -2LV
| Design State : Fully Routed
-----------------------------------------------------------------------------------------------------------------------------------------------

Report Methodology

Table of Contents
-----------------
1. REPORT SUMMARY
2. REPORT DETAILS

1. REPORT SUMMARY
-----------------
            Netlist: netlist
          Floorplan: design_1
      Design limits: <entire design considered>
             Max checks: <unlimited>
             Checks found: 1454
+-----------+----------+--------------------------------------------+--------+
| Rule      | Severity | Description                                | Checks |
+-----------+----------+--------------------------------------------+--------+
| SYNTH-6   | Warning  | Timing of a RAM block might be sub-optimal | 4      |
| TIMING-16 | Warning  | Large setup violation                      | 1000   |
| TIMING-18 | Warning  | Missing input or output delay              | 450    |
+-----------+----------+--------------------------------------------+--------+

2. REPORT DETAILS
-----------------
SYNTH-6#1 Warning
Timing of a RAM block might be sub-optimal  
The timing for the instance GEN_OLANES[5].matrix_mem/mem_array_reg, implemented as a RAM block, might be sub-optimal as no output register was merged into the block.
Related violations: <none>

SYNTH-6#2 Warning
Timing of a RAM block might be sub-optimal  
The timing for the instance GEN_OLANES[6].matrix_mem/mem_array_reg, implemented as a RAM block, might be sub-optimal as no output register was merged into the block.
Related violations: <none>

SYNTH-6#3 Warning
Timing of a RAM block might be sub-optimal  
The timing for the instance GEN_OLANES[7].matrix_mem/mem_array_reg, implemented as a RAM block, might be sub-optimal as no output register was merged into the block.
Related violations: <none>

SYNTH-6#4 Warning
Timing of a RAM block might be sub-optimal  
The timing for the instance vector_mem/mem_array_reg, implemented as a RAM block, might be sub-optimal as no output register was merged into the block.
Related violations: <none>

TIMING-16#1 Warning
Large setup violation  
There is a large setup violation of -1.002 ns between ctrl_inst/mat_addr_reg_reg[2]/C (clocked by clk) and GEN_OLANES[1].matrix_mem/r_rdata_reg[31]/D (clocked by clk). Large setup violations at the end of those stages might be difficult to fix during the post-placement implementation flow and could be the result of non-optimal XDC constraints or non-optimal design architecture
Related violations: <none>

TIMING-16#2 Warning
Large setup violation  
There is a large setup violation of -1.004 ns between GEN_OLANES[2].matrix_mem/r_rdata_reg[47]/C (clocked by clk) and GEN_OLANES[2].dot8_inst/sum1_2_reg/DSP_A_B_DATA_INST/B[15] (clocked by clk). Large setup violations at the end of those stages might be difficult to fix during the post-placement implementation flow and could be the result of non-optimal XDC constraints or non-optimal design architecture
Related violations: <none>

TIMING-16#3 Warning
Large setup violation  
There is a large setup violation of -1.005 ns between accum_first_delay_reg[6]_rep/C (clocked by clk) and GEN_OLANES[3].accum_inst/accum_reg_reg[17]/D (clocked by clk). Large setup violations at the end of those stages might be difficult to fix during the post-placement implementation flow and could be the result of non-optimal XDC constraints or non-optimal design architecture
Related violations: <none>

TIMING-16#4 Warning
Large setup violation  
There is a large setup violation of -1.005 ns between vector_mem/mem_array_reg/CLKARDCLK (clocked by clk) and GEN_OLANES[0].dot8_inst/sum2_1[17]_i_3_psdsp_3/D (clocked by clk). Large setup violations at the end of those stages might be difficult to fix during the post-placement implementation flow and could be the result of non-optimal XDC constraints or non-optimal design architecture
Related violations: <none>

TIMING-16#5 Warning
Large setup violation  
There is a large setup violation of -1.009 ns between GEN_OLANES[0].matrix_mem/r_rdata_reg[7]/C (clocked by clk) and GEN_OLANES[0].dot8_inst/product0_reg/DSP_A_B_DATA_INST/B[11] (clocked by clk). Large setup violations at the end of those stages might be difficult to fix during the post-placement implementation flow and could be the result of non-optimal XDC constraints or non-optimal design architecture
Related violations: <none>

TIMING-16#6 Warning
Large setup violation  
There is a large setup violation of -1.009 ns between vector_mem/mem_array_reg/CLKARDCLK (clocked by clk) and GEN_OLANES[1].matrix_mem/r_rdata_reg[39]_psdsp_3/D (clocked by clk). Large setup violations at the end of those stages might be difficult to fix during the post-placement implementation flow and could be the result of non-optimal XDC constraints or non-optimal design architecture
Related violations: <none>

TIMING-16#7 Warning
Large setup violation  
There is a large setup violation of -1.010 ns between vector_mem/mem_array_reg/CLKARDCLK (clocked by clk) and GEN_OLANES[1].dot8_inst/sum2_1[17]_i_3__0_psdsp_1/D (clocked by clk). Large setup violations at the end of those stages might be difficult to fix during the post-placement implementation flow and could be the result of non-optimal XDC constraints or non-optimal design architecture
Related violations: <none>

TIMING-16#8 Warning
Large setup violation  
There is a large setup violation of -1.012 ns between vector_mem/mem_array_reg/CLKARDCLK (clocked by clk) and GEN_OLANES[0].matrix_mem/r_rdata_reg[7]_psdsp_1/D (clocked by clk). Large setup violations at the end of those stages might be difficult to fix during the post-placement implementation flow and could be the result of non-optimal XDC constraints or non-optimal design architecture
Related violations: <none>

TIMING-16#9 Warning
Large setup violation  
There is a large setup violation of -1.013 ns between GEN_OLANES[1].matrix_mem/r_rdata_reg[63]/C (clocked by clk) and GEN_OLANES[1].dot8_inst/sum1_3_reg/DSP_A_B_DATA_INST/B[17] (clocked by clk). Large setup violations at the end of those stages might be difficult to fix during the post-placement implementation flow and could be the result of non-optimal XDC constraints or non-optimal design architecture
Related violations: <none>

TIMING-16#10 Warning
Large setup violation  
There is a large setup violation of -1.014 ns between GEN_OLANES[0].dot8_inst/valid_pipe_reg[4]/C (clocked by clk) and GEN_OLANES[1].accum_inst/accum_reg_reg[20]/CE (clocked by clk). Large setup violations at the end of those stages might be difficult to fix during the post-placement implementation flow and could be the result of non-optimal XDC constraints or non-optimal design architecture
Related violations: <none>

TIMING-16#11 Warning
Large setup violation  
There is a large setup violation of -1.014 ns between GEN_OLANES[0].dot8_inst/valid_pipe_reg[4]/C (clocked by clk) and GEN_OLANES[1].accum_inst/accum_reg_reg[21]/CE (clocked by clk). Large setup violations at the end of those stages might be difficult to fix during the post-placement implementation flow and could be the result of non-optimal XDC constraints or non-optimal design architecture
Related violations: <none>

TIMING-16#12 Warning
Large setup violation  
There is a large setup violation of -1.014 ns between GEN_OLANES[0].dot8_inst/valid_pipe_reg[4]/C (clocked by clk) and GEN_OLANES[1].accum_inst/accum_reg_reg[22]/CE (clocked by clk). Large setup violations at the end of those stages might be difficult to fix during the post-placement implementation flow and could be the result of non-optimal XDC constraints or non-optimal design architecture
Related violations: <none>

TIMING-16#13 Warning
Large setup violation  
There is a large setup violation of -1.014 ns between GEN_OLANES[0].dot8_inst/valid_pipe_reg[4]/C (clocked by clk) and GEN_OLANES[1].accum_inst/accum_reg_reg[23]/CE (clocked by clk). Large setup violations at the end of those stages might be difficult to fix during the post-placement implementation flow and could be the result of non-optimal XDC constraints or non-optimal design architecture
Related violations: <none>

TIMING-16#14 Warning
Large setup violation  
There is a large setup violation of -1.014 ns between accum_first_delay_reg[6]_rep/C (clocked by clk) and GEN_OLANES[3].accum_inst/accum_reg_reg[19]/D (clocked by clk). Large setup violations at the end of those stages might be difficult to fix during the post-placement implementation flow and could be the result of non-optimal XDC constraints or non-optimal design architecture
Related violations: <none>

TIMING-16#15 Warning
Large setup violation  
There is a large setup violation of -1.015 ns between vector_mem/mem_array_reg/CLKARDCLK (clocked by clk) and GEN_OLANES[0].matrix_mem/r_rdata_reg[55]_psdsp_1/D (clocked by clk). Large setup violations at the end of those stages might be difficult to fix during the post-placement implementation flow and could be the result of non-optimal XDC constraints or non-optimal design architecture
Related violations: <none>

TIMING-16#16 Warning
Large setup violation  
There is a large setup violation of -1.017 ns between accum_first_delay_reg[6]_rep/C (clocked by clk) and GEN_OLANES[3].accum_inst/accum_reg_reg[20]/D (clocked by clk). Large setup violations at the end of those stages might be difficult to fix during the post-placement implementation flow and could be the result of non-optimal XDC constraints or non-optimal design architecture
Related violations: <none>

TIMING-16#17 Warning
Large setup violation  
There is a large setup violation of -1.019 ns between vector_mem/mem_array_reg/CLKARDCLK (clocked by clk) and GEN_OLANES[0].matrix_mem/r_rdata_reg[39]_psdsp_2/D (clocked by clk). Large setup violations at the end of those stages might be difficult to fix during the post-placement implementation flow and could be the result of non-optimal XDC constraints or non-optimal design architecture
Related violations: <none>

TIMING-16#18 Warning
Large setup violation  
There is a large setup violation of -1.020 ns between GEN_OLANES[0].dot8_inst/valid_pipe_reg[4]/C (clocked by clk) and GEN_OLANES[1].accum_inst/accum_reg_reg[4]/CE (clocked by clk). Large setup violations at the end of those stages might be difficult to fix during the post-placement implementation flow and could be the result of non-optimal XDC constraints or non-optimal design architecture
Related violations: <none>

TIMING-16#19 Warning
Large setup violation  
There is a large setup violation of -1.020 ns between GEN_OLANES[0].dot8_inst/valid_pipe_reg[4]/C (clocked by clk) and GEN_OLANES[1].accum_inst/accum_reg_reg[5]/CE (clocked by clk). Large setup violations at the end of those stages might be difficult to fix during the post-placement implementation flow and could be the result of non-optimal XDC constraints or non-optimal design architecture
Related violations: <none>

TIMING-16#20 Warning
Large setup violation  
There is a large setup violation of -1.020 ns between GEN_OLANES[0].dot8_inst/valid_pipe_reg[4]/C (clocked by clk) and GEN_OLANES[1].accum_inst/accum_reg_reg[6]/CE (clocked by clk). Large setup violations at the end of those stages might be difficult to fix during the post-placement implementation flow and could be the result of non-optimal XDC constraints or non-optimal design architecture
Related violations: <none>

TIMING-16#21 Warning
Large setup violation  
There is a large setup violation of -1.020 ns between GEN_OLANES[0].dot8_inst/valid_pipe_reg[4]/C (clocked by clk) and GEN_OLANES[1].accum_inst/accum_reg_reg[7]/CE (clocked by clk). Large setup violations at the end of those stages might be difficult to fix during the post-placement implementation flow and could be the result of non-optimal XDC constraints or non-optimal design architecture
Related violations: <none>

TIMING-16#22 Warning
Large setup violation  
There is a large setup violation of -1.023 ns between GEN_OLANES[2].matrix_mem/r_rdata_reg[63]/C (clocked by clk) and GEN_OLANES[2].dot8_inst/sum1_3_reg/DSP_A_B_DATA_INST/B[8] (clocked by clk). Large setup violations at the end of those stages might be difficult to fix during the post-placement implementation flow and could be the result of non-optimal XDC constraints or non-optimal design architecture
Related violations: <none>

TIMING-16#23 Warning
Large setup violation  
There is a large setup violation of -1.024 ns between ctrl_inst/state_reg/C (clocked by clk) and GEN_OLANES[2].matrix_mem/r_rdata_reg[47]/D (clocked by clk). Large setup violations at the end of those stages might be difficult to fix during the post-placement implementation flow and could be the result of non-optimal XDC constraints or non-optimal design architecture
Related violations: <none>

TIMING-16#24 Warning
Large setup violation  
There is a large setup violation of -1.025 ns between vector_mem/mem_array_reg/CLKARDCLK (clocked by clk) and GEN_OLANES[0].dot8_inst/sum2_1[17]_i_3_psdsp_1/D (clocked by clk). Large setup violations at the end of those stages might be difficult to fix during the post-placement implementation flow and could be the result of non-optimal XDC constraints or non-optimal design architecture
Related violations: <none>

TIMING-16#25 Warning
Large setup violation  
There is a large setup violation of -1.027 ns between vector_mem/mem_array_reg/CLKARDCLK (clocked by clk) and GEN_OLANES[0].matrix_mem/r_rdata_reg[39]_psdsp_5/D (clocked by clk). Large setup violations at the end of those stages might be difficult to fix during the post-placement implementation flow and could be the result of non-optimal XDC constraints or non-optimal design architecture
Related violations: <none>

TIMING-16#26 Warning
Large setup violation  
There is a large setup violation of -1.028 ns between GEN_OLANES[2].matrix_mem/r_rdata_reg[55]_psdsp/C (clocked by clk) and GEN_OLANES[2].dot8_inst/product6_reg/DSP_A_B_DATA_INST/A[13] (clocked by clk). Large setup violations at the end of those stages might be difficult to fix during the post-placement implementation flow and could be the result of non-optimal XDC constraints or non-optimal design architecture
Related violations: <none>

TIMING-16#27 Warning
Large setup violation  
There is a large setup violation of -1.032 ns between ctrl_inst/state_reg/C (clocked by clk) and GEN_OLANES[2].matrix_mem/r_rdata_reg[36]/D (clocked by clk). Large setup violations at the end of those stages might be difficult to fix during the post-placement implementation flow and could be the result of non-optimal XDC constraints or non-optimal design architecture
Related violations: <none>

TIMING-16#28 Warning
Large setup violation  
There is a large setup violation of -1.032 ns between vector_mem/mem_array_reg/CLKARDCLK (clocked by clk) and GEN_OLANES[1].matrix_mem/r_rdata_reg[7]_psdsp_1/D (clocked by clk). Large setup violations at the end of those stages might be difficult to fix during the post-placement implementation flow and could be the result of non-optimal XDC constraints or non-optimal design architecture
Related violations: <none>

TIMING-16#29 Warning
Large setup violation  
There is a large setup violation of -1.035 ns between GEN_OLANES[1].matrix_mem/r_rdata_reg[63]/C (clocked by clk) and GEN_OLANES[1].dot8_inst/sum1_3_reg/DSP_A_B_DATA_INST/B[16] (clocked by clk). Large setup violations at the end of those stages might be difficult to fix during the post-placement implementation flow and could be the result of non-optimal XDC constraints or non-optimal design architecture
Related violations: <none>

TIMING-16#30 Warning
Large setup violation  
There is a large setup violation of -1.035 ns between ctrl_inst/mat_addr_reg_reg[4]/C (clocked by clk) and GEN_OLANES[1].matrix_mem/r_rdata_reg[32]/D (clocked by clk). Large setup violations at the end of those stages might be difficult to fix during the post-placement implementation flow and could be the result of non-optimal XDC constraints or non-optimal design architecture
Related violations: <none>

TIMING-16#31 Warning
Large setup violation  
There is a large setup violation of -1.035 ns between ctrl_inst/state_reg/C (clocked by clk) and GEN_OLANES[2].matrix_mem/r_rdata_reg[38]/D (clocked by clk). Large setup violations at the end of those stages might be difficult to fix during the post-placement implementation flow and could be the result of non-optimal XDC constraints or non-optimal design architecture
Related violations: <none>

TIMING-16#32 Warning
Large setup violation  
There is a large setup violation of -1.035 ns between ctrl_inst/state_reg/C (clocked by clk) and GEN_OLANES[2].matrix_mem/r_rdata_reg[45]/D (clocked by clk). Large setup violations at the end of those stages might be difficult to fix during the post-placement implementation flow and could be the result of non-optimal XDC constraints or non-optimal design architecture
Related violations: <none>

TIMING-16#33 Warning
Large setup violation  
There is a large setup violation of -1.035 ns between vector_mem/mem_array_reg/CLKARDCLK (clocked by clk) and GEN_OLANES[0].dot8_inst/sum2_1[17]_i_2_psdsp_6/D (clocked by clk). Large setup violations at the end of those stages might be difficult to fix during the post-placement implementation flow and could be the result of non-optimal XDC constraints or non-optimal design architecture
Related violations: <none>

TIMING-16#34 Warning
Large setup violation  
There is a large setup violation of -1.036 ns between GEN_OLANES[0].dot8_inst/valid_pipe_reg[4]/C (clocked by clk) and GEN_OLANES[1].accum_inst/accum_reg_reg[16]/CE (clocked by clk). Large setup violations at the end of those stages might be difficult to fix during the post-placement implementation flow and could be the result of non-optimal XDC constraints or non-optimal design architecture
Related violations: <none>

TIMING-16#35 Warning
Large setup violation  
There is a large setup violation of -1.036 ns between GEN_OLANES[0].dot8_inst/valid_pipe_reg[4]/C (clocked by clk) and GEN_OLANES[1].accum_inst/accum_reg_reg[17]/CE (clocked by clk). Large setup violations at the end of those stages might be difficult to fix during the post-placement implementation flow and could be the result of non-optimal XDC constraints or non-optimal design architecture
Related violations: <none>

TIMING-16#36 Warning
Large setup violation  
There is a large setup violation of -1.036 ns between GEN_OLANES[0].dot8_inst/valid_pipe_reg[4]/C (clocked by clk) and GEN_OLANES[1].accum_inst/accum_reg_reg[18]/CE (clocked by clk). Large setup violations at the end of those stages might be difficult to fix during the post-placement implementation flow and could be the result of non-optimal XDC constraints or non-optimal design architecture
Related violations: <none>

TIMING-16#37 Warning
Large setup violation  
There is a large setup violation of -1.036 ns between GEN_OLANES[0].dot8_inst/valid_pipe_reg[4]/C (clocked by clk) and GEN_OLANES[1].accum_inst/accum_reg_reg[19]/CE (clocked by clk). Large setup violations at the end of those stages might be difficult to fix during the post-placement implementation flow and could be the result of non-optimal XDC constraints or non-optimal design architecture
Related violations: <none>

TIMING-16#38 Warning
Large setup violation  
There is a large setup violation of -1.037 ns between GEN_OLANES[2].matrix_mem/r_rdata_reg[63]/C (clocked by clk) and GEN_OLANES[2].dot8_inst/sum1_3_reg/DSP_A_B_DATA_INST/B[17] (clocked by clk). Large setup violations at the end of those stages might be difficult to fix during the post-placement implementation flow and could be the result of non-optimal XDC constraints or non-optimal design architecture
Related violations: <none>

TIMING-16#39 Warning
Large setup violation  
There is a large setup violation of -1.038 ns between vector_mem/mem_array_reg/CLKARDCLK (clocked by clk) and GEN_OLANES[0].dot8_inst/sum2_0[17]_i_2_psdsp_4/D (clocked by clk). Large setup violations at the end of those stages might be difficult to fix during the post-placement implementation flow and could be the result of non-optimal XDC constraints or non-optimal design architecture
Related violations: <none>

TIMING-16#40 Warning
Large setup violation  
There is a large setup violation of -1.038 ns between vector_mem/mem_array_reg/CLKARDCLK (clocked by clk) and GEN_OLANES[0].dot8_inst/sum2_1[17]_i_3_psdsp_4/D (clocked by clk). Large setup violations at the end of those stages might be difficult to fix during the post-placement implementation flow and could be the result of non-optimal XDC constraints or non-optimal design architecture
Related violations: <none>

TIMING-16#41 Warning
Large setup violation  
There is a large setup violation of -1.038 ns between vector_mem/mem_array_reg/CLKARDCLK (clocked by clk) and GEN_OLANES[0].matrix_mem/r_rdata_reg[55]_psdsp_3/D (clocked by clk). Large setup violations at the end of those stages might be difficult to fix during the post-placement implementation flow and could be the result of non-optimal XDC constraints or non-optimal design architecture
Related violations: <none>

TIMING-16#42 Warning
Large setup violation  
There is a large setup violation of -1.039 ns between vector_mem/mem_array_reg/CLKARDCLK (clocked by clk) and GEN_OLANES[2].matrix_mem/r_rdata_reg[7]_psdsp_1/D (clocked by clk). Large setup violations at the end of those stages might be difficult to fix during the post-placement implementation flow and could be the result of non-optimal XDC constraints or non-optimal design architecture
Related violations: <none>

TIMING-16#43 Warning
Large setup violation  
There is a large setup violation of -1.042 ns between GEN_OLANES[0].matrix_mem/r_rdata_reg[23]/C (clocked by clk) and GEN_OLANES[0].dot8_inst/product2_reg/DSP_A_B_DATA_INST/B[16] (clocked by clk). Large setup violations at the end of those stages might be difficult to fix during the post-placement implementation flow and could be the result of non-optimal XDC constraints or non-optimal design architecture
Related violations: <none>

TIMING-16#44 Warning
Large setup violation  
There is a large setup violation of -1.042 ns between vector_mem/mem_array_reg/CLKARDCLK (clocked by clk) and GEN_OLANES[2].matrix_mem/r_rdata_reg[23]_psdsp_1/D (clocked by clk). Large setup violations at the end of those stages might be difficult to fix during the post-placement implementation flow and could be the result of non-optimal XDC constraints or non-optimal design architecture
Related violations: <none>

TIMING-16#45 Warning
Large setup violation  
There is a large setup violation of -1.045 ns between vector_mem/mem_array_reg/CLKARDCLK (clocked by clk) and GEN_OLANES[1].dot8_inst/sum2_1[17]_i_3__0_psdsp/D (clocked by clk). Large setup violations at the end of those stages might be difficult to fix during the post-placement implementation flow and could be the result of non-optimal XDC constraints or non-optimal design architecture
Related violations: <none>

TIMING-16#46 Warning
Large setup violation  
There is a large setup violation of -1.045 ns between vector_mem/mem_array_reg/CLKARDCLK (clocked by clk) and GEN_OLANES[1].matrix_mem/r_rdata_reg[7]_psdsp_5/D (clocked by clk). Large setup violations at the end of those stages might be difficult to fix during the post-placement implementation flow and could be the result of non-optimal XDC constraints or non-optimal design architecture
Related violations: <none>

TIMING-16#47 Warning
Large setup violation  
There is a large setup violation of -1.046 ns between ctrl_inst/mat_addr_reg_reg[1]/C (clocked by clk) and GEN_OLANES[1].matrix_mem/r_rdata_reg[1]/D (clocked by clk). Large setup violations at the end of those stages might be difficult to fix during the post-placement implementation flow and could be the result of non-optimal XDC constraints or non-optimal design architecture
Related violations: <none>

TIMING-16#48 Warning
Large setup violation  
There is a large setup violation of -1.046 ns between vector_mem/mem_array_reg/CLKARDCLK (clocked by clk) and GEN_OLANES[1].dot8_inst/sum2_0[17]_i_2_psdsp_4/D (clocked by clk). Large setup violations at the end of those stages might be difficult to fix during the post-placement implementation flow and could be the result of non-optimal XDC constraints or non-optimal design architecture
Related violations: <none>

TIMING-16#49 Warning
Large setup violation  
There is a large setup violation of -1.047 ns between GEN_OLANES[0].matrix_mem/r_rdata_reg[23]/C (clocked by clk) and GEN_OLANES[0].dot8_inst/product2_reg/DSP_A_B_DATA_INST/B[14] (clocked by clk). Large setup violations at the end of those stages might be difficult to fix during the post-placement implementation flow and could be the result of non-optimal XDC constraints or non-optimal design architecture
Related violations: <none>

TIMING-16#50 Warning
Large setup violation  
There is a large setup violation of -1.048 ns between GEN_OLANES[2].matrix_mem/r_rdata_reg[7]/C (clocked by clk) and GEN_OLANES[2].dot8_inst/product0_reg/DSP_A_B_DATA_INST/B[15] (clocked by clk). Large setup violations at the end of those stages might be difficult to fix during the post-placement implementation flow and could be the result of non-optimal XDC constraints or non-optimal design architecture
Related violations: <none>

TIMING-16#51 Warning
Large setup violation  
There is a large setup violation of -1.050 ns between ctrl_inst/mat_addr_reg_reg[0]/C (clocked by clk) and GEN_OLANES[1].matrix_mem/r_rdata_reg[61]/D (clocked by clk). Large setup violations at the end of those stages might be difficult to fix during the post-placement implementation flow and could be the result of non-optimal XDC constraints or non-optimal design architecture
Related violations: <none>

TIMING-16#52 Warning
Large setup violation  
There is a large setup violation of -1.051 ns between vector_mem/mem_array_reg/CLKARDCLK (clocked by clk) and GEN_OLANES[0].matrix_mem/r_rdata_reg[39]_psdsp/D (clocked by clk). Large setup violations at the end of those stages might be difficult to fix during the post-placement implementation flow and could be the result of non-optimal XDC constraints or non-optimal design architecture
Related violations: <none>

TIMING-16#53 Warning
Large setup violation  
There is a large setup violation of -1.053 ns between GEN_OLANES[2].matrix_mem/r_rdata_reg[7]/C (clocked by clk) and GEN_OLANES[2].dot8_inst/product0_reg/DSP_A_B_DATA_INST/B[7] (clocked by clk). Large setup violations at the end of those stages might be difficult to fix during the post-placement implementation flow and could be the result of non-optimal XDC constraints or non-optimal design architecture
Related violations: <none>

TIMING-16#54 Warning
Large setup violation  
There is a large setup violation of -1.054 ns between GEN_OLANES[0].matrix_mem/r_rdata_reg[7]/C (clocked by clk) and GEN_OLANES[0].dot8_inst/product0_reg/DSP_A_B_DATA_INST/B[12] (clocked by clk). Large setup violations at the end of those stages might be difficult to fix during the post-placement implementation flow and could be the result of non-optimal XDC constraints or non-optimal design architecture
Related violations: <none>

TIMING-16#55 Warning
Large setup violation  
There is a large setup violation of -1.054 ns between GEN_OLANES[1].matrix_mem/r_rdata_reg[63]/C (clocked by clk) and GEN_OLANES[1].dot8_inst/sum1_3_reg/DSP_A_B_DATA_INST/B[7] (clocked by clk). Large setup violations at the end of those stages might be difficult to fix during the post-placement implementation flow and could be the result of non-optimal XDC constraints or non-optimal design architecture
Related violations: <none>

TIMING-16#56 Warning
Large setup violation  
There is a large setup violation of -1.054 ns between ctrl_inst/state_reg/C (clocked by clk) and GEN_OLANES[1].matrix_mem/r_rdata_reg[8]/D (clocked by clk). Large setup violations at the end of those stages might be difficult to fix during the post-placement implementation flow and could be the result of non-optimal XDC constraints or non-optimal design architecture
Related violations: <none>

TIMING-16#57 Warning
Large setup violation  
There is a large setup violation of -1.054 ns between vector_mem/mem_array_reg/CLKARDCLK (clocked by clk) and GEN_OLANES[0].dot8_inst/sum2_0[17]_i_3_psdsp_2/D (clocked by clk). Large setup violations at the end of those stages might be difficult to fix during the post-placement implementation flow and could be the result of non-optimal XDC constraints or non-optimal design architecture
Related violations: <none>

TIMING-16#58 Warning
Large setup violation  
There is a large setup violation of -1.055 ns between GEN_OLANES[0].dot8_inst/valid_pipe_reg[4]/C (clocked by clk) and GEN_OLANES[1].accum_inst/accum_reg_reg[0]/CE (clocked by clk). Large setup violations at the end of those stages might be difficult to fix during the post-placement implementation flow and could be the result of non-optimal XDC constraints or non-optimal design architecture
Related violations: <none>

TIMING-16#59 Warning
Large setup violation  
There is a large setup violation of -1.055 ns between GEN_OLANES[0].dot8_inst/valid_pipe_reg[4]/C (clocked by clk) and GEN_OLANES[1].accum_inst/accum_reg_reg[1]/CE (clocked by clk). Large setup violations at the end of those stages might be difficult to fix during the post-placement implementation flow and could be the result of non-optimal XDC constraints or non-optimal design architecture
Related violations: <none>

TIMING-16#60 Warning
Large setup violation  
There is a large setup violation of -1.055 ns between GEN_OLANES[0].dot8_inst/valid_pipe_reg[4]/C (clocked by clk) and GEN_OLANES[1].accum_inst/accum_reg_reg[2]/CE (clocked by clk). Large setup violations at the end of those stages might be difficult to fix during the post-placement implementation flow and could be the result of non-optimal XDC constraints or non-optimal design architecture
Related violations: <none>

TIMING-16#61 Warning
Large setup violation  
There is a large setup violation of -1.055 ns between GEN_OLANES[0].dot8_inst/valid_pipe_reg[4]/C (clocked by clk) and GEN_OLANES[1].accum_inst/accum_reg_reg[3]/CE (clocked by clk). Large setup violations at the end of those stages might be difficult to fix during the post-placement implementation flow and could be the result of non-optimal XDC constraints or non-optimal design architecture
Related violations: <none>

TIMING-16#62 Warning
Large setup violation  
There is a large setup violation of -1.056 ns between ctrl_inst/mat_addr_reg_reg[2]/C (clocked by clk) and GEN_OLANES[1].matrix_mem/r_rdata_reg[60]/D (clocked by clk). Large setup violations at the end of those stages might be difficult to fix during the post-placement implementation flow and could be the result of non-optimal XDC constraints or non-optimal design architecture
Related violations: <none>

TIMING-16#63 Warning
Large setup violation  
There is a large setup violation of -1.057 ns between accum_first_delay_reg[6]_rep/C (clocked by clk) and GEN_OLANES[3].accum_inst/accum_reg_reg[22]/D (clocked by clk). Large setup violations at the end of those stages might be difficult to fix during the post-placement implementation flow and could be the result of non-optimal XDC constraints or non-optimal design architecture
Related violations: <none>

TIMING-16#64 Warning
Large setup violation  
There is a large setup violation of -1.057 ns between ctrl_inst/mat_addr_reg_reg[4]/C (clocked by clk) and GEN_OLANES[1].matrix_mem/r_rdata_reg[33]/D (clocked by clk). Large setup violations at the end of those stages might be difficult to fix during the post-placement implementation flow and could be the result of non-optimal XDC constraints or non-optimal design architecture
Related violations: <none>

TIMING-16#65 Warning
Large setup violation  
There is a large setup violation of -1.060 ns between accum_first_delay_reg[6]_rep/C (clocked by clk) and GEN_OLANES[3].accum_inst/accum_reg_reg[21]/D (clocked by clk). Large setup violations at the end of those stages might be difficult to fix during the post-placement implementation flow and could be the result of non-optimal XDC constraints or non-optimal design architecture
Related violations: <none>

TIMING-16#66 Warning
Large setup violation  
There is a large setup violation of -1.060 ns between ctrl_inst/mat_addr_reg_reg[2]/C (clocked by clk) and GEN_OLANES[1].matrix_mem/r_rdata_reg[57]/D (clocked by clk). Large setup violations at the end of those stages might be difficult to fix during the post-placement implementation flow and could be the result of non-optimal XDC constraints or non-optimal design architecture
Related violations: <none>

TIMING-16#67 Warning
Large setup violation  
There is a large setup violation of -1.062 ns between ctrl_inst/state_reg/C (clocked by clk) and GEN_OLANES[1].matrix_mem/r_rdata_reg[7]/D (clocked by clk). Large setup violations at the end of those stages might be difficult to fix during the post-placement implementation flow and could be the result of non-optimal XDC constraints or non-optimal design architecture
Related violations: <none>

TIMING-16#68 Warning
Large setup violation  
There is a large setup violation of -1.062 ns between ctrl_inst/state_reg/C (clocked by clk) and GEN_OLANES[2].matrix_mem/r_rdata_reg[35]/D (clocked by clk). Large setup violations at the end of those stages might be difficult to fix during the post-placement implementation flow and could be the result of non-optimal XDC constraints or non-optimal design architecture
Related violations: <none>

TIMING-16#69 Warning
Large setup violation  
There is a large setup violation of -1.062 ns between vector_mem/mem_array_reg/CLKARDCLK (clocked by clk) and GEN_OLANES[0].dot8_inst/sum2_1[17]_i_3_psdsp_6/D (clocked by clk). Large setup violations at the end of those stages might be difficult to fix during the post-placement implementation flow and could be the result of non-optimal XDC constraints or non-optimal design architecture
Related violations: <none>

TIMING-16#70 Warning
Large setup violation  
There is a large setup violation of -1.064 ns between ctrl_inst/state_reg/C (clocked by clk) and GEN_OLANES[2].matrix_mem/r_rdata_reg[15]/D (clocked by clk). Large setup violations at the end of those stages might be difficult to fix during the post-placement implementation flow and could be the result of non-optimal XDC constraints or non-optimal design architecture
Related violations: <none>

TIMING-16#71 Warning
Large setup violation  
There is a large setup violation of -1.064 ns between vector_mem/mem_array_reg/CLKARDCLK (clocked by clk) and GEN_OLANES[0].dot8_inst/sum2_1[17]_i_2_psdsp_3/D (clocked by clk). Large setup violations at the end of those stages might be difficult to fix during the post-placement implementation flow and could be the result of non-optimal XDC constraints or non-optimal design architecture
Related violations: <none>

TIMING-16#72 Warning
Large setup violation  
There is a large setup violation of -1.064 ns between vector_mem/mem_array_reg/CLKARDCLK (clocked by clk) and GEN_OLANES[0].matrix_mem/r_rdata_reg[23]_psdsp_3/D (clocked by clk). Large setup violations at the end of those stages might be difficult to fix during the post-placement implementation flow and could be the result of non-optimal XDC constraints or non-optimal design architecture
Related violations: <none>

TIMING-16#73 Warning
Large setup violation  
There is a large setup violation of -1.067 ns between GEN_OLANES[0].dot8_inst/valid_pipe_reg[4]/C (clocked by clk) and GEN_OLANES[2].accum_inst/accum_reg_reg[16]/CE (clocked by clk). Large setup violations at the end of those stages might be difficult to fix during the post-placement implementation flow and could be the result of non-optimal XDC constraints or non-optimal design architecture
Related violations: <none>

TIMING-16#74 Warning
Large setup violation  
There is a large setup violation of -1.067 ns between GEN_OLANES[0].dot8_inst/valid_pipe_reg[4]/C (clocked by clk) and GEN_OLANES[2].accum_inst/accum_reg_reg[17]/CE (clocked by clk). Large setup violations at the end of those stages might be difficult to fix during the post-placement implementation flow and could be the result of non-optimal XDC constraints or non-optimal design architecture
Related violations: <none>

TIMING-16#75 Warning
Large setup violation  
There is a large setup violation of -1.067 ns between GEN_OLANES[0].dot8_inst/valid_pipe_reg[4]/C (clocked by clk) and GEN_OLANES[2].accum_inst/accum_reg_reg[18]/CE (clocked by clk). Large setup violations at the end of those stages might be difficult to fix during the post-placement implementation flow and could be the result of non-optimal XDC constraints or non-optimal design architecture
Related violations: <none>

TIMING-16#76 Warning
Large setup violation  
There is a large setup violation of -1.067 ns between GEN_OLANES[0].dot8_inst/valid_pipe_reg[4]/C (clocked by clk) and GEN_OLANES[2].accum_inst/accum_reg_reg[19]/CE (clocked by clk). Large setup violations at the end of those stages might be difficult to fix during the post-placement implementation flow and could be the result of non-optimal XDC constraints or non-optimal design architecture
Related violations: <none>

TIMING-16#77 Warning
Large setup violation  
There is a large setup violation of -1.069 ns between vector_mem/mem_array_reg/CLKARDCLK (clocked by clk) and GEN_OLANES[0].dot8_inst/sum2_0[17]_i_2_psdsp_1/D (clocked by clk). Large setup violations at the end of those stages might be difficult to fix during the post-placement implementation flow and could be the result of non-optimal XDC constraints or non-optimal design architecture
Related violations: <none>

TIMING-16#78 Warning
Large setup violation  
There is a large setup violation of -1.070 ns between vector_mem/mem_array_reg/CLKARDCLK (clocked by clk) and GEN_OLANES[2].matrix_mem/r_rdata_reg[39]_psdsp_2/D (clocked by clk). Large setup violations at the end of those stages might be difficult to fix during the post-placement implementation flow and could be the result of non-optimal XDC constraints or non-optimal design architecture
Related violations: <none>

TIMING-16#79 Warning
Large setup violation  
There is a large setup violation of -1.071 ns between accum_first_delay_reg[6]_rep/C (clocked by clk) and GEN_OLANES[3].accum_inst/accum_reg_reg[23]/D (clocked by clk). Large setup violations at the end of those stages might be difficult to fix during the post-placement implementation flow and could be the result of non-optimal XDC constraints or non-optimal design architecture
Related violations: <none>

TIMING-16#80 Warning
Large setup violation  
There is a large setup violation of -1.071 ns between accum_first_delay_reg[6]_rep/C (clocked by clk) and GEN_OLANES[3].accum_inst/accum_reg_reg[24]/D (clocked by clk). Large setup violations at the end of those stages might be difficult to fix during the post-placement implementation flow and could be the result of non-optimal XDC constraints or non-optimal design architecture
Related violations: <none>

TIMING-16#81 Warning
Large setup violation  
There is a large setup violation of -1.072 ns between GEN_OLANES[1].matrix_mem/r_rdata_reg[63]/C (clocked by clk) and GEN_OLANES[1].dot8_inst/sum1_3_reg/DSP_A_B_DATA_INST/B[14] (clocked by clk). Large setup violations at the end of those stages might be difficult to fix during the post-placement implementation flow and could be the result of non-optimal XDC constraints or non-optimal design architecture
Related violations: <none>

TIMING-16#82 Warning
Large setup violation  
There is a large setup violation of -1.072 ns between ctrl_inst/state_reg/C (clocked by clk) and GEN_OLANES[2].matrix_mem/r_rdata_reg[39]/D (clocked by clk). Large setup violations at the end of those stages might be difficult to fix during the post-placement implementation flow and could be the result of non-optimal XDC constraints or non-optimal design architecture
Related violations: <none>

TIMING-16#83 Warning
Large setup violation  
There is a large setup violation of -1.072 ns between vector_mem/mem_array_reg/CLKARDCLK (clocked by clk) and GEN_OLANES[0].matrix_mem/r_rdata_reg[55]_psdsp_4/D (clocked by clk). Large setup violations at the end of those stages might be difficult to fix during the post-placement implementation flow and could be the result of non-optimal XDC constraints or non-optimal design architecture
Related violations: <none>

TIMING-16#84 Warning
Large setup violation  
There is a large setup violation of -1.076 ns between GEN_OLANES[0].matrix_mem/r_rdata_reg[16]/C (clocked by clk) and GEN_OLANES[0].dot8_inst/product2_reg/DSP_A_B_DATA_INST/B[0] (clocked by clk). Large setup violations at the end of those stages might be difficult to fix during the post-placement implementation flow and could be the result of non-optimal XDC constraints or non-optimal design architecture
Related violations: <none>

TIMING-16#85 Warning
Large setup violation  
There is a large setup violation of -1.079 ns between ctrl_inst/state_reg/C (clocked by clk) and GEN_OLANES[2].matrix_mem/r_rdata_reg[40]/D (clocked by clk). Large setup violations at the end of those stages might be difficult to fix during the post-placement implementation flow and could be the result of non-optimal XDC constraints or non-optimal design architecture
Related violations: <none>

TIMING-16#86 Warning
Large setup violation  
There is a large setup violation of -1.080 ns between vector_mem/mem_array_reg/CLKARDCLK (clocked by clk) and GEN_OLANES[0].matrix_mem/r_rdata_reg[23]_psdsp_1/D (clocked by clk). Large setup violations at the end of those stages might be difficult to fix during the post-placement implementation flow and could be the result of non-optimal XDC constraints or non-optimal design architecture
Related violations: <none>

TIMING-16#87 Warning
Large setup violation  
There is a large setup violation of -1.081 ns between ctrl_inst/mat_addr_reg_reg[2]/C (clocked by clk) and GEN_OLANES[2].matrix_mem/r_rdata_reg[5]/D (clocked by clk). Large setup violations at the end of those stages might be difficult to fix during the post-placement implementation flow and could be the result of non-optimal XDC constraints or non-optimal design architecture
Related violations: <none>

TIMING-16#88 Warning
Large setup violation  
There is a large setup violation of -1.081 ns between vector_mem/mem_array_reg/CLKARDCLK (clocked by clk) and GEN_OLANES[2].matrix_mem/r_rdata_reg[7]_psdsp_5/D (clocked by clk). Large setup violations at the end of those stages might be difficult to fix during the post-placement implementation flow and could be the result of non-optimal XDC constraints or non-optimal design architecture
Related violations: <none>

TIMING-16#89 Warning
Large setup violation  
There is a large setup violation of -1.082 ns between vector_mem/mem_array_reg/CLKARDCLK (clocked by clk) and GEN_OLANES[0].dot8_inst/sum2_1[17]_i_2_psdsp_1/D (clocked by clk). Large setup violations at the end of those stages might be difficult to fix during the post-placement implementation flow and could be the result of non-optimal XDC constraints or non-optimal design architecture
Related violations: <none>

TIMING-16#90 Warning
Large setup violation  
There is a large setup violation of -1.082 ns between vector_mem/mem_array_reg/CLKARDCLK (clocked by clk) and GEN_OLANES[1].matrix_mem/r_rdata_reg[39]_psdsp_1/D (clocked by clk). Large setup violations at the end of those stages might be difficult to fix during the post-placement implementation flow and could be the result of non-optimal XDC constraints or non-optimal design architecture
Related violations: <none>

TIMING-16#91 Warning
Large setup violation  
There is a large setup violation of -1.083 ns between ctrl_inst/mat_addr_reg_reg[3]/C (clocked by clk) and GEN_OLANES[2].matrix_mem/r_rdata_reg[50]/D (clocked by clk). Large setup violations at the end of those stages might be difficult to fix during the post-placement implementation flow and could be the result of non-optimal XDC constraints or non-optimal design architecture
Related violations: <none>

TIMING-16#92 Warning
Large setup violation  
There is a large setup violation of -1.083 ns between ctrl_inst/state_reg/C (clocked by clk) and GEN_OLANES[2].matrix_mem/r_rdata_reg[60]/D (clocked by clk). Large setup violations at the end of those stages might be difficult to fix during the post-placement implementation flow and could be the result of non-optimal XDC constraints or non-optimal design architecture
Related violations: <none>

TIMING-16#93 Warning
Large setup violation  
There is a large setup violation of -1.084 ns between ctrl_inst/state_reg/C (clocked by clk) and GEN_OLANES[1].matrix_mem/r_rdata_reg[54]/D (clocked by clk). Large setup violations at the end of those stages might be difficult to fix during the post-placement implementation flow and could be the result of non-optimal XDC constraints or non-optimal design architecture
Related violations: <none>

TIMING-16#94 Warning
Large setup violation  
There is a large setup violation of -1.084 ns between ctrl_inst/state_reg/C (clocked by clk) and GEN_OLANES[2].matrix_mem/r_rdata_reg[41]/D (clocked by clk). Large setup violations at the end of those stages might be difficult to fix during the post-placement implementation flow and could be the result of non-optimal XDC constraints or non-optimal design architecture
Related violations: <none>

TIMING-16#95 Warning
Large setup violation  
There is a large setup violation of -1.085 ns between GEN_OLANES[1].matrix_mem/r_rdata_reg[63]/C (clocked by clk) and GEN_OLANES[1].dot8_inst/sum1_3_reg/DSP_A_B_DATA_INST/B[15] (clocked by clk). Large setup violations at the end of those stages might be difficult to fix during the post-placement implementation flow and could be the result of non-optimal XDC constraints or non-optimal design architecture
Related violations: <none>

TIMING-16#96 Warning
Large setup violation  
There is a large setup violation of -1.085 ns between ctrl_inst/mat_addr_reg_reg[0]/C (clocked by clk) and GEN_OLANES[1].matrix_mem/r_rdata_reg[30]/D (clocked by clk). Large setup violations at the end of those stages might be difficult to fix during the post-placement implementation flow and could be the result of non-optimal XDC constraints or non-optimal design architecture
Related violations: <none>

TIMING-16#97 Warning
Large setup violation  
There is a large setup violation of -1.085 ns between vector_mem/mem_array_reg/CLKARDCLK (clocked by clk) and GEN_OLANES[0].matrix_mem/r_rdata_reg[39]_psdsp_1/D (clocked by clk). Large setup violations at the end of those stages might be difficult to fix during the post-placement implementation flow and could be the result of non-optimal XDC constraints or non-optimal design architecture
Related violations: <none>

TIMING-16#98 Warning
Large setup violation  
There is a large setup violation of -1.088 ns between accum_first_delay_reg[6]_rep/C (clocked by clk) and GEN_OLANES[3].accum_inst/accum_reg_reg[26]/D (clocked by clk). Large setup violations at the end of those stages might be difficult to fix during the post-placement implementation flow and could be the result of non-optimal XDC constraints or non-optimal design architecture
Related violations: <none>

TIMING-16#99 Warning
Large setup violation  
There is a large setup violation of -1.088 ns between ctrl_inst/mat_addr_reg_reg[0]/C (clocked by clk) and GEN_OLANES[1].matrix_mem/r_rdata_reg[34]/D (clocked by clk). Large setup violations at the end of those stages might be difficult to fix during the post-placement implementation flow and could be the result of non-optimal XDC constraints or non-optimal design architecture
Related violations: <none>

TIMING-16#100 Warning
Large setup violation  
There is a large setup violation of -1.089 ns between ctrl_inst/state_reg/C (clocked by clk) and GEN_OLANES[1].matrix_mem/r_rdata_reg[18]/D (clocked by clk). Large setup violations at the end of those stages might be difficult to fix during the post-placement implementation flow and could be the result of non-optimal XDC constraints or non-optimal design architecture
Related violations: <none>

TIMING-16#101 Warning
Large setup violation  
There is a large setup violation of -1.091 ns between GEN_OLANES[1].matrix_mem/r_rdata_reg[63]/C (clocked by clk) and GEN_OLANES[1].dot8_inst/sum1_3_reg/DSP_A_B_DATA_INST/B[8] (clocked by clk). Large setup violations at the end of those stages might be difficult to fix during the post-placement implementation flow and could be the result of non-optimal XDC constraints or non-optimal design architecture
Related violations: <none>

TIMING-16#102 Warning
Large setup violation  
There is a large setup violation of -1.094 ns between ctrl_inst/mat_addr_reg_reg[1]/C (clocked by clk) and GEN_OLANES[2].matrix_mem/r_rdata_reg[62]/D (clocked by clk). Large setup violations at the end of those stages might be difficult to fix during the post-placement implementation flow and could be the result of non-optimal XDC constraints or non-optimal design architecture
Related violations: <none>

TIMING-16#103 Warning
Large setup violation  
There is a large setup violation of -1.099 ns between ctrl_inst/mat_addr_reg_reg[0]/C (clocked by clk) and GEN_OLANES[1].matrix_mem/r_rdata_reg[62]/D (clocked by clk). Large setup violations at the end of those stages might be difficult to fix during the post-placement implementation flow and could be the result of non-optimal XDC constraints or non-optimal design architecture
Related violations: <none>

TIMING-16#104 Warning
Large setup violation  
There is a large setup violation of -1.099 ns between vector_mem/mem_array_reg/CLKARDCLK (clocked by clk) and GEN_OLANES[2].dot8_inst/sum2_0[17]_i_2_psdsp_3/D (clocked by clk). Large setup violations at the end of those stages might be difficult to fix during the post-placement implementation flow and could be the result of non-optimal XDC constraints or non-optimal design architecture
Related violations: <none>

TIMING-16#105 Warning
Large setup violation  
There is a large setup violation of -1.100 ns between accum_first_delay_reg[6]_rep/C (clocked by clk) and GEN_OLANES[3].accum_inst/accum_reg_reg[25]/D (clocked by clk). Large setup violations at the end of those stages might be difficult to fix during the post-placement implementation flow and could be the result of non-optimal XDC constraints or non-optimal design architecture
Related violations: <none>

TIMING-16#106 Warning
Large setup violation  
There is a large setup violation of -1.100 ns between ctrl_inst/state_reg/C (clocked by clk) and GEN_OLANES[1].matrix_mem/r_rdata_reg[10]/D (clocked by clk). Large setup violations at the end of those stages might be difficult to fix during the post-placement implementation flow and could be the result of non-optimal XDC constraints or non-optimal design architecture
Related violations: <none>

TIMING-16#107 Warning
Large setup violation  
There is a large setup violation of -1.100 ns between vector_mem/mem_array_reg/CLKARDCLK (clocked by clk) and GEN_OLANES[2].dot8_inst/sum2_1[17]_i_2_psdsp_1/D (clocked by clk). Large setup violations at the end of those stages might be difficult to fix during the post-placement implementation flow and could be the result of non-optimal XDC constraints or non-optimal design architecture
Related violations: <none>

TIMING-16#108 Warning
Large setup violation  
There is a large setup violation of -1.101 ns between GEN_OLANES[2].matrix_mem/r_rdata_reg[55]_psdsp/C (clocked by clk) and GEN_OLANES[2].dot8_inst/product6_reg/DSP_A_B_DATA_INST/A[29] (clocked by clk). Large setup violations at the end of those stages might be difficult to fix during the post-placement implementation flow and could be the result of non-optimal XDC constraints or non-optimal design architecture
Related violations: <none>

TIMING-16#109 Warning
Large setup violation  
There is a large setup violation of -1.101 ns between ctrl_inst/mat_addr_reg_reg[1]/C (clocked by clk) and GEN_OLANES[2].matrix_mem/r_rdata_reg[56]/D (clocked by clk). Large setup violations at the end of those stages might be difficult to fix during the post-placement implementation flow and could be the result of non-optimal XDC constraints or non-optimal design architecture
Related violations: <none>

TIMING-16#110 Warning
Large setup violation  
There is a large setup violation of -1.101 ns between vector_mem/mem_array_reg/CLKARDCLK (clocked by clk) and GEN_OLANES[1].dot8_inst/sum2_1[17]_i_3__0_psdsp_2/D (clocked by clk). Large setup violations at the end of those stages might be difficult to fix during the post-placement implementation flow and could be the result of non-optimal XDC constraints or non-optimal design architecture
Related violations: <none>

TIMING-16#111 Warning
Large setup violation  
There is a large setup violation of -1.102 ns between vector_mem/mem_array_reg/CLKARDCLK (clocked by clk) and GEN_OLANES[2].dot8_inst/sum2_0[17]_i_2_psdsp/D (clocked by clk). Large setup violations at the end of those stages might be difficult to fix during the post-placement implementation flow and could be the result of non-optimal XDC constraints or non-optimal design architecture
Related violations: <none>

TIMING-16#112 Warning
Large setup violation  
There is a large setup violation of -1.103 ns between ctrl_inst/mat_addr_reg_reg[2]/C (clocked by clk) and GEN_OLANES[0].matrix_mem/r_rdata_reg[28]/D (clocked by clk). Large setup violations at the end of those stages might be difficult to fix during the post-placement implementation flow and could be the result of non-optimal XDC constraints or non-optimal design architecture
Related violations: <none>

TIMING-16#113 Warning
Large setup violation  
There is a large setup violation of -1.103 ns between vector_mem/mem_array_reg/CLKARDCLK (clocked by clk) and GEN_OLANES[2].dot8_inst/sum2_1[17]_i_2_psdsp_3/D (clocked by clk). Large setup violations at the end of those stages might be difficult to fix during the post-placement implementation flow and could be the result of non-optimal XDC constraints or non-optimal design architecture
Related violations: <none>

TIMING-16#114 Warning
Large setup violation  
There is a large setup violation of -1.107 ns between ctrl_inst/mat_addr_reg_reg[3]/C (clocked by clk) and GEN_OLANES[1].matrix_mem/r_rdata_reg[6]/D (clocked by clk). Large setup violations at the end of those stages might be difficult to fix during the post-placement implementation flow and could be the result of non-optimal XDC constraints or non-optimal design architecture
Related violations: <none>

TIMING-16#115 Warning
Large setup violation  
There is a large setup violation of -1.108 ns between ctrl_inst/state_reg/C (clocked by clk) and GEN_OLANES[2].matrix_mem/r_rdata_reg[22]/D (clocked by clk). Large setup violations at the end of those stages might be difficult to fix during the post-placement implementation flow and could be the result of non-optimal XDC constraints or non-optimal design architecture
Related violations: <none>

TIMING-16#116 Warning
Large setup violation  
There is a large setup violation of -1.108 ns between vector_mem/mem_array_reg/CLKARDCLK (clocked by clk) and GEN_OLANES[0].matrix_mem/r_rdata_reg[23]_psdsp_4/D (clocked by clk). Large setup violations at the end of those stages might be difficult to fix during the post-placement implementation flow and could be the result of non-optimal XDC constraints or non-optimal design architecture
Related violations: <none>

TIMING-16#117 Warning
Large setup violation  
There is a large setup violation of -1.109 ns between accum_first_delay_reg[6]_rep/C (clocked by clk) and GEN_OLANES[3].accum_inst/accum_reg_reg[27]/D (clocked by clk). Large setup violations at the end of those stages might be difficult to fix during the post-placement implementation flow and could be the result of non-optimal XDC constraints or non-optimal design architecture
Related violations: <none>

TIMING-16#118 Warning
Large setup violation  
There is a large setup violation of -1.109 ns between vector_mem/mem_array_reg/CLKARDCLK (clocked by clk) and GEN_OLANES[0].dot8_inst/sum2_0[17]_i_2_psdsp_2/D (clocked by clk). Large setup violations at the end of those stages might be difficult to fix during the post-placement implementation flow and could be the result of non-optimal XDC constraints or non-optimal design architecture
Related violations: <none>

TIMING-16#119 Warning
Large setup violation  
There is a large setup violation of -1.109 ns between vector_mem/mem_array_reg/CLKARDCLK (clocked by clk) and GEN_OLANES[0].dot8_inst/sum2_1[17]_i_3_psdsp_7/D (clocked by clk). Large setup violations at the end of those stages might be difficult to fix during the post-placement implementation flow and could be the result of non-optimal XDC constraints or non-optimal design architecture
Related violations: <none>

TIMING-16#120 Warning
Large setup violation  
There is a large setup violation of -1.110 ns between vector_mem/mem_array_reg/CLKARDCLK (clocked by clk) and GEN_OLANES[2].dot8_inst/sum2_1[17]_i_2_psdsp_7/D (clocked by clk). Large setup violations at the end of those stages might be difficult to fix during the post-placement implementation flow and could be the result of non-optimal XDC constraints or non-optimal design architecture
Related violations: <none>

TIMING-16#121 Warning
Large setup violation  
There is a large setup violation of -1.111 ns between ctrl_inst/mat_addr_reg_reg[4]/C (clocked by clk) and GEN_OLANES[2].matrix_mem/r_rdata_reg[44]/D (clocked by clk). Large setup violations at the end of those stages might be difficult to fix during the post-placement implementation flow and could be the result of non-optimal XDC constraints or non-optimal design architecture
Related violations: <none>

TIMING-16#122 Warning
Large setup violation  
There is a large setup violation of -1.111 ns between vector_mem/mem_array_reg/CLKARDCLK (clocked by clk) and GEN_OLANES[2].dot8_inst/sum2_1[17]_i_2_psdsp/D (clocked by clk). Large setup violations at the end of those stages might be difficult to fix during the post-placement implementation flow and could be the result of non-optimal XDC constraints or non-optimal design architecture
Related violations: <none>

TIMING-16#123 Warning
Large setup violation  
There is a large setup violation of -1.112 ns between accum_first_delay_reg[6]_rep/C (clocked by clk) and GEN_OLANES[3].accum_inst/accum_reg_reg[28]/D (clocked by clk). Large setup violations at the end of those stages might be difficult to fix during the post-placement implementation flow and could be the result of non-optimal XDC constraints or non-optimal design architecture
Related violations: <none>

TIMING-16#124 Warning
Large setup violation  
There is a large setup violation of -1.112 ns between ctrl_inst/mat_addr_reg_reg[3]/C (clocked by clk) and GEN_OLANES[1].matrix_mem/r_rdata_reg[52]/D (clocked by clk). Large setup violations at the end of those stages might be difficult to fix during the post-placement implementation flow and could be the result of non-optimal XDC constraints or non-optimal design architecture
Related violations: <none>

TIMING-16#125 Warning
Large setup violation  
There is a large setup violation of -1.113 ns between ctrl_inst/state_reg/C (clocked by clk) and GEN_OLANES[2].matrix_mem/r_rdata_reg[34]/D (clocked by clk). Large setup violations at the end of those stages might be difficult to fix during the post-placement implementation flow and could be the result of non-optimal XDC constraints or non-optimal design architecture
Related violations: <none>

TIMING-16#126 Warning
Large setup violation  
There is a large setup violation of -1.117 ns between GEN_OLANES[0].dot8_inst/valid_pipe_reg[4]/C (clocked by clk) and GEN_OLANES[3].accum_inst/accum_reg_reg[4]/CE (clocked by clk). Large setup violations at the end of those stages might be difficult to fix during the post-placement implementation flow and could be the result of non-optimal XDC constraints or non-optimal design architecture
Related violations: <none>

TIMING-16#127 Warning
Large setup violation  
There is a large setup violation of -1.117 ns between GEN_OLANES[0].dot8_inst/valid_pipe_reg[4]/C (clocked by clk) and GEN_OLANES[3].accum_inst/accum_reg_reg[5]/CE (clocked by clk). Large setup violations at the end of those stages might be difficult to fix during the post-placement implementation flow and could be the result of non-optimal XDC constraints or non-optimal design architecture
Related violations: <none>

TIMING-16#128 Warning
Large setup violation  
There is a large setup violation of -1.117 ns between GEN_OLANES[0].dot8_inst/valid_pipe_reg[4]/C (clocked by clk) and GEN_OLANES[3].accum_inst/accum_reg_reg[6]/CE (clocked by clk). Large setup violations at the end of those stages might be difficult to fix during the post-placement implementation flow and could be the result of non-optimal XDC constraints or non-optimal design architecture
Related violations: <none>

TIMING-16#129 Warning
Large setup violation  
There is a large setup violation of -1.117 ns between GEN_OLANES[0].dot8_inst/valid_pipe_reg[4]/C (clocked by clk) and GEN_OLANES[3].accum_inst/accum_reg_reg[7]/CE (clocked by clk). Large setup violations at the end of those stages might be difficult to fix during the post-placement implementation flow and could be the result of non-optimal XDC constraints or non-optimal design architecture
Related violations: <none>

TIMING-16#130 Warning
Large setup violation  
There is a large setup violation of -1.117 ns between GEN_OLANES[2].matrix_mem/r_rdata_reg[7]/C (clocked by clk) and GEN_OLANES[2].dot8_inst/product0_reg/DSP_A_B_DATA_INST/B[14] (clocked by clk). Large setup violations at the end of those stages might be difficult to fix during the post-placement implementation flow and could be the result of non-optimal XDC constraints or non-optimal design architecture
Related violations: <none>

TIMING-16#131 Warning
Large setup violation  
There is a large setup violation of -1.118 ns between ctrl_inst/mat_addr_reg_reg[0]/C (clocked by clk) and GEN_OLANES[1].matrix_mem/r_rdata_reg[56]/D (clocked by clk). Large setup violations at the end of those stages might be difficult to fix during the post-placement implementation flow and could be the result of non-optimal XDC constraints or non-optimal design architecture
Related violations: <none>

TIMING-16#132 Warning
Large setup violation  
There is a large setup violation of -1.118 ns between ctrl_inst/mat_addr_reg_reg[3]/C (clocked by clk) and GEN_OLANES[1].matrix_mem/r_rdata_reg[0]/D (clocked by clk). Large setup violations at the end of those stages might be difficult to fix during the post-placement implementation flow and could be the result of non-optimal XDC constraints or non-optimal design architecture
Related violations: <none>

TIMING-16#133 Warning
Large setup violation  
There is a large setup violation of -1.119 ns between ctrl_inst/state_reg/C (clocked by clk) and GEN_OLANES[0].matrix_mem/r_rdata_reg[32]/D (clocked by clk). Large setup violations at the end of those stages might be difficult to fix during the post-placement implementation flow and could be the result of non-optimal XDC constraints or non-optimal design architecture
Related violations: <none>

TIMING-16#134 Warning
Large setup violation  
There is a large setup violation of -1.119 ns between vector_mem/mem_array_reg/CLKARDCLK (clocked by clk) and GEN_OLANES[0].dot8_inst/sum2_1[17]_i_3_psdsp/D (clocked by clk). Large setup violations at the end of those stages might be difficult to fix during the post-placement implementation flow and could be the result of non-optimal XDC constraints or non-optimal design architecture
Related violations: <none>

TIMING-16#135 Warning
Large setup violation  
There is a large setup violation of -1.120 ns between vector_mem/mem_array_reg/CLKARDCLK (clocked by clk) and GEN_OLANES[1].matrix_mem/r_rdata_reg[7]_psdsp_7/D (clocked by clk). Large setup violations at the end of those stages might be difficult to fix during the post-placement implementation flow and could be the result of non-optimal XDC constraints or non-optimal design architecture
Related violations: <none>

TIMING-16#136 Warning
Large setup violation  
There is a large setup violation of -1.125 ns between ctrl_inst/mat_addr_reg_reg[2]/C (clocked by clk) and GEN_OLANES[1].matrix_mem/r_rdata_reg[55]/D (clocked by clk). Large setup violations at the end of those stages might be difficult to fix during the post-placement implementation flow and could be the result of non-optimal XDC constraints or non-optimal design architecture
Related violations: <none>

TIMING-16#137 Warning
Large setup violation  
There is a large setup violation of -1.127 ns between ctrl_inst/state_reg/C (clocked by clk) and GEN_OLANES[2].matrix_mem/r_rdata_reg[61]/D (clocked by clk). Large setup violations at the end of those stages might be difficult to fix during the post-placement implementation flow and could be the result of non-optimal XDC constraints or non-optimal design architecture
Related violations: <none>

TIMING-16#138 Warning
Large setup violation  
There is a large setup violation of -1.127 ns between vector_mem/mem_array_reg/CLKARDCLK (clocked by clk) and GEN_OLANES[0].matrix_mem/r_rdata_reg[23]_psdsp_7/D (clocked by clk). Large setup violations at the end of those stages might be difficult to fix during the post-placement implementation flow and could be the result of non-optimal XDC constraints or non-optimal design architecture
Related violations: <none>

TIMING-16#139 Warning
Large setup violation  
There is a large setup violation of -1.129 ns between ctrl_inst/mat_addr_reg_reg[0]/C (clocked by clk) and GEN_OLANES[2].matrix_mem/r_rdata_reg[2]/D (clocked by clk). Large setup violations at the end of those stages might be difficult to fix during the post-placement implementation flow and could be the result of non-optimal XDC constraints or non-optimal design architecture
Related violations: <none>

TIMING-16#140 Warning
Large setup violation  
There is a large setup violation of -1.129 ns between ctrl_inst/mat_addr_reg_reg[3]/C (clocked by clk) and GEN_OLANES[2].matrix_mem/r_rdata_reg[54]/D (clocked by clk). Large setup violations at the end of those stages might be difficult to fix during the post-placement implementation flow and could be the result of non-optimal XDC constraints or non-optimal design architecture
Related violations: <none>

TIMING-16#141 Warning
Large setup violation  
There is a large setup violation of -1.130 ns between ctrl_inst/mat_addr_reg_reg[0]/C (clocked by clk) and GEN_OLANES[1].matrix_mem/r_rdata_reg[58]/D (clocked by clk). Large setup violations at the end of those stages might be difficult to fix during the post-placement implementation flow and could be the result of non-optimal XDC constraints or non-optimal design architecture
Related violations: <none>

TIMING-16#142 Warning
Large setup violation  
There is a large setup violation of -1.132 ns between GEN_OLANES[0].dot8_inst/valid_pipe_reg[4]/C (clocked by clk) and GEN_OLANES[1].accum_inst/accum_reg_reg[10]/CE (clocked by clk). Large setup violations at the end of those stages might be difficult to fix during the post-placement implementation flow and could be the result of non-optimal XDC constraints or non-optimal design architecture
Related violations: <none>

TIMING-16#143 Warning
Large setup violation  
There is a large setup violation of -1.132 ns between GEN_OLANES[0].dot8_inst/valid_pipe_reg[4]/C (clocked by clk) and GEN_OLANES[1].accum_inst/accum_reg_reg[11]/CE (clocked by clk). Large setup violations at the end of those stages might be difficult to fix during the post-placement implementation flow and could be the result of non-optimal XDC constraints or non-optimal design architecture
Related violations: <none>

TIMING-16#144 Warning
Large setup violation  
There is a large setup violation of -1.132 ns between GEN_OLANES[0].dot8_inst/valid_pipe_reg[4]/C (clocked by clk) and GEN_OLANES[1].accum_inst/accum_reg_reg[8]/CE (clocked by clk). Large setup violations at the end of those stages might be difficult to fix during the post-placement implementation flow and could be the result of non-optimal XDC constraints or non-optimal design architecture
Related violations: <none>

TIMING-16#145 Warning
Large setup violation  
There is a large setup violation of -1.132 ns between GEN_OLANES[0].dot8_inst/valid_pipe_reg[4]/C (clocked by clk) and GEN_OLANES[1].accum_inst/accum_reg_reg[9]/CE (clocked by clk). Large setup violations at the end of those stages might be difficult to fix during the post-placement implementation flow and could be the result of non-optimal XDC constraints or non-optimal design architecture
Related violations: <none>

TIMING-16#146 Warning
Large setup violation  
There is a large setup violation of -1.134 ns between vector_mem/mem_array_reg/CLKARDCLK (clocked by clk) and GEN_OLANES[0].dot8_inst/sum2_1[17]_i_2_psdsp/D (clocked by clk). Large setup violations at the end of those stages might be difficult to fix during the post-placement implementation flow and could be the result of non-optimal XDC constraints or non-optimal design architecture
Related violations: <none>

TIMING-16#147 Warning
Large setup violation  
There is a large setup violation of -1.134 ns between vector_mem/mem_array_reg/CLKARDCLK (clocked by clk) and GEN_OLANES[2].dot8_inst/sum2_0[17]_i_3__1_psdsp/D (clocked by clk). Large setup violations at the end of those stages might be difficult to fix during the post-placement implementation flow and could be the result of non-optimal XDC constraints or non-optimal design architecture
Related violations: <none>

TIMING-16#148 Warning
Large setup violation  
There is a large setup violation of -1.135 ns between ctrl_inst/mat_addr_reg_reg[1]/C (clocked by clk) and GEN_OLANES[2].matrix_mem/r_rdata_reg[14]/D (clocked by clk). Large setup violations at the end of those stages might be difficult to fix during the post-placement implementation flow and could be the result of non-optimal XDC constraints or non-optimal design architecture
Related violations: <none>

TIMING-16#149 Warning
Large setup violation  
There is a large setup violation of -1.135 ns between ctrl_inst/state_reg/C (clocked by clk) and GEN_OLANES[2].matrix_mem/r_rdata_reg[58]/D (clocked by clk). Large setup violations at the end of those stages might be difficult to fix during the post-placement implementation flow and could be the result of non-optimal XDC constraints or non-optimal design architecture
Related violations: <none>

TIMING-16#150 Warning
Large setup violation  
There is a large setup violation of -1.136 ns between ctrl_inst/mat_addr_reg_reg[2]/C (clocked by clk) and GEN_OLANES[2].matrix_mem/r_rdata_reg[4]/D (clocked by clk). Large setup violations at the end of those stages might be difficult to fix during the post-placement implementation flow and could be the result of non-optimal XDC constraints or non-optimal design architecture
Related violations: <none>

TIMING-16#151 Warning
Large setup violation  
There is a large setup violation of -1.137 ns between vector_mem/mem_array_reg/CLKARDCLK (clocked by clk) and GEN_OLANES[0].dot8_inst/sum2_0[17]_i_3_psdsp_7/D (clocked by clk). Large setup violations at the end of those stages might be difficult to fix during the post-placement implementation flow and could be the result of non-optimal XDC constraints or non-optimal design architecture
Related violations: <none>

TIMING-16#152 Warning
Large setup violation  
There is a large setup violation of -1.138 ns between GEN_OLANES[0].dot8_inst/valid_pipe_reg[4]/C (clocked by clk) and GEN_OLANES[1].accum_inst/accum_reg_reg[12]/CE (clocked by clk). Large setup violations at the end of those stages might be difficult to fix during the post-placement implementation flow and could be the result of non-optimal XDC constraints or non-optimal design architecture
Related violations: <none>

TIMING-16#153 Warning
Large setup violation  
There is a large setup violation of -1.138 ns between GEN_OLANES[0].dot8_inst/valid_pipe_reg[4]/C (clocked by clk) and GEN_OLANES[1].accum_inst/accum_reg_reg[13]/CE (clocked by clk). Large setup violations at the end of those stages might be difficult to fix during the post-placement implementation flow and could be the result of non-optimal XDC constraints or non-optimal design architecture
Related violations: <none>

TIMING-16#154 Warning
Large setup violation  
There is a large setup violation of -1.138 ns between GEN_OLANES[0].dot8_inst/valid_pipe_reg[4]/C (clocked by clk) and GEN_OLANES[1].accum_inst/accum_reg_reg[14]/CE (clocked by clk). Large setup violations at the end of those stages might be difficult to fix during the post-placement implementation flow and could be the result of non-optimal XDC constraints or non-optimal design architecture
Related violations: <none>

TIMING-16#155 Warning
Large setup violation  
There is a large setup violation of -1.138 ns between GEN_OLANES[0].dot8_inst/valid_pipe_reg[4]/C (clocked by clk) and GEN_OLANES[1].accum_inst/accum_reg_reg[15]/CE (clocked by clk). Large setup violations at the end of those stages might be difficult to fix during the post-placement implementation flow and could be the result of non-optimal XDC constraints or non-optimal design architecture
Related violations: <none>

TIMING-16#156 Warning
Large setup violation  
There is a large setup violation of -1.138 ns between ctrl_inst/state_reg/C (clocked by clk) and GEN_OLANES[2].matrix_mem/r_rdata_reg[49]/D (clocked by clk). Large setup violations at the end of those stages might be difficult to fix during the post-placement implementation flow and could be the result of non-optimal XDC constraints or non-optimal design architecture
Related violations: <none>

TIMING-16#157 Warning
Large setup violation  
There is a large setup violation of -1.138 ns between ctrl_inst/state_reg/C (clocked by clk) and GEN_OLANES[2].matrix_mem/r_rdata_reg[52]/D (clocked by clk). Large setup violations at the end of those stages might be difficult to fix during the post-placement implementation flow and could be the result of non-optimal XDC constraints or non-optimal design architecture
Related violations: <none>

TIMING-16#158 Warning
Large setup violation  
There is a large setup violation of -1.138 ns between vector_mem/mem_array_reg/CLKARDCLK (clocked by clk) and GEN_OLANES[1].matrix_mem/r_rdata_reg[55]_psdsp_7/D (clocked by clk). Large setup violations at the end of those stages might be difficult to fix during the post-placement implementation flow and could be the result of non-optimal XDC constraints or non-optimal design architecture
Related violations: <none>

TIMING-16#159 Warning
Large setup violation  
There is a large setup violation of -1.139 ns between vector_mem/mem_array_reg/CLKARDCLK (clocked by clk) and GEN_OLANES[1].dot8_inst/sum2_1[17]_i_3__0_psdsp_3/D (clocked by clk). Large setup violations at the end of those stages might be difficult to fix during the post-placement implementation flow and could be the result of non-optimal XDC constraints or non-optimal design architecture
Related violations: <none>

TIMING-16#160 Warning
Large setup violation  
There is a large setup violation of -1.139 ns between vector_mem/mem_array_reg/CLKARDCLK (clocked by clk) and GEN_OLANES[2].matrix_mem/r_rdata_reg[55]_psdsp_7/D (clocked by clk). Large setup violations at the end of those stages might be difficult to fix during the post-placement implementation flow and could be the result of non-optimal XDC constraints or non-optimal design architecture
Related violations: <none>

TIMING-16#161 Warning
Large setup violation  
There is a large setup violation of -1.140 ns between ctrl_inst/mat_addr_reg_reg[1]/C (clocked by clk) and GEN_OLANES[1].matrix_mem/r_rdata_reg[40]/D (clocked by clk). Large setup violations at the end of those stages might be difficult to fix during the post-placement implementation flow and could be the result of non-optimal XDC constraints or non-optimal design architecture
Related violations: <none>

TIMING-16#162 Warning
Large setup violation  
There is a large setup violation of -1.141 ns between ctrl_inst/mat_addr_reg_reg[2]/C (clocked by clk) and GEN_OLANES[0].matrix_mem/r_rdata_reg[5]/D (clocked by clk). Large setup violations at the end of those stages might be difficult to fix during the post-placement implementation flow and could be the result of non-optimal XDC constraints or non-optimal design architecture
Related violations: <none>

TIMING-16#163 Warning
Large setup violation  
There is a large setup violation of -1.144 ns between ctrl_inst/mat_addr_reg_reg[1]/C (clocked by clk) and GEN_OLANES[2].matrix_mem/r_rdata_reg[21]/D (clocked by clk). Large setup violations at the end of those stages might be difficult to fix during the post-placement implementation flow and could be the result of non-optimal XDC constraints or non-optimal design architecture
Related violations: <none>

TIMING-16#164 Warning
Large setup violation  
There is a large setup violation of -1.144 ns between ctrl_inst/mat_addr_reg_reg[4]/C (clocked by clk) and GEN_OLANES[1].matrix_mem/r_rdata_reg[44]/D (clocked by clk). Large setup violations at the end of those stages might be difficult to fix during the post-placement implementation flow and could be the result of non-optimal XDC constraints or non-optimal design architecture
Related violations: <none>

TIMING-16#165 Warning
Large setup violation  
There is a large setup violation of -1.144 ns between ctrl_inst/state_reg/C (clocked by clk) and GEN_OLANES[2].matrix_mem/r_rdata_reg[46]/D (clocked by clk). Large setup violations at the end of those stages might be difficult to fix during the post-placement implementation flow and could be the result of non-optimal XDC constraints or non-optimal design architecture
Related violations: <none>

TIMING-16#166 Warning
Large setup violation  
There is a large setup violation of -1.146 ns between ctrl_inst/state_reg/C (clocked by clk) and GEN_OLANES[0].matrix_mem/r_rdata_reg[63]/D (clocked by clk). Large setup violations at the end of those stages might be difficult to fix during the post-placement implementation flow and could be the result of non-optimal XDC constraints or non-optimal design architecture
Related violations: <none>

TIMING-16#167 Warning
Large setup violation  
There is a large setup violation of -1.147 ns between vector_mem/mem_array_reg/CLKARDCLK (clocked by clk) and GEN_OLANES[1].matrix_mem/r_rdata_reg[39]_psdsp_4/D (clocked by clk). Large setup violations at the end of those stages might be difficult to fix during the post-placement implementation flow and could be the result of non-optimal XDC constraints or non-optimal design architecture
Related violations: <none>

TIMING-16#168 Warning
Large setup violation  
There is a large setup violation of -1.148 ns between ctrl_inst/state_reg/C (clocked by clk) and GEN_OLANES[2].matrix_mem/r_rdata_reg[55]/D (clocked by clk). Large setup violations at the end of those stages might be difficult to fix during the post-placement implementation flow and could be the result of non-optimal XDC constraints or non-optimal design architecture
Related violations: <none>

TIMING-16#169 Warning
Large setup violation  
There is a large setup violation of -1.152 ns between accum_first_delay_reg[6]_rep/C (clocked by clk) and GEN_OLANES[3].accum_inst/accum_reg_reg[30]/D (clocked by clk). Large setup violations at the end of those stages might be difficult to fix during the post-placement implementation flow and could be the result of non-optimal XDC constraints or non-optimal design architecture
Related violations: <none>

TIMING-16#170 Warning
Large setup violation  
There is a large setup violation of -1.154 ns between ctrl_inst/mat_addr_reg_reg[2]/C (clocked by clk) and GEN_OLANES[0].matrix_mem/r_rdata_reg[1]/D (clocked by clk). Large setup violations at the end of those stages might be difficult to fix during the post-placement implementation flow and could be the result of non-optimal XDC constraints or non-optimal design architecture
Related violations: <none>

TIMING-16#171 Warning
Large setup violation  
There is a large setup violation of -1.154 ns between ctrl_inst/mat_addr_reg_reg[3]/C (clocked by clk) and GEN_OLANES[0].matrix_mem/r_rdata_reg[3]/D (clocked by clk). Large setup violations at the end of those stages might be difficult to fix during the post-placement implementation flow and could be the result of non-optimal XDC constraints or non-optimal design architecture
Related violations: <none>

TIMING-16#172 Warning
Large setup violation  
There is a large setup violation of -1.155 ns between accum_first_delay_reg[6]_rep/C (clocked by clk) and GEN_OLANES[3].accum_inst/accum_reg_reg[29]/D (clocked by clk). Large setup violations at the end of those stages might be difficult to fix during the post-placement implementation flow and could be the result of non-optimal XDC constraints or non-optimal design architecture
Related violations: <none>

TIMING-16#173 Warning
Large setup violation  
There is a large setup violation of -1.156 ns between ctrl_inst/state_reg/C (clocked by clk) and GEN_OLANES[2].matrix_mem/r_rdata_reg[53]/D (clocked by clk). Large setup violations at the end of those stages might be difficult to fix during the post-placement implementation flow and could be the result of non-optimal XDC constraints or non-optimal design architecture
Related violations: <none>

TIMING-16#174 Warning
Large setup violation  
There is a large setup violation of -1.157 ns between ctrl_inst/mat_addr_reg_reg[0]/C (clocked by clk) and GEN_OLANES[0].matrix_mem/r_rdata_reg[33]/D (clocked by clk). Large setup violations at the end of those stages might be difficult to fix during the post-placement implementation flow and could be the result of non-optimal XDC constraints or non-optimal design architecture
Related violations: <none>

TIMING-16#175 Warning
Large setup violation  
There is a large setup violation of -1.157 ns between ctrl_inst/state_reg/C (clocked by clk) and GEN_OLANES[0].matrix_mem/r_rdata_reg[61]/D (clocked by clk). Large setup violations at the end of those stages might be difficult to fix during the post-placement implementation flow and could be the result of non-optimal XDC constraints or non-optimal design architecture
Related violations: <none>

TIMING-16#176 Warning
Large setup violation  
There is a large setup violation of -1.158 ns between ctrl_inst/state_reg/C (clocked by clk) and GEN_OLANES[2].matrix_mem/r_rdata_reg[48]/D (clocked by clk). Large setup violations at the end of those stages might be difficult to fix during the post-placement implementation flow and could be the result of non-optimal XDC constraints or non-optimal design architecture
Related violations: <none>

TIMING-16#177 Warning
Large setup violation  
There is a large setup violation of -1.158 ns between vector_mem/mem_array_reg/CLKARDCLK (clocked by clk) and GEN_OLANES[2].dot8_inst/sum2_1[17]_i_3__1_psdsp/D (clocked by clk). Large setup violations at the end of those stages might be difficult to fix during the post-placement implementation flow and could be the result of non-optimal XDC constraints or non-optimal design architecture
Related violations: <none>

TIMING-16#178 Warning
Large setup violation  
There is a large setup violation of -1.159 ns between vector_mem/mem_array_reg/CLKARDCLK (clocked by clk) and GEN_OLANES[0].matrix_mem/r_rdata_reg[39]_psdsp_3/D (clocked by clk). Large setup violations at the end of those stages might be difficult to fix during the post-placement implementation flow and could be the result of non-optimal XDC constraints or non-optimal design architecture
Related violations: <none>

TIMING-16#179 Warning
Large setup violation  
There is a large setup violation of -1.160 ns between ctrl_inst/mat_addr_reg_reg[1]/C (clocked by clk) and GEN_OLANES[2].matrix_mem/r_rdata_reg[18]/D (clocked by clk). Large setup violations at the end of those stages might be difficult to fix during the post-placement implementation flow and could be the result of non-optimal XDC constraints or non-optimal design architecture
Related violations: <none>

TIMING-16#180 Warning
Large setup violation  
There is a large setup violation of -1.160 ns between ctrl_inst/state_reg/C (clocked by clk) and GEN_OLANES[0].matrix_mem/r_rdata_reg[35]/D (clocked by clk). Large setup violations at the end of those stages might be difficult to fix during the post-placement implementation flow and could be the result of non-optimal XDC constraints or non-optimal design architecture
Related violations: <none>

TIMING-16#181 Warning
Large setup violation  
There is a large setup violation of -1.161 ns between vector_mem/mem_array_reg/CLKARDCLK (clocked by clk) and GEN_OLANES[1].dot8_inst/sum2_1[17]_i_3__0_psdsp_7/D (clocked by clk). Large setup violations at the end of those stages might be difficult to fix during the post-placement implementation flow and could be the result of non-optimal XDC constraints or non-optimal design architecture
Related violations: <none>

TIMING-16#182 Warning
Large setup violation  
There is a large setup violation of -1.161 ns between vector_mem/mem_array_reg/CLKARDCLK (clocked by clk) and GEN_OLANES[2].dot8_inst/sum2_1[17]_i_2_psdsp_6/D (clocked by clk). Large setup violations at the end of those stages might be difficult to fix during the post-placement implementation flow and could be the result of non-optimal XDC constraints or non-optimal design architecture
Related violations: <none>

TIMING-16#183 Warning
Large setup violation  
There is a large setup violation of -1.162 ns between vector_mem/mem_array_reg/CLKARDCLK (clocked by clk) and GEN_OLANES[1].dot8_inst/sum2_1[17]_i_3__0_psdsp_4/D (clocked by clk). Large setup violations at the end of those stages might be difficult to fix during the post-placement implementation flow and could be the result of non-optimal XDC constraints or non-optimal design architecture
Related violations: <none>

TIMING-16#184 Warning
Large setup violation  
There is a large setup violation of -1.163 ns between ctrl_inst/mat_addr_reg_reg[2]/C (clocked by clk) and GEN_OLANES[1].matrix_mem/r_rdata_reg[29]/D (clocked by clk). Large setup violations at the end of those stages might be difficult to fix during the post-placement implementation flow and could be the result of non-optimal XDC constraints or non-optimal design architecture
Related violations: <none>

TIMING-16#185 Warning
Large setup violation  
There is a large setup violation of -1.164 ns between ctrl_inst/mat_addr_reg_reg[1]/C (clocked by clk) and GEN_OLANES[2].matrix_mem/r_rdata_reg[27]/D (clocked by clk). Large setup violations at the end of those stages might be difficult to fix during the post-placement implementation flow and could be the result of non-optimal XDC constraints or non-optimal design architecture
Related violations: <none>

TIMING-16#186 Warning
Large setup violation  
There is a large setup violation of -1.164 ns between ctrl_inst/mat_addr_reg_reg[4]/C (clocked by clk) and GEN_OLANES[1].matrix_mem/r_rdata_reg[28]/D (clocked by clk). Large setup violations at the end of those stages might be difficult to fix during the post-placement implementation flow and could be the result of non-optimal XDC constraints or non-optimal design architecture
Related violations: <none>

TIMING-16#187 Warning
Large setup violation  
There is a large setup violation of -1.164 ns between vector_mem/mem_array_reg/CLKARDCLK (clocked by clk) and GEN_OLANES[0].dot8_inst/sum2_1[17]_i_2_psdsp_4/D (clocked by clk). Large setup violations at the end of those stages might be difficult to fix during the post-placement implementation flow and could be the result of non-optimal XDC constraints or non-optimal design architecture
Related violations: <none>

TIMING-16#188 Warning
Large setup violation  
There is a large setup violation of -1.164 ns between vector_mem/mem_array_reg/CLKARDCLK (clocked by clk) and GEN_OLANES[1].dot8_inst/sum2_0[17]_i_2_psdsp_6/D (clocked by clk). Large setup violations at the end of those stages might be difficult to fix during the post-placement implementation flow and could be the result of non-optimal XDC constraints or non-optimal design architecture
Related violations: <none>

TIMING-16#189 Warning
Large setup violation  
There is a large setup violation of -1.165 ns between ctrl_inst/mat_addr_reg_reg[4]/C (clocked by clk) and GEN_OLANES[0].matrix_mem/r_rdata_reg[0]/D (clocked by clk). Large setup violations at the end of those stages might be difficult to fix during the post-placement implementation flow and could be the result of non-optimal XDC constraints or non-optimal design architecture
Related violations: <none>

TIMING-16#190 Warning
Large setup violation  
There is a large setup violation of -1.166 ns between accum_first_delay_reg[6]_rep/C (clocked by clk) and GEN_OLANES[3].accum_inst/accum_reg_reg[31]/D (clocked by clk). Large setup violations at the end of those stages might be difficult to fix during the post-placement implementation flow and could be the result of non-optimal XDC constraints or non-optimal design architecture
Related violations: <none>

TIMING-16#191 Warning
Large setup violation  
There is a large setup violation of -1.166 ns between ctrl_inst/mat_addr_reg_reg[4]/C (clocked by clk) and GEN_OLANES[1].matrix_mem/r_rdata_reg[46]/D (clocked by clk). Large setup violations at the end of those stages might be difficult to fix during the post-placement implementation flow and could be the result of non-optimal XDC constraints or non-optimal design architecture
Related violations: <none>

TIMING-16#192 Warning
Large setup violation  
There is a large setup violation of -1.166 ns between vector_mem/mem_array_reg/CLKARDCLK (clocked by clk) and GEN_OLANES[2].dot8_inst/sum2_1[17]_i_3__1_psdsp_4/D (clocked by clk). Large setup violations at the end of those stages might be difficult to fix during the post-placement implementation flow and could be the result of non-optimal XDC constraints or non-optimal design architecture
Related violations: <none>

TIMING-16#193 Warning
Large setup violation  
There is a large setup violation of -1.168 ns between vector_mem/mem_array_reg/CLKARDCLK (clocked by clk) and GEN_OLANES[1].dot8_inst/sum2_0[17]_i_2_psdsp_2/D (clocked by clk). Large setup violations at the end of those stages might be difficult to fix during the post-placement implementation flow and could be the result of non-optimal XDC constraints or non-optimal design architecture
Related violations: <none>

TIMING-16#194 Warning
Large setup violation  
There is a large setup violation of -1.170 ns between ctrl_inst/mat_addr_reg_reg[1]/C (clocked by clk) and GEN_OLANES[2].matrix_mem/r_rdata_reg[57]/D (clocked by clk). Large setup violations at the end of those stages might be difficult to fix during the post-placement implementation flow and could be the result of non-optimal XDC constraints or non-optimal design architecture
Related violations: <none>

TIMING-16#195 Warning
Large setup violation  
There is a large setup violation of -1.170 ns between ctrl_inst/mat_addr_reg_reg[3]/C (clocked by clk) and GEN_OLANES[1].matrix_mem/r_rdata_reg[3]/D (clocked by clk). Large setup violations at the end of those stages might be difficult to fix during the post-placement implementation flow and could be the result of non-optimal XDC constraints or non-optimal design architecture
Related violations: <none>

TIMING-16#196 Warning
Large setup violation  
There is a large setup violation of -1.173 ns between ctrl_inst/mat_addr_reg_reg[2]/C (clocked by clk) and GEN_OLANES[1].matrix_mem/r_rdata_reg[48]/D (clocked by clk). Large setup violations at the end of those stages might be difficult to fix during the post-placement implementation flow and could be the result of non-optimal XDC constraints or non-optimal design architecture
Related violations: <none>

TIMING-16#197 Warning
Large setup violation  
There is a large setup violation of -1.173 ns between ctrl_inst/state_reg/C (clocked by clk) and GEN_OLANES[0].matrix_mem/r_rdata_reg[40]/D (clocked by clk). Large setup violations at the end of those stages might be difficult to fix during the post-placement implementation flow and could be the result of non-optimal XDC constraints or non-optimal design architecture
Related violations: <none>

TIMING-16#198 Warning
Large setup violation  
There is a large setup violation of -1.174 ns between ctrl_inst/mat_addr_reg_reg[2]/C (clocked by clk) and GEN_OLANES[2].matrix_mem/r_rdata_reg[1]/D (clocked by clk). Large setup violations at the end of those stages might be difficult to fix during the post-placement implementation flow and could be the result of non-optimal XDC constraints or non-optimal design architecture
Related violations: <none>

TIMING-16#199 Warning
Large setup violation  
There is a large setup violation of -1.176 ns between ctrl_inst/mat_addr_reg_reg[2]/C (clocked by clk) and GEN_OLANES[0].matrix_mem/r_rdata_reg[2]/D (clocked by clk). Large setup violations at the end of those stages might be difficult to fix during the post-placement implementation flow and could be the result of non-optimal XDC constraints or non-optimal design architecture
Related violations: <none>

TIMING-16#200 Warning
Large setup violation  
There is a large setup violation of -1.176 ns between ctrl_inst/mat_addr_reg_reg[2]/C (clocked by clk) and GEN_OLANES[0].matrix_mem/r_rdata_reg[6]/D (clocked by clk). Large setup violations at the end of those stages might be difficult to fix during the post-placement implementation flow and could be the result of non-optimal XDC constraints or non-optimal design architecture
Related violations: <none>

TIMING-16#201 Warning
Large setup violation  
There is a large setup violation of -1.177 ns between ctrl_inst/mat_addr_reg_reg[4]/C (clocked by clk) and GEN_OLANES[2].matrix_mem/r_rdata_reg[42]/D (clocked by clk). Large setup violations at the end of those stages might be difficult to fix during the post-placement implementation flow and could be the result of non-optimal XDC constraints or non-optimal design architecture
Related violations: <none>

TIMING-16#202 Warning
Large setup violation  
There is a large setup violation of -1.177 ns between ctrl_inst/state_reg/C (clocked by clk) and GEN_OLANES[1].matrix_mem/r_rdata_reg[51]/D (clocked by clk). Large setup violations at the end of those stages might be difficult to fix during the post-placement implementation flow and could be the result of non-optimal XDC constraints or non-optimal design architecture
Related violations: <none>

TIMING-16#203 Warning
Large setup violation  
There is a large setup violation of -1.177 ns between ctrl_inst/state_reg/C (clocked by clk) and GEN_OLANES[2].matrix_mem/r_rdata_reg[29]/D (clocked by clk). Large setup violations at the end of those stages might be difficult to fix during the post-placement implementation flow and could be the result of non-optimal XDC constraints or non-optimal design architecture
Related violations: <none>

TIMING-16#204 Warning
Large setup violation  
There is a large setup violation of -1.178 ns between ctrl_inst/state_reg/C (clocked by clk) and GEN_OLANES[2].matrix_mem/r_rdata_reg[28]/D (clocked by clk). Large setup violations at the end of those stages might be difficult to fix during the post-placement implementation flow and could be the result of non-optimal XDC constraints or non-optimal design architecture
Related violations: <none>

TIMING-16#205 Warning
Large setup violation  
There is a large setup violation of -1.179 ns between ctrl_inst/mat_addr_reg_reg[0]/C (clocked by clk) and GEN_OLANES[2].matrix_mem/r_rdata_reg[0]/D (clocked by clk). Large setup violations at the end of those stages might be difficult to fix during the post-placement implementation flow and could be the result of non-optimal XDC constraints or non-optimal design architecture
Related violations: <none>

TIMING-16#206 Warning
Large setup violation  
There is a large setup violation of -1.179 ns between ctrl_inst/mat_addr_reg_reg[1]/C (clocked by clk) and GEN_OLANES[1].matrix_mem/r_rdata_reg[5]/D (clocked by clk). Large setup violations at the end of those stages might be difficult to fix during the post-placement implementation flow and could be the result of non-optimal XDC constraints or non-optimal design architecture
Related violations: <none>

TIMING-16#207 Warning
Large setup violation  
There is a large setup violation of -1.179 ns between ctrl_inst/state_reg/C (clocked by clk) and GEN_OLANES[2].matrix_mem/r_rdata_reg[30]/D (clocked by clk). Large setup violations at the end of those stages might be difficult to fix during the post-placement implementation flow and could be the result of non-optimal XDC constraints or non-optimal design architecture
Related violations: <none>

TIMING-16#208 Warning
Large setup violation  
There is a large setup violation of -1.181 ns between ctrl_inst/state_reg/C (clocked by clk) and GEN_OLANES[1].matrix_mem/r_rdata_reg[14]/D (clocked by clk). Large setup violations at the end of those stages might be difficult to fix during the post-placement implementation flow and could be the result of non-optimal XDC constraints or non-optimal design architecture
Related violations: <none>

TIMING-16#209 Warning
Large setup violation  
There is a large setup violation of -1.181 ns between vector_mem/mem_array_reg/CLKARDCLK (clocked by clk) and GEN_OLANES[0].matrix_mem/r_rdata_reg[23]_psdsp_6/D (clocked by clk). Large setup violations at the end of those stages might be difficult to fix during the post-placement implementation flow and could be the result of non-optimal XDC constraints or non-optimal design architecture
Related violations: <none>

TIMING-16#210 Warning
Large setup violation  
There is a large setup violation of -1.183 ns between ctrl_inst/mat_addr_reg_reg[0]/C (clocked by clk) and GEN_OLANES[0].matrix_mem/r_rdata_reg[31]/D (clocked by clk). Large setup violations at the end of those stages might be difficult to fix during the post-placement implementation flow and could be the result of non-optimal XDC constraints or non-optimal design architecture
Related violations: <none>

TIMING-16#211 Warning
Large setup violation  
There is a large setup violation of -1.184 ns between ctrl_inst/mat_addr_reg_reg[2]/C (clocked by clk) and GEN_OLANES[0].matrix_mem/r_rdata_reg[4]/D (clocked by clk). Large setup violations at the end of those stages might be difficult to fix during the post-placement implementation flow and could be the result of non-optimal XDC constraints or non-optimal design architecture
Related violations: <none>

TIMING-16#212 Warning
Large setup violation  
There is a large setup violation of -1.185 ns between ctrl_inst/state_reg/C (clocked by clk) and GEN_OLANES[2].matrix_mem/r_rdata_reg[24]/D (clocked by clk). Large setup violations at the end of those stages might be difficult to fix during the post-placement implementation flow and could be the result of non-optimal XDC constraints or non-optimal design architecture
Related violations: <none>

TIMING-16#213 Warning
Large setup violation  
There is a large setup violation of -1.186 ns between ctrl_inst/state_reg/C (clocked by clk) and GEN_OLANES[0].matrix_mem/r_rdata_reg[60]/D (clocked by clk). Large setup violations at the end of those stages might be difficult to fix during the post-placement implementation flow and could be the result of non-optimal XDC constraints or non-optimal design architecture
Related violations: <none>

TIMING-16#214 Warning
Large setup violation  
There is a large setup violation of -1.186 ns between ctrl_inst/state_reg/C (clocked by clk) and GEN_OLANES[1].matrix_mem/r_rdata_reg[11]/D (clocked by clk). Large setup violations at the end of those stages might be difficult to fix during the post-placement implementation flow and could be the result of non-optimal XDC constraints or non-optimal design architecture
Related violations: <none>

TIMING-16#215 Warning
Large setup violation  
There is a large setup violation of -1.186 ns between ctrl_inst/state_reg/C (clocked by clk) and GEN_OLANES[1].matrix_mem/r_rdata_reg[17]/D (clocked by clk). Large setup violations at the end of those stages might be difficult to fix during the post-placement implementation flow and could be the result of non-optimal XDC constraints or non-optimal design architecture
Related violations: <none>

TIMING-16#216 Warning
Large setup violation  
There is a large setup violation of -1.190 ns between ctrl_inst/mat_addr_reg_reg[2]/C (clocked by clk) and GEN_OLANES[2].matrix_mem/r_rdata_reg[6]/D (clocked by clk). Large setup violations at the end of those stages might be difficult to fix during the post-placement implementation flow and could be the result of non-optimal XDC constraints or non-optimal design architecture
Related violations: <none>

TIMING-16#217 Warning
Large setup violation  
There is a large setup violation of -1.190 ns between ctrl_inst/state_reg/C (clocked by clk) and GEN_OLANES[1].matrix_mem/r_rdata_reg[16]/D (clocked by clk). Large setup violations at the end of those stages might be difficult to fix during the post-placement implementation flow and could be the result of non-optimal XDC constraints or non-optimal design architecture
Related violations: <none>

TIMING-16#218 Warning
Large setup violation  
There is a large setup violation of -1.190 ns between vector_mem/mem_array_reg/CLKARDCLK (clocked by clk) and GEN_OLANES[2].matrix_mem/r_rdata_reg[39]_psdsp_1/D (clocked by clk). Large setup violations at the end of those stages might be difficult to fix during the post-placement implementation flow and could be the result of non-optimal XDC constraints or non-optimal design architecture
Related violations: <none>

TIMING-16#219 Warning
Large setup violation  
There is a large setup violation of -1.195 ns between ctrl_inst/mat_addr_reg_reg[2]/C (clocked by clk) and GEN_OLANES[1].matrix_mem/r_rdata_reg[4]/D (clocked by clk). Large setup violations at the end of those stages might be difficult to fix during the post-placement implementation flow and could be the result of non-optimal XDC constraints or non-optimal design architecture
Related violations: <none>

TIMING-16#220 Warning
Large setup violation  
There is a large setup violation of -1.195 ns between ctrl_inst/state_reg/C (clocked by clk) and GEN_OLANES[2].matrix_mem/r_rdata_reg[20]/D (clocked by clk). Large setup violations at the end of those stages might be difficult to fix during the post-placement implementation flow and could be the result of non-optimal XDC constraints or non-optimal design architecture
Related violations: <none>

TIMING-16#221 Warning
Large setup violation  
There is a large setup violation of -1.196 ns between ctrl_inst/mat_addr_reg_reg[4]/C (clocked by clk) and GEN_OLANES[2].matrix_mem/r_rdata_reg[43]/D (clocked by clk). Large setup violations at the end of those stages might be difficult to fix during the post-placement implementation flow and could be the result of non-optimal XDC constraints or non-optimal design architecture
Related violations: <none>

TIMING-16#222 Warning
Large setup violation  
There is a large setup violation of -1.197 ns between vector_mem/mem_array_reg/CLKARDCLK (clocked by clk) and GEN_OLANES[0].matrix_mem/r_rdata_reg[55]_psdsp_7/D (clocked by clk). Large setup violations at the end of those stages might be difficult to fix during the post-placement implementation flow and could be the result of non-optimal XDC constraints or non-optimal design architecture
Related violations: <none>

TIMING-16#223 Warning
Large setup violation  
There is a large setup violation of -1.198 ns between ctrl_inst/mat_addr_reg_reg[1]/C (clocked by clk) and GEN_OLANES[1].matrix_mem/r_rdata_reg[26]/D (clocked by clk). Large setup violations at the end of those stages might be difficult to fix during the post-placement implementation flow and could be the result of non-optimal XDC constraints or non-optimal design architecture
Related violations: <none>

TIMING-16#224 Warning
Large setup violation  
There is a large setup violation of -1.198 ns between ctrl_inst/mat_addr_reg_reg[1]/C (clocked by clk) and GEN_OLANES[2].matrix_mem/r_rdata_reg[26]/D (clocked by clk). Large setup violations at the end of those stages might be difficult to fix during the post-placement implementation flow and could be the result of non-optimal XDC constraints or non-optimal design architecture
Related violations: <none>

TIMING-16#225 Warning
Large setup violation  
There is a large setup violation of -1.198 ns between vector_mem/mem_array_reg/CLKARDCLK (clocked by clk) and GEN_OLANES[0].dot8_inst/sum2_0[17]_i_2_psdsp_6/D (clocked by clk). Large setup violations at the end of those stages might be difficult to fix during the post-placement implementation flow and could be the result of non-optimal XDC constraints or non-optimal design architecture
Related violations: <none>

TIMING-16#226 Warning
Large setup violation  
There is a large setup violation of -1.200 ns between ctrl_inst/state_reg/C (clocked by clk) and GEN_OLANES[1].matrix_mem/r_rdata_reg[12]/D (clocked by clk). Large setup violations at the end of those stages might be difficult to fix during the post-placement implementation flow and could be the result of non-optimal XDC constraints or non-optimal design architecture
Related violations: <none>

TIMING-16#227 Warning
Large setup violation  
There is a large setup violation of -1.200 ns between ctrl_inst/state_reg/C (clocked by clk) and GEN_OLANES[2].matrix_mem/r_rdata_reg[59]/D (clocked by clk). Large setup violations at the end of those stages might be difficult to fix during the post-placement implementation flow and could be the result of non-optimal XDC constraints or non-optimal design architecture
Related violations: <none>

TIMING-16#228 Warning
Large setup violation  
There is a large setup violation of -1.201 ns between ctrl_inst/mat_addr_reg_reg[0]/C (clocked by clk) and GEN_OLANES[1].matrix_mem/r_rdata_reg[50]/D (clocked by clk). Large setup violations at the end of those stages might be difficult to fix during the post-placement implementation flow and could be the result of non-optimal XDC constraints or non-optimal design architecture
Related violations: <none>

TIMING-16#229 Warning
Large setup violation  
There is a large setup violation of -1.201 ns between ctrl_inst/mat_addr_reg_reg[1]/C (clocked by clk) and GEN_OLANES[2].matrix_mem/r_rdata_reg[16]/D (clocked by clk). Large setup violations at the end of those stages might be difficult to fix during the post-placement implementation flow and could be the result of non-optimal XDC constraints or non-optimal design architecture
Related violations: <none>

TIMING-16#230 Warning
Large setup violation  
There is a large setup violation of -1.202 ns between ctrl_inst/state_reg/C (clocked by clk) and GEN_OLANES[2].matrix_mem/r_rdata_reg[32]/D (clocked by clk). Large setup violations at the end of those stages might be difficult to fix during the post-placement implementation flow and could be the result of non-optimal XDC constraints or non-optimal design architecture
Related violations: <none>

TIMING-16#231 Warning
Large setup violation  
There is a large setup violation of -1.203 ns between vector_mem/mem_array_reg/CLKARDCLK (clocked by clk) and GEN_OLANES[1].dot8_inst/sum2_1[17]_i_2_psdsp_5/D (clocked by clk). Large setup violations at the end of those stages might be difficult to fix during the post-placement implementation flow and could be the result of non-optimal XDC constraints or non-optimal design architecture
Related violations: <none>

TIMING-16#232 Warning
Large setup violation  
There is a large setup violation of -1.204 ns between ctrl_inst/mat_addr_reg_reg[3]/C (clocked by clk) and GEN_OLANES[1].matrix_mem/r_rdata_reg[2]/D (clocked by clk). Large setup violations at the end of those stages might be difficult to fix during the post-placement implementation flow and could be the result of non-optimal XDC constraints or non-optimal design architecture
Related violations: <none>

TIMING-16#233 Warning
Large setup violation  
There is a large setup violation of -1.204 ns between ctrl_inst/mat_addr_reg_reg[4]/C (clocked by clk) and GEN_OLANES[1].matrix_mem/r_rdata_reg[47]/D (clocked by clk). Large setup violations at the end of those stages might be difficult to fix during the post-placement implementation flow and could be the result of non-optimal XDC constraints or non-optimal design architecture
Related violations: <none>

TIMING-16#234 Warning
Large setup violation  
There is a large setup violation of -1.205 ns between ctrl_inst/state_reg/C (clocked by clk) and GEN_OLANES[2].matrix_mem/r_rdata_reg[33]/D (clocked by clk). Large setup violations at the end of those stages might be difficult to fix during the post-placement implementation flow and could be the result of non-optimal XDC constraints or non-optimal design architecture
Related violations: <none>

TIMING-16#235 Warning
Large setup violation  
There is a large setup violation of -1.208 ns between ctrl_inst/state_reg/C (clocked by clk) and GEN_OLANES[2].matrix_mem/r_rdata_reg[19]/D (clocked by clk). Large setup violations at the end of those stages might be difficult to fix during the post-placement implementation flow and could be the result of non-optimal XDC constraints or non-optimal design architecture
Related violations: <none>

TIMING-16#236 Warning
Large setup violation  
There is a large setup violation of -1.210 ns between ctrl_inst/state_reg/C (clocked by clk) and GEN_OLANES[0].matrix_mem/r_rdata_reg[57]/D (clocked by clk). Large setup violations at the end of those stages might be difficult to fix during the post-placement implementation flow and could be the result of non-optimal XDC constraints or non-optimal design architecture
Related violations: <none>

TIMING-16#237 Warning
Large setup violation  
There is a large setup violation of -1.216 ns between ctrl_inst/state_reg/C (clocked by clk) and GEN_OLANES[1].matrix_mem/r_rdata_reg[53]/D (clocked by clk). Large setup violations at the end of those stages might be difficult to fix during the post-placement implementation flow and could be the result of non-optimal XDC constraints or non-optimal design architecture
Related violations: <none>

TIMING-16#238 Warning
Large setup violation  
There is a large setup violation of -1.217 ns between ctrl_inst/mat_addr_reg_reg[0]/C (clocked by clk) and GEN_OLANES[0].matrix_mem/r_rdata_reg[25]/D (clocked by clk). Large setup violations at the end of those stages might be difficult to fix during the post-placement implementation flow and could be the result of non-optimal XDC constraints or non-optimal design architecture
Related violations: <none>

TIMING-16#239 Warning
Large setup violation  
There is a large setup violation of -1.217 ns between ctrl_inst/mat_addr_reg_reg[0]/C (clocked by clk) and GEN_OLANES[2].matrix_mem/r_rdata_reg[3]/D (clocked by clk). Large setup violations at the end of those stages might be difficult to fix during the post-placement implementation flow and could be the result of non-optimal XDC constraints or non-optimal design architecture
Related violations: <none>

TIMING-16#240 Warning
Large setup violation  
There is a large setup violation of -1.219 ns between ctrl_inst/mat_addr_reg_reg[4]/C (clocked by clk) and GEN_OLANES[1].matrix_mem/r_rdata_reg[45]/D (clocked by clk). Large setup violations at the end of those stages might be difficult to fix during the post-placement implementation flow and could be the result of non-optimal XDC constraints or non-optimal design architecture
Related violations: <none>

TIMING-16#241 Warning
Large setup violation  
There is a large setup violation of -1.219 ns between vector_mem/mem_array_reg/CLKARDCLK (clocked by clk) and GEN_OLANES[1].dot8_inst/sum2_0[17]_i_3__0_psdsp_4/D (clocked by clk). Large setup violations at the end of those stages might be difficult to fix during the post-placement implementation flow and could be the result of non-optimal XDC constraints or non-optimal design architecture
Related violations: <none>

TIMING-16#242 Warning
Large setup violation  
There is a large setup violation of -1.220 ns between ctrl_inst/state_reg/C (clocked by clk) and GEN_OLANES[1].matrix_mem/r_rdata_reg[19]/D (clocked by clk). Large setup violations at the end of those stages might be difficult to fix during the post-placement implementation flow and could be the result of non-optimal XDC constraints or non-optimal design architecture
Related violations: <none>

TIMING-16#243 Warning
Large setup violation  
There is a large setup violation of -1.223 ns between ctrl_inst/state_reg/C (clocked by clk) and GEN_OLANES[2].matrix_mem/r_rdata_reg[31]/D (clocked by clk). Large setup violations at the end of those stages might be difficult to fix during the post-placement implementation flow and could be the result of non-optimal XDC constraints or non-optimal design architecture
Related violations: <none>

TIMING-16#244 Warning
Large setup violation  
There is a large setup violation of -1.229 ns between ctrl_inst/mat_addr_reg_reg[1]/C (clocked by clk) and GEN_OLANES[1].matrix_mem/r_rdata_reg[43]/D (clocked by clk). Large setup violations at the end of those stages might be difficult to fix during the post-placement implementation flow and could be the result of non-optimal XDC constraints or non-optimal design architecture
Related violations: <none>

TIMING-16#245 Warning
Large setup violation  
There is a large setup violation of -1.229 ns between ctrl_inst/state_reg/C (clocked by clk) and GEN_OLANES[0].matrix_mem/r_rdata_reg[30]/D (clocked by clk). Large setup violations at the end of those stages might be difficult to fix during the post-placement implementation flow and could be the result of non-optimal XDC constraints or non-optimal design architecture
Related violations: <none>

TIMING-16#246 Warning
Large setup violation  
There is a large setup violation of -1.229 ns between vector_mem/mem_array_reg/CLKARDCLK (clocked by clk) and GEN_OLANES[0].matrix_mem/r_rdata_reg[39]_psdsp_4/D (clocked by clk). Large setup violations at the end of those stages might be difficult to fix during the post-placement implementation flow and could be the result of non-optimal XDC constraints or non-optimal design architecture
Related violations: <none>

TIMING-16#247 Warning
Large setup violation  
There is a large setup violation of -1.230 ns between ctrl_inst/state_reg/C (clocked by clk) and GEN_OLANES[1].matrix_mem/r_rdata_reg[13]/D (clocked by clk). Large setup violations at the end of those stages might be difficult to fix during the post-placement implementation flow and could be the result of non-optimal XDC constraints or non-optimal design architecture
Related violations: <none>

TIMING-16#248 Warning
Large setup violation  
There is a large setup violation of -1.234 ns between ctrl_inst/state_reg/C (clocked by clk) and GEN_OLANES[1].matrix_mem/r_rdata_reg[49]/D (clocked by clk). Large setup violations at the end of those stages might be difficult to fix during the post-placement implementation flow and could be the result of non-optimal XDC constraints or non-optimal design architecture
Related violations: <none>

TIMING-16#249 Warning
Large setup violation  
There is a large setup violation of -1.235 ns between ctrl_inst/state_reg/C (clocked by clk) and GEN_OLANES[2].matrix_mem/r_rdata_reg[23]/D (clocked by clk). Large setup violations at the end of those stages might be difficult to fix during the post-placement implementation flow and could be the result of non-optimal XDC constraints or non-optimal design architecture
Related violations: <none>

TIMING-16#250 Warning
Large setup violation  
There is a large setup violation of -1.236 ns between ctrl_inst/mat_addr_reg_reg[4]/C (clocked by clk) and GEN_OLANES[0].matrix_mem/r_rdata_reg[26]/D (clocked by clk). Large setup violations at the end of those stages might be difficult to fix during the post-placement implementation flow and could be the result of non-optimal XDC constraints or non-optimal design architecture
Related violations: <none>

TIMING-16#251 Warning
Large setup violation  
There is a large setup violation of -1.236 ns between ctrl_inst/state_reg/C (clocked by clk) and GEN_OLANES[0].matrix_mem/r_rdata_reg[62]/D (clocked by clk). Large setup violations at the end of those stages might be difficult to fix during the post-placement implementation flow and could be the result of non-optimal XDC constraints or non-optimal design architecture
Related violations: <none>

TIMING-16#252 Warning
Large setup violation  
There is a large setup violation of -1.241 ns between ctrl_inst/mat_addr_reg_reg[1]/C (clocked by clk) and GEN_OLANES[1].matrix_mem/r_rdata_reg[41]/D (clocked by clk). Large setup violations at the end of those stages might be difficult to fix during the post-placement implementation flow and could be the result of non-optimal XDC constraints or non-optimal design architecture
Related violations: <none>

TIMING-16#253 Warning
Large setup violation  
There is a large setup violation of -1.241 ns between ctrl_inst/state_reg/C (clocked by clk) and GEN_OLANES[0].matrix_mem/r_rdata_reg[29]/D (clocked by clk). Large setup violations at the end of those stages might be difficult to fix during the post-placement implementation flow and could be the result of non-optimal XDC constraints or non-optimal design architecture
Related violations: <none>

TIMING-16#254 Warning
Large setup violation  
There is a large setup violation of -1.243 ns between ctrl_inst/state_reg/C (clocked by clk) and GEN_OLANES[1].matrix_mem/r_rdata_reg[20]/D (clocked by clk). Large setup violations at the end of those stages might be difficult to fix during the post-placement implementation flow and could be the result of non-optimal XDC constraints or non-optimal design architecture
Related violations: <none>

TIMING-16#255 Warning
Large setup violation  
There is a large setup violation of -1.247 ns between ctrl_inst/mat_addr_reg_reg[2]/C (clocked by clk) and GEN_OLANES[0].matrix_mem/r_rdata_reg[59]/D (clocked by clk). Large setup violations at the end of those stages might be difficult to fix during the post-placement implementation flow and could be the result of non-optimal XDC constraints or non-optimal design architecture
Related violations: <none>

TIMING-16#256 Warning
Large setup violation  
There is a large setup violation of -1.250 ns between ctrl_inst/state_reg/C (clocked by clk) and GEN_OLANES[2].matrix_mem/r_rdata_reg[25]/D (clocked by clk). Large setup violations at the end of those stages might be difficult to fix during the post-placement implementation flow and could be the result of non-optimal XDC constraints or non-optimal design architecture
Related violations: <none>

TIMING-16#257 Warning
Large setup violation  
There is a large setup violation of -1.251 ns between vector_mem/mem_array_reg/CLKARDCLK (clocked by clk) and GEN_OLANES[2].matrix_mem/r_rdata_reg[39]_psdsp_3/D (clocked by clk). Large setup violations at the end of those stages might be difficult to fix during the post-placement implementation flow and could be the result of non-optimal XDC constraints or non-optimal design architecture
Related violations: <none>

TIMING-16#258 Warning
Large setup violation  
There is a large setup violation of -1.253 ns between ctrl_inst/mat_addr_reg_reg[0]/C (clocked by clk) and GEN_OLANES[0].matrix_mem/r_rdata_reg[37]/D (clocked by clk). Large setup violations at the end of those stages might be difficult to fix during the post-placement implementation flow and could be the result of non-optimal XDC constraints or non-optimal design architecture
Related violations: <none>

TIMING-16#259 Warning
Large setup violation  
There is a large setup violation of -1.256 ns between ctrl_inst/mat_addr_reg_reg[4]/C (clocked by clk) and GEN_OLANES[1].matrix_mem/r_rdata_reg[63]/D (clocked by clk). Large setup violations at the end of those stages might be difficult to fix during the post-placement implementation flow and could be the result of non-optimal XDC constraints or non-optimal design architecture
Related violations: <none>

TIMING-16#260 Warning
Large setup violation  
There is a large setup violation of -1.258 ns between ctrl_inst/mat_addr_reg_reg[0]/C (clocked by clk) and GEN_OLANES[1].matrix_mem/r_rdata_reg[39]/D (clocked by clk). Large setup violations at the end of those stages might be difficult to fix during the post-placement implementation flow and could be the result of non-optimal XDC constraints or non-optimal design architecture
Related violations: <none>

TIMING-16#261 Warning
Large setup violation  
There is a large setup violation of -1.258 ns between ctrl_inst/mat_addr_reg_reg[1]/C (clocked by clk) and GEN_OLANES[1].matrix_mem/r_rdata_reg[25]/D (clocked by clk). Large setup violations at the end of those stages might be difficult to fix during the post-placement implementation flow and could be the result of non-optimal XDC constraints or non-optimal design architecture
Related violations: <none>

TIMING-16#262 Warning
Large setup violation  
There is a large setup violation of -1.259 ns between ctrl_inst/mat_addr_reg_reg[4]/C (clocked by clk) and GEN_OLANES[1].matrix_mem/r_rdata_reg[42]/D (clocked by clk). Large setup violations at the end of those stages might be difficult to fix during the post-placement implementation flow and could be the result of non-optimal XDC constraints or non-optimal design architecture
Related violations: <none>

TIMING-16#263 Warning
Large setup violation  
There is a large setup violation of -1.263 ns between ctrl_inst/state_reg/C (clocked by clk) and GEN_OLANES[2].matrix_mem/r_rdata_reg[51]/D (clocked by clk). Large setup violations at the end of those stages might be difficult to fix during the post-placement implementation flow and could be the result of non-optimal XDC constraints or non-optimal design architecture
Related violations: <none>

TIMING-16#264 Warning
Large setup violation  
There is a large setup violation of -1.264 ns between ctrl_inst/mat_addr_reg_reg[1]/C (clocked by clk) and GEN_OLANES[1].matrix_mem/r_rdata_reg[22]/D (clocked by clk). Large setup violations at the end of those stages might be difficult to fix during the post-placement implementation flow and could be the result of non-optimal XDC constraints or non-optimal design architecture
Related violations: <none>

TIMING-16#265 Warning
Large setup violation  
There is a large setup violation of -1.266 ns between ctrl_inst/state_reg/C (clocked by clk) and GEN_OLANES[2].matrix_mem/r_rdata_reg[63]/D (clocked by clk). Large setup violations at the end of those stages might be difficult to fix during the post-placement implementation flow and could be the result of non-optimal XDC constraints or non-optimal design architecture
Related violations: <none>

TIMING-16#266 Warning
Large setup violation  
There is a large setup violation of -1.267 ns between ctrl_inst/mat_addr_reg_reg[1]/C (clocked by clk) and GEN_OLANES[1].matrix_mem/r_rdata_reg[27]/D (clocked by clk). Large setup violations at the end of those stages might be difficult to fix during the post-placement implementation flow and could be the result of non-optimal XDC constraints or non-optimal design architecture
Related violations: <none>

TIMING-16#267 Warning
Large setup violation  
There is a large setup violation of -1.268 ns between ctrl_inst/state_reg/C (clocked by clk) and GEN_OLANES[0].matrix_mem/r_rdata_reg[56]/D (clocked by clk). Large setup violations at the end of those stages might be difficult to fix during the post-placement implementation flow and could be the result of non-optimal XDC constraints or non-optimal design architecture
Related violations: <none>

TIMING-16#268 Warning
Large setup violation  
There is a large setup violation of -1.269 ns between ctrl_inst/mat_addr_reg_reg[0]/C (clocked by clk) and GEN_OLANES[0].matrix_mem/r_rdata_reg[39]/D (clocked by clk). Large setup violations at the end of those stages might be difficult to fix during the post-placement implementation flow and could be the result of non-optimal XDC constraints or non-optimal design architecture
Related violations: <none>

TIMING-16#269 Warning
Large setup violation  
There is a large setup violation of -1.269 ns between ctrl_inst/state_reg/C (clocked by clk) and GEN_OLANES[0].matrix_mem/r_rdata_reg[34]/D (clocked by clk). Large setup violations at the end of those stages might be difficult to fix during the post-placement implementation flow and could be the result of non-optimal XDC constraints or non-optimal design architecture
Related violations: <none>

TIMING-16#270 Warning
Large setup violation  
There is a large setup violation of -1.272 ns between ctrl_inst/mat_addr_reg_reg[0]/C (clocked by clk) and GEN_OLANES[0].matrix_mem/r_rdata_reg[22]/D (clocked by clk). Large setup violations at the end of those stages might be difficult to fix during the post-placement implementation flow and could be the result of non-optimal XDC constraints or non-optimal design architecture
Related violations: <none>

TIMING-16#271 Warning
Large setup violation  
There is a large setup violation of -1.272 ns between ctrl_inst/state_reg/C (clocked by clk) and GEN_OLANES[0].matrix_mem/r_rdata_reg[58]/D (clocked by clk). Large setup violations at the end of those stages might be difficult to fix during the post-placement implementation flow and could be the result of non-optimal XDC constraints or non-optimal design architecture
Related violations: <none>

TIMING-16#272 Warning
Large setup violation  
There is a large setup violation of -1.276 ns between ctrl_inst/mat_addr_reg_reg[0]/C (clocked by clk) and GEN_OLANES[0].matrix_mem/r_rdata_reg[47]/D (clocked by clk). Large setup violations at the end of those stages might be difficult to fix during the post-placement implementation flow and could be the result of non-optimal XDC constraints or non-optimal design architecture
Related violations: <none>

TIMING-16#273 Warning
Large setup violation  
There is a large setup violation of -1.276 ns between ctrl_inst/mat_addr_reg_reg[1]/C (clocked by clk) and GEN_OLANES[1].matrix_mem/r_rdata_reg[21]/D (clocked by clk). Large setup violations at the end of those stages might be difficult to fix during the post-placement implementation flow and could be the result of non-optimal XDC constraints or non-optimal design architecture
Related violations: <none>

TIMING-16#274 Warning
Large setup violation  
There is a large setup violation of -1.279 ns between ctrl_inst/mat_addr_reg_reg[1]/C (clocked by clk) and GEN_OLANES[1].matrix_mem/r_rdata_reg[35]/D (clocked by clk). Large setup violations at the end of those stages might be difficult to fix during the post-placement implementation flow and could be the result of non-optimal XDC constraints or non-optimal design architecture
Related violations: <none>

TIMING-16#275 Warning
Large setup violation  
There is a large setup violation of -1.285 ns between vector_mem/mem_array_reg/CLKARDCLK (clocked by clk) and GEN_OLANES[1].matrix_mem/r_rdata_reg[55]_psdsp_1/D (clocked by clk). Large setup violations at the end of those stages might be difficult to fix during the post-placement implementation flow and could be the result of non-optimal XDC constraints or non-optimal design architecture
Related violations: <none>

TIMING-16#276 Warning
Large setup violation  
There is a large setup violation of -1.289 ns between ctrl_inst/state_reg/C (clocked by clk) and GEN_OLANES[0].matrix_mem/r_rdata_reg[41]/D (clocked by clk). Large setup violations at the end of those stages might be difficult to fix during the post-placement implementation flow and could be the result of non-optimal XDC constraints or non-optimal design architecture
Related violations: <none>

TIMING-16#277 Warning
Large setup violation  
There is a large setup violation of -1.290 ns between ctrl_inst/mat_addr_reg_reg[0]/C (clocked by clk) and GEN_OLANES[0].matrix_mem/r_rdata_reg[46]/D (clocked by clk). Large setup violations at the end of those stages might be difficult to fix during the post-placement implementation flow and could be the result of non-optimal XDC constraints or non-optimal design architecture
Related violations: <none>

TIMING-16#278 Warning
Large setup violation  
There is a large setup violation of -1.300 ns between ctrl_inst/mat_addr_reg_reg[1]/C (clocked by clk) and GEN_OLANES[1].matrix_mem/r_rdata_reg[38]/D (clocked by clk). Large setup violations at the end of those stages might be difficult to fix during the post-placement implementation flow and could be the result of non-optimal XDC constraints or non-optimal design architecture
Related violations: <none>

TIMING-16#279 Warning
Large setup violation  
There is a large setup violation of -1.300 ns between ctrl_inst/state_reg/C (clocked by clk) and GEN_OLANES[1].matrix_mem/r_rdata_reg[9]/D (clocked by clk). Large setup violations at the end of those stages might be difficult to fix during the post-placement implementation flow and could be the result of non-optimal XDC constraints or non-optimal design architecture
Related violations: <none>

TIMING-16#280 Warning
Large setup violation  
There is a large setup violation of -1.302 ns between ctrl_inst/state_reg/C (clocked by clk) and GEN_OLANES[1].matrix_mem/r_rdata_reg[24]/D (clocked by clk). Large setup violations at the end of those stages might be difficult to fix during the post-placement implementation flow and could be the result of non-optimal XDC constraints or non-optimal design architecture
Related violations: <none>

TIMING-16#281 Warning
Large setup violation  
There is a large setup violation of -1.303 ns between ctrl_inst/mat_addr_reg_reg[1]/C (clocked by clk) and GEN_OLANES[2].matrix_mem/r_rdata_reg[17]/D (clocked by clk). Large setup violations at the end of those stages might be difficult to fix during the post-placement implementation flow and could be the result of non-optimal XDC constraints or non-optimal design architecture
Related violations: <none>

TIMING-16#282 Warning
Large setup violation  
There is a large setup violation of -1.312 ns between GEN_OLANES[0].dot8_inst/product0_reg/DSP_M_DATA_INST/CLK (clocked by clk) and GEN_OLANES[0].dot8_inst/sum1_0_reg/DSP_OUTPUT_INST/ALU_OUT[0] (clocked by clk). Large setup violations at the end of those stages might be difficult to fix during the post-placement implementation flow and could be the result of non-optimal XDC constraints or non-optimal design architecture
Related violations: <none>

TIMING-16#283 Warning
Large setup violation  
There is a large setup violation of -1.312 ns between GEN_OLANES[0].dot8_inst/product2_reg/DSP_M_DATA_INST/CLK (clocked by clk) and GEN_OLANES[0].dot8_inst/sum1_1_reg/DSP_OUTPUT_INST/ALU_OUT[0] (clocked by clk). Large setup violations at the end of those stages might be difficult to fix during the post-placement implementation flow and could be the result of non-optimal XDC constraints or non-optimal design architecture
Related violations: <none>

TIMING-16#284 Warning
Large setup violation  
There is a large setup violation of -1.312 ns between GEN_OLANES[0].dot8_inst/product4_reg/DSP_M_DATA_INST/CLK (clocked by clk) and GEN_OLANES[0].dot8_inst/sum1_2_reg/DSP_OUTPUT_INST/ALU_OUT[0] (clocked by clk). Large setup violations at the end of those stages might be difficult to fix during the post-placement implementation flow and could be the result of non-optimal XDC constraints or non-optimal design architecture
Related violations: <none>

TIMING-16#285 Warning
Large setup violation  
There is a large setup violation of -1.312 ns between GEN_OLANES[0].dot8_inst/product6_reg/DSP_M_DATA_INST/CLK (clocked by clk) and GEN_OLANES[0].dot8_inst/sum1_3_reg/DSP_OUTPUT_INST/ALU_OUT[0] (clocked by clk). Large setup violations at the end of those stages might be difficult to fix during the post-placement implementation flow and could be the result of non-optimal XDC constraints or non-optimal design architecture
Related violations: <none>

TIMING-16#286 Warning
Large setup violation  
There is a large setup violation of -1.312 ns between GEN_OLANES[1].dot8_inst/product0_reg/DSP_M_DATA_INST/CLK (clocked by clk) and GEN_OLANES[1].dot8_inst/sum1_0_reg/DSP_OUTPUT_INST/ALU_OUT[0] (clocked by clk). Large setup violations at the end of those stages might be difficult to fix during the post-placement implementation flow and could be the result of non-optimal XDC constraints or non-optimal design architecture
Related violations: <none>

TIMING-16#287 Warning
Large setup violation  
There is a large setup violation of -1.312 ns between GEN_OLANES[1].dot8_inst/product2_reg/DSP_M_DATA_INST/CLK (clocked by clk) and GEN_OLANES[1].dot8_inst/sum1_1_reg/DSP_OUTPUT_INST/ALU_OUT[0] (clocked by clk). Large setup violations at the end of those stages might be difficult to fix during the post-placement implementation flow and could be the result of non-optimal XDC constraints or non-optimal design architecture
Related violations: <none>

TIMING-16#288 Warning
Large setup violation  
There is a large setup violation of -1.312 ns between GEN_OLANES[1].dot8_inst/product4_reg/DSP_M_DATA_INST/CLK (clocked by clk) and GEN_OLANES[1].dot8_inst/sum1_2_reg/DSP_OUTPUT_INST/ALU_OUT[0] (clocked by clk). Large setup violations at the end of those stages might be difficult to fix during the post-placement implementation flow and could be the result of non-optimal XDC constraints or non-optimal design architecture
Related violations: <none>

TIMING-16#289 Warning
Large setup violation  
There is a large setup violation of -1.312 ns between GEN_OLANES[1].dot8_inst/product6_reg/DSP_M_DATA_INST/CLK (clocked by clk) and GEN_OLANES[1].dot8_inst/sum1_3_reg/DSP_OUTPUT_INST/ALU_OUT[0] (clocked by clk). Large setup violations at the end of those stages might be difficult to fix during the post-placement implementation flow and could be the result of non-optimal XDC constraints or non-optimal design architecture
Related violations: <none>

TIMING-16#290 Warning
Large setup violation  
There is a large setup violation of -1.312 ns between GEN_OLANES[2].dot8_inst/product0_reg/DSP_M_DATA_INST/CLK (clocked by clk) and GEN_OLANES[2].dot8_inst/sum1_0_reg/DSP_OUTPUT_INST/ALU_OUT[0] (clocked by clk). Large setup violations at the end of those stages might be difficult to fix during the post-placement implementation flow and could be the result of non-optimal XDC constraints or non-optimal design architecture
Related violations: <none>

TIMING-16#291 Warning
Large setup violation  
There is a large setup violation of -1.312 ns between GEN_OLANES[2].dot8_inst/product2_reg/DSP_M_DATA_INST/CLK (clocked by clk) and GEN_OLANES[2].dot8_inst/sum1_1_reg/DSP_OUTPUT_INST/ALU_OUT[0] (clocked by clk). Large setup violations at the end of those stages might be difficult to fix during the post-placement implementation flow and could be the result of non-optimal XDC constraints or non-optimal design architecture
Related violations: <none>

TIMING-16#292 Warning
Large setup violation  
There is a large setup violation of -1.312 ns between GEN_OLANES[2].dot8_inst/product4_reg/DSP_M_DATA_INST/CLK (clocked by clk) and GEN_OLANES[2].dot8_inst/sum1_2_reg/DSP_OUTPUT_INST/ALU_OUT[0] (clocked by clk). Large setup violations at the end of those stages might be difficult to fix during the post-placement implementation flow and could be the result of non-optimal XDC constraints or non-optimal design architecture
Related violations: <none>

TIMING-16#293 Warning
Large setup violation  
There is a large setup violation of -1.312 ns between GEN_OLANES[2].dot8_inst/product6_reg/DSP_M_DATA_INST/CLK (clocked by clk) and GEN_OLANES[2].dot8_inst/sum1_3_reg/DSP_OUTPUT_INST/ALU_OUT[0] (clocked by clk). Large setup violations at the end of those stages might be difficult to fix during the post-placement implementation flow and could be the result of non-optimal XDC constraints or non-optimal design architecture
Related violations: <none>

TIMING-16#294 Warning
Large setup violation  
There is a large setup violation of -1.312 ns between GEN_OLANES[3].dot8_inst/product0_reg/DSP_M_DATA_INST/CLK (clocked by clk) and GEN_OLANES[3].dot8_inst/sum1_0_reg/DSP_OUTPUT_INST/ALU_OUT[0] (clocked by clk). Large setup violations at the end of those stages might be difficult to fix during the post-placement implementation flow and could be the result of non-optimal XDC constraints or non-optimal design architecture
Related violations: <none>

TIMING-16#295 Warning
Large setup violation  
There is a large setup violation of -1.312 ns between GEN_OLANES[3].dot8_inst/product2_reg/DSP_M_DATA_INST/CLK (clocked by clk) and GEN_OLANES[3].dot8_inst/sum1_1_reg/DSP_OUTPUT_INST/ALU_OUT[0] (clocked by clk). Large setup violations at the end of those stages might be difficult to fix during the post-placement implementation flow and could be the result of non-optimal XDC constraints or non-optimal design architecture
Related violations: <none>

TIMING-16#296 Warning
Large setup violation  
There is a large setup violation of -1.312 ns between GEN_OLANES[3].dot8_inst/product4_reg/DSP_M_DATA_INST/CLK (clocked by clk) and GEN_OLANES[3].dot8_inst/sum1_2_reg/DSP_OUTPUT_INST/ALU_OUT[0] (clocked by clk). Large setup violations at the end of those stages might be difficult to fix during the post-placement implementation flow and could be the result of non-optimal XDC constraints or non-optimal design architecture
Related violations: <none>

TIMING-16#297 Warning
Large setup violation  
There is a large setup violation of -1.312 ns between ctrl_inst/mat_addr_reg_reg[4]/C (clocked by clk) and GEN_OLANES[0].matrix_mem/r_rdata_reg[21]/D (clocked by clk). Large setup violations at the end of those stages might be difficult to fix during the post-placement implementation flow and could be the result of non-optimal XDC constraints or non-optimal design architecture
Related violations: <none>

TIMING-16#298 Warning
Large setup violation  
There is a large setup violation of -1.312 ns between ctrl_inst/state_reg/C (clocked by clk) and GEN_OLANES[0].matrix_mem/r_rdata_reg[36]/D (clocked by clk). Large setup violations at the end of those stages might be difficult to fix during the post-placement implementation flow and could be the result of non-optimal XDC constraints or non-optimal design architecture
Related violations: <none>

TIMING-16#299 Warning
Large setup violation  
There is a large setup violation of -1.322 ns between GEN_OLANES[0].dot8_inst/product0_reg/DSP_M_DATA_INST/CLK (clocked by clk) and GEN_OLANES[0].dot8_inst/sum1_0_reg/DSP_OUTPUT_INST/ALU_OUT[1] (clocked by clk). Large setup violations at the end of those stages might be difficult to fix during the post-placement implementation flow and could be the result of non-optimal XDC constraints or non-optimal design architecture
Related violations: <none>

TIMING-16#300 Warning
Large setup violation  
There is a large setup violation of -1.322 ns between GEN_OLANES[0].dot8_inst/product0_reg/DSP_M_DATA_INST/CLK (clocked by clk) and GEN_OLANES[0].dot8_inst/sum1_0_reg/DSP_OUTPUT_INST/ALU_OUT[2] (clocked by clk). Large setup violations at the end of those stages might be difficult to fix during the post-placement implementation flow and could be the result of non-optimal XDC constraints or non-optimal design architecture
Related violations: <none>

TIMING-16#301 Warning
Large setup violation  
There is a large setup violation of -1.322 ns between GEN_OLANES[0].dot8_inst/product0_reg/DSP_M_DATA_INST/CLK (clocked by clk) and GEN_OLANES[0].dot8_inst/sum1_0_reg/DSP_OUTPUT_INST/ALU_OUT[3] (clocked by clk). Large setup violations at the end of those stages might be difficult to fix during the post-placement implementation flow and could be the result of non-optimal XDC constraints or non-optimal design architecture
Related violations: <none>

TIMING-16#302 Warning
Large setup violation  
There is a large setup violation of -1.322 ns between GEN_OLANES[0].dot8_inst/product2_reg/DSP_M_DATA_INST/CLK (clocked by clk) and GEN_OLANES[0].dot8_inst/sum1_1_reg/DSP_OUTPUT_INST/ALU_OUT[10] (clocked by clk). Large setup violations at the end of those stages might be difficult to fix during the post-placement implementation flow and could be the result of non-optimal XDC constraints or non-optimal design architecture
Related violations: <none>

TIMING-16#303 Warning
Large setup violation  
There is a large setup violation of -1.322 ns between GEN_OLANES[0].dot8_inst/product2_reg/DSP_M_DATA_INST/CLK (clocked by clk) and GEN_OLANES[0].dot8_inst/sum1_1_reg/DSP_OUTPUT_INST/ALU_OUT[11] (clocked by clk). Large setup violations at the end of those stages might be difficult to fix during the post-placement implementation flow and could be the result of non-optimal XDC constraints or non-optimal design architecture
Related violations: <none>

TIMING-16#304 Warning
Large setup violation  
There is a large setup violation of -1.322 ns between GEN_OLANES[0].dot8_inst/product2_reg/DSP_M_DATA_INST/CLK (clocked by clk) and GEN_OLANES[0].dot8_inst/sum1_1_reg/DSP_OUTPUT_INST/ALU_OUT[12] (clocked by clk). Large setup violations at the end of those stages might be difficult to fix during the post-placement implementation flow and could be the result of non-optimal XDC constraints or non-optimal design architecture
Related violations: <none>

TIMING-16#305 Warning
Large setup violation  
There is a large setup violation of -1.322 ns between GEN_OLANES[0].dot8_inst/product2_reg/DSP_M_DATA_INST/CLK (clocked by clk) and GEN_OLANES[0].dot8_inst/sum1_1_reg/DSP_OUTPUT_INST/ALU_OUT[13] (clocked by clk). Large setup violations at the end of those stages might be difficult to fix during the post-placement implementation flow and could be the result of non-optimal XDC constraints or non-optimal design architecture
Related violations: <none>

TIMING-16#306 Warning
Large setup violation  
There is a large setup violation of -1.322 ns between GEN_OLANES[0].dot8_inst/product2_reg/DSP_M_DATA_INST/CLK (clocked by clk) and GEN_OLANES[0].dot8_inst/sum1_1_reg/DSP_OUTPUT_INST/ALU_OUT[14] (clocked by clk). Large setup violations at the end of those stages might be difficult to fix during the post-placement implementation flow and could be the result of non-optimal XDC constraints or non-optimal design architecture
Related violations: <none>

TIMING-16#307 Warning
Large setup violation  
There is a large setup violation of -1.322 ns between GEN_OLANES[0].dot8_inst/product2_reg/DSP_M_DATA_INST/CLK (clocked by clk) and GEN_OLANES[0].dot8_inst/sum1_1_reg/DSP_OUTPUT_INST/ALU_OUT[15] (clocked by clk). Large setup violations at the end of those stages might be difficult to fix during the post-placement implementation flow and could be the result of non-optimal XDC constraints or non-optimal design architecture
Related violations: <none>

TIMING-16#308 Warning
Large setup violation  
There is a large setup violation of -1.322 ns between GEN_OLANES[0].dot8_inst/product2_reg/DSP_M_DATA_INST/CLK (clocked by clk) and GEN_OLANES[0].dot8_inst/sum1_1_reg/DSP_OUTPUT_INST/ALU_OUT[1] (clocked by clk). Large setup violations at the end of those stages might be difficult to fix during the post-placement implementation flow and could be the result of non-optimal XDC constraints or non-optimal design architecture
Related violations: <none>

TIMING-16#309 Warning
Large setup violation  
There is a large setup violation of -1.322 ns between GEN_OLANES[0].dot8_inst/product2_reg/DSP_M_DATA_INST/CLK (clocked by clk) and GEN_OLANES[0].dot8_inst/sum1_1_reg/DSP_OUTPUT_INST/ALU_OUT[2] (clocked by clk). Large setup violations at the end of those stages might be difficult to fix during the post-placement implementation flow and could be the result of non-optimal XDC constraints or non-optimal design architecture
Related violations: <none>

TIMING-16#310 Warning
Large setup violation  
There is a large setup violation of -1.322 ns between GEN_OLANES[0].dot8_inst/product2_reg/DSP_M_DATA_INST/CLK (clocked by clk) and GEN_OLANES[0].dot8_inst/sum1_1_reg/DSP_OUTPUT_INST/ALU_OUT[3] (clocked by clk). Large setup violations at the end of those stages might be difficult to fix during the post-placement implementation flow and could be the result of non-optimal XDC constraints or non-optimal design architecture
Related violations: <none>

TIMING-16#311 Warning
Large setup violation  
There is a large setup violation of -1.322 ns between GEN_OLANES[0].dot8_inst/product2_reg/DSP_M_DATA_INST/CLK (clocked by clk) and GEN_OLANES[0].dot8_inst/sum1_1_reg/DSP_OUTPUT_INST/ALU_OUT[4] (clocked by clk). Large setup violations at the end of those stages might be difficult to fix during the post-placement implementation flow and could be the result of non-optimal XDC constraints or non-optimal design architecture
Related violations: <none>

TIMING-16#312 Warning
Large setup violation  
There is a large setup violation of -1.322 ns between GEN_OLANES[0].dot8_inst/product2_reg/DSP_M_DATA_INST/CLK (clocked by clk) and GEN_OLANES[0].dot8_inst/sum1_1_reg/DSP_OUTPUT_INST/ALU_OUT[5] (clocked by clk). Large setup violations at the end of those stages might be difficult to fix during the post-placement implementation flow and could be the result of non-optimal XDC constraints or non-optimal design architecture
Related violations: <none>

TIMING-16#313 Warning
Large setup violation  
There is a large setup violation of -1.322 ns between GEN_OLANES[0].dot8_inst/product2_reg/DSP_M_DATA_INST/CLK (clocked by clk) and GEN_OLANES[0].dot8_inst/sum1_1_reg/DSP_OUTPUT_INST/ALU_OUT[6] (clocked by clk). Large setup violations at the end of those stages might be difficult to fix during the post-placement implementation flow and could be the result of non-optimal XDC constraints or non-optimal design architecture
Related violations: <none>

TIMING-16#314 Warning
Large setup violation  
There is a large setup violation of -1.322 ns between GEN_OLANES[0].dot8_inst/product2_reg/DSP_M_DATA_INST/CLK (clocked by clk) and GEN_OLANES[0].dot8_inst/sum1_1_reg/DSP_OUTPUT_INST/ALU_OUT[7] (clocked by clk). Large setup violations at the end of those stages might be difficult to fix during the post-placement implementation flow and could be the result of non-optimal XDC constraints or non-optimal design architecture
Related violations: <none>

TIMING-16#315 Warning
Large setup violation  
There is a large setup violation of -1.322 ns between GEN_OLANES[0].dot8_inst/product2_reg/DSP_M_DATA_INST/CLK (clocked by clk) and GEN_OLANES[0].dot8_inst/sum1_1_reg/DSP_OUTPUT_INST/ALU_OUT[8] (clocked by clk). Large setup violations at the end of those stages might be difficult to fix during the post-placement implementation flow and could be the result of non-optimal XDC constraints or non-optimal design architecture
Related violations: <none>

TIMING-16#316 Warning
Large setup violation  
There is a large setup violation of -1.322 ns between GEN_OLANES[0].dot8_inst/product2_reg/DSP_M_DATA_INST/CLK (clocked by clk) and GEN_OLANES[0].dot8_inst/sum1_1_reg/DSP_OUTPUT_INST/ALU_OUT[9] (clocked by clk). Large setup violations at the end of those stages might be difficult to fix during the post-placement implementation flow and could be the result of non-optimal XDC constraints or non-optimal design architecture
Related violations: <none>

TIMING-16#317 Warning
Large setup violation  
There is a large setup violation of -1.322 ns between GEN_OLANES[0].dot8_inst/product4_reg/DSP_M_DATA_INST/CLK (clocked by clk) and GEN_OLANES[0].dot8_inst/sum1_2_reg/DSP_OUTPUT_INST/ALU_OUT[10] (clocked by clk). Large setup violations at the end of those stages might be difficult to fix during the post-placement implementation flow and could be the result of non-optimal XDC constraints or non-optimal design architecture
Related violations: <none>

TIMING-16#318 Warning
Large setup violation  
There is a large setup violation of -1.322 ns between GEN_OLANES[0].dot8_inst/product4_reg/DSP_M_DATA_INST/CLK (clocked by clk) and GEN_OLANES[0].dot8_inst/sum1_2_reg/DSP_OUTPUT_INST/ALU_OUT[11] (clocked by clk). Large setup violations at the end of those stages might be difficult to fix during the post-placement implementation flow and could be the result of non-optimal XDC constraints or non-optimal design architecture
Related violations: <none>

TIMING-16#319 Warning
Large setup violation  
There is a large setup violation of -1.322 ns between GEN_OLANES[0].dot8_inst/product4_reg/DSP_M_DATA_INST/CLK (clocked by clk) and GEN_OLANES[0].dot8_inst/sum1_2_reg/DSP_OUTPUT_INST/ALU_OUT[12] (clocked by clk). Large setup violations at the end of those stages might be difficult to fix during the post-placement implementation flow and could be the result of non-optimal XDC constraints or non-optimal design architecture
Related violations: <none>

TIMING-16#320 Warning
Large setup violation  
There is a large setup violation of -1.322 ns between GEN_OLANES[0].dot8_inst/product4_reg/DSP_M_DATA_INST/CLK (clocked by clk) and GEN_OLANES[0].dot8_inst/sum1_2_reg/DSP_OUTPUT_INST/ALU_OUT[13] (clocked by clk). Large setup violations at the end of those stages might be difficult to fix during the post-placement implementation flow and could be the result of non-optimal XDC constraints or non-optimal design architecture
Related violations: <none>

TIMING-16#321 Warning
Large setup violation  
There is a large setup violation of -1.322 ns between GEN_OLANES[0].dot8_inst/product4_reg/DSP_M_DATA_INST/CLK (clocked by clk) and GEN_OLANES[0].dot8_inst/sum1_2_reg/DSP_OUTPUT_INST/ALU_OUT[14] (clocked by clk). Large setup violations at the end of those stages might be difficult to fix during the post-placement implementation flow and could be the result of non-optimal XDC constraints or non-optimal design architecture
Related violations: <none>

TIMING-16#322 Warning
Large setup violation  
There is a large setup violation of -1.322 ns between GEN_OLANES[0].dot8_inst/product4_reg/DSP_M_DATA_INST/CLK (clocked by clk) and GEN_OLANES[0].dot8_inst/sum1_2_reg/DSP_OUTPUT_INST/ALU_OUT[15] (clocked by clk). Large setup violations at the end of those stages might be difficult to fix during the post-placement implementation flow and could be the result of non-optimal XDC constraints or non-optimal design architecture
Related violations: <none>

TIMING-16#323 Warning
Large setup violation  
There is a large setup violation of -1.322 ns between GEN_OLANES[0].dot8_inst/product4_reg/DSP_M_DATA_INST/CLK (clocked by clk) and GEN_OLANES[0].dot8_inst/sum1_2_reg/DSP_OUTPUT_INST/ALU_OUT[1] (clocked by clk). Large setup violations at the end of those stages might be difficult to fix during the post-placement implementation flow and could be the result of non-optimal XDC constraints or non-optimal design architecture
Related violations: <none>

TIMING-16#324 Warning
Large setup violation  
There is a large setup violation of -1.322 ns between GEN_OLANES[0].dot8_inst/product4_reg/DSP_M_DATA_INST/CLK (clocked by clk) and GEN_OLANES[0].dot8_inst/sum1_2_reg/DSP_OUTPUT_INST/ALU_OUT[2] (clocked by clk). Large setup violations at the end of those stages might be difficult to fix during the post-placement implementation flow and could be the result of non-optimal XDC constraints or non-optimal design architecture
Related violations: <none>

TIMING-16#325 Warning
Large setup violation  
There is a large setup violation of -1.322 ns between GEN_OLANES[0].dot8_inst/product4_reg/DSP_M_DATA_INST/CLK (clocked by clk) and GEN_OLANES[0].dot8_inst/sum1_2_reg/DSP_OUTPUT_INST/ALU_OUT[3] (clocked by clk). Large setup violations at the end of those stages might be difficult to fix during the post-placement implementation flow and could be the result of non-optimal XDC constraints or non-optimal design architecture
Related violations: <none>

TIMING-16#326 Warning
Large setup violation  
There is a large setup violation of -1.322 ns between GEN_OLANES[0].dot8_inst/product4_reg/DSP_M_DATA_INST/CLK (clocked by clk) and GEN_OLANES[0].dot8_inst/sum1_2_reg/DSP_OUTPUT_INST/ALU_OUT[4] (clocked by clk). Large setup violations at the end of those stages might be difficult to fix during the post-placement implementation flow and could be the result of non-optimal XDC constraints or non-optimal design architecture
Related violations: <none>

TIMING-16#327 Warning
Large setup violation  
There is a large setup violation of -1.322 ns between GEN_OLANES[0].dot8_inst/product4_reg/DSP_M_DATA_INST/CLK (clocked by clk) and GEN_OLANES[0].dot8_inst/sum1_2_reg/DSP_OUTPUT_INST/ALU_OUT[5] (clocked by clk). Large setup violations at the end of those stages might be difficult to fix during the post-placement implementation flow and could be the result of non-optimal XDC constraints or non-optimal design architecture
Related violations: <none>

TIMING-16#328 Warning
Large setup violation  
There is a large setup violation of -1.322 ns between GEN_OLANES[0].dot8_inst/product4_reg/DSP_M_DATA_INST/CLK (clocked by clk) and GEN_OLANES[0].dot8_inst/sum1_2_reg/DSP_OUTPUT_INST/ALU_OUT[6] (clocked by clk). Large setup violations at the end of those stages might be difficult to fix during the post-placement implementation flow and could be the result of non-optimal XDC constraints or non-optimal design architecture
Related violations: <none>

TIMING-16#329 Warning
Large setup violation  
There is a large setup violation of -1.322 ns between GEN_OLANES[0].dot8_inst/product4_reg/DSP_M_DATA_INST/CLK (clocked by clk) and GEN_OLANES[0].dot8_inst/sum1_2_reg/DSP_OUTPUT_INST/ALU_OUT[7] (clocked by clk). Large setup violations at the end of those stages might be difficult to fix during the post-placement implementation flow and could be the result of non-optimal XDC constraints or non-optimal design architecture
Related violations: <none>

TIMING-16#330 Warning
Large setup violation  
There is a large setup violation of -1.322 ns between GEN_OLANES[0].dot8_inst/product4_reg/DSP_M_DATA_INST/CLK (clocked by clk) and GEN_OLANES[0].dot8_inst/sum1_2_reg/DSP_OUTPUT_INST/ALU_OUT[8] (clocked by clk). Large setup violations at the end of those stages might be difficult to fix during the post-placement implementation flow and could be the result of non-optimal XDC constraints or non-optimal design architecture
Related violations: <none>

TIMING-16#331 Warning
Large setup violation  
There is a large setup violation of -1.322 ns between GEN_OLANES[0].dot8_inst/product4_reg/DSP_M_DATA_INST/CLK (clocked by clk) and GEN_OLANES[0].dot8_inst/sum1_2_reg/DSP_OUTPUT_INST/ALU_OUT[9] (clocked by clk). Large setup violations at the end of those stages might be difficult to fix during the post-placement implementation flow and could be the result of non-optimal XDC constraints or non-optimal design architecture
Related violations: <none>

TIMING-16#332 Warning
Large setup violation  
There is a large setup violation of -1.322 ns between GEN_OLANES[0].dot8_inst/product6_reg/DSP_M_DATA_INST/CLK (clocked by clk) and GEN_OLANES[0].dot8_inst/sum1_3_reg/DSP_OUTPUT_INST/ALU_OUT[1] (clocked by clk). Large setup violations at the end of those stages might be difficult to fix during the post-placement implementation flow and could be the result of non-optimal XDC constraints or non-optimal design architecture
Related violations: <none>

TIMING-16#333 Warning
Large setup violation  
There is a large setup violation of -1.322 ns between GEN_OLANES[0].dot8_inst/product6_reg/DSP_M_DATA_INST/CLK (clocked by clk) and GEN_OLANES[0].dot8_inst/sum1_3_reg/DSP_OUTPUT_INST/ALU_OUT[2] (clocked by clk). Large setup violations at the end of those stages might be difficult to fix during the post-placement implementation flow and could be the result of non-optimal XDC constraints or non-optimal design architecture
Related violations: <none>

TIMING-16#334 Warning
Large setup violation  
There is a large setup violation of -1.322 ns between GEN_OLANES[0].dot8_inst/product6_reg/DSP_M_DATA_INST/CLK (clocked by clk) and GEN_OLANES[0].dot8_inst/sum1_3_reg/DSP_OUTPUT_INST/ALU_OUT[3] (clocked by clk). Large setup violations at the end of those stages might be difficult to fix during the post-placement implementation flow and could be the result of non-optimal XDC constraints or non-optimal design architecture
Related violations: <none>

TIMING-16#335 Warning
Large setup violation  
There is a large setup violation of -1.322 ns between GEN_OLANES[1].dot8_inst/product0_reg/DSP_M_DATA_INST/CLK (clocked by clk) and GEN_OLANES[1].dot8_inst/sum1_0_reg/DSP_OUTPUT_INST/ALU_OUT[10] (clocked by clk). Large setup violations at the end of those stages might be difficult to fix during the post-placement implementation flow and could be the result of non-optimal XDC constraints or non-optimal design architecture
Related violations: <none>

TIMING-16#336 Warning
Large setup violation  
There is a large setup violation of -1.322 ns between GEN_OLANES[1].dot8_inst/product0_reg/DSP_M_DATA_INST/CLK (clocked by clk) and GEN_OLANES[1].dot8_inst/sum1_0_reg/DSP_OUTPUT_INST/ALU_OUT[11] (clocked by clk). Large setup violations at the end of those stages might be difficult to fix during the post-placement implementation flow and could be the result of non-optimal XDC constraints or non-optimal design architecture
Related violations: <none>

TIMING-16#337 Warning
Large setup violation  
There is a large setup violation of -1.322 ns between GEN_OLANES[1].dot8_inst/product0_reg/DSP_M_DATA_INST/CLK (clocked by clk) and GEN_OLANES[1].dot8_inst/sum1_0_reg/DSP_OUTPUT_INST/ALU_OUT[12] (clocked by clk). Large setup violations at the end of those stages might be difficult to fix during the post-placement implementation flow and could be the result of non-optimal XDC constraints or non-optimal design architecture
Related violations: <none>

TIMING-16#338 Warning
Large setup violation  
There is a large setup violation of -1.322 ns between GEN_OLANES[1].dot8_inst/product0_reg/DSP_M_DATA_INST/CLK (clocked by clk) and GEN_OLANES[1].dot8_inst/sum1_0_reg/DSP_OUTPUT_INST/ALU_OUT[13] (clocked by clk). Large setup violations at the end of those stages might be difficult to fix during the post-placement implementation flow and could be the result of non-optimal XDC constraints or non-optimal design architecture
Related violations: <none>

TIMING-16#339 Warning
Large setup violation  
There is a large setup violation of -1.322 ns between GEN_OLANES[1].dot8_inst/product0_reg/DSP_M_DATA_INST/CLK (clocked by clk) and GEN_OLANES[1].dot8_inst/sum1_0_reg/DSP_OUTPUT_INST/ALU_OUT[14] (clocked by clk). Large setup violations at the end of those stages might be difficult to fix during the post-placement implementation flow and could be the result of non-optimal XDC constraints or non-optimal design architecture
Related violations: <none>

TIMING-16#340 Warning
Large setup violation  
There is a large setup violation of -1.322 ns between GEN_OLANES[1].dot8_inst/product0_reg/DSP_M_DATA_INST/CLK (clocked by clk) and GEN_OLANES[1].dot8_inst/sum1_0_reg/DSP_OUTPUT_INST/ALU_OUT[15] (clocked by clk). Large setup violations at the end of those stages might be difficult to fix during the post-placement implementation flow and could be the result of non-optimal XDC constraints or non-optimal design architecture
Related violations: <none>

TIMING-16#341 Warning
Large setup violation  
There is a large setup violation of -1.322 ns between GEN_OLANES[1].dot8_inst/product0_reg/DSP_M_DATA_INST/CLK (clocked by clk) and GEN_OLANES[1].dot8_inst/sum1_0_reg/DSP_OUTPUT_INST/ALU_OUT[1] (clocked by clk). Large setup violations at the end of those stages might be difficult to fix during the post-placement implementation flow and could be the result of non-optimal XDC constraints or non-optimal design architecture
Related violations: <none>

TIMING-16#342 Warning
Large setup violation  
There is a large setup violation of -1.322 ns between GEN_OLANES[1].dot8_inst/product0_reg/DSP_M_DATA_INST/CLK (clocked by clk) and GEN_OLANES[1].dot8_inst/sum1_0_reg/DSP_OUTPUT_INST/ALU_OUT[2] (clocked by clk). Large setup violations at the end of those stages might be difficult to fix during the post-placement implementation flow and could be the result of non-optimal XDC constraints or non-optimal design architecture
Related violations: <none>

TIMING-16#343 Warning
Large setup violation  
There is a large setup violation of -1.322 ns between GEN_OLANES[1].dot8_inst/product0_reg/DSP_M_DATA_INST/CLK (clocked by clk) and GEN_OLANES[1].dot8_inst/sum1_0_reg/DSP_OUTPUT_INST/ALU_OUT[3] (clocked by clk). Large setup violations at the end of those stages might be difficult to fix during the post-placement implementation flow and could be the result of non-optimal XDC constraints or non-optimal design architecture
Related violations: <none>

TIMING-16#344 Warning
Large setup violation  
There is a large setup violation of -1.322 ns between GEN_OLANES[1].dot8_inst/product0_reg/DSP_M_DATA_INST/CLK (clocked by clk) and GEN_OLANES[1].dot8_inst/sum1_0_reg/DSP_OUTPUT_INST/ALU_OUT[4] (clocked by clk). Large setup violations at the end of those stages might be difficult to fix during the post-placement implementation flow and could be the result of non-optimal XDC constraints or non-optimal design architecture
Related violations: <none>

TIMING-16#345 Warning
Large setup violation  
There is a large setup violation of -1.322 ns between GEN_OLANES[1].dot8_inst/product0_reg/DSP_M_DATA_INST/CLK (clocked by clk) and GEN_OLANES[1].dot8_inst/sum1_0_reg/DSP_OUTPUT_INST/ALU_OUT[5] (clocked by clk). Large setup violations at the end of those stages might be difficult to fix during the post-placement implementation flow and could be the result of non-optimal XDC constraints or non-optimal design architecture
Related violations: <none>

TIMING-16#346 Warning
Large setup violation  
There is a large setup violation of -1.322 ns between GEN_OLANES[1].dot8_inst/product0_reg/DSP_M_DATA_INST/CLK (clocked by clk) and GEN_OLANES[1].dot8_inst/sum1_0_reg/DSP_OUTPUT_INST/ALU_OUT[6] (clocked by clk). Large setup violations at the end of those stages might be difficult to fix during the post-placement implementation flow and could be the result of non-optimal XDC constraints or non-optimal design architecture
Related violations: <none>

TIMING-16#347 Warning
Large setup violation  
There is a large setup violation of -1.322 ns between GEN_OLANES[1].dot8_inst/product0_reg/DSP_M_DATA_INST/CLK (clocked by clk) and GEN_OLANES[1].dot8_inst/sum1_0_reg/DSP_OUTPUT_INST/ALU_OUT[7] (clocked by clk). Large setup violations at the end of those stages might be difficult to fix during the post-placement implementation flow and could be the result of non-optimal XDC constraints or non-optimal design architecture
Related violations: <none>

TIMING-16#348 Warning
Large setup violation  
There is a large setup violation of -1.322 ns between GEN_OLANES[1].dot8_inst/product0_reg/DSP_M_DATA_INST/CLK (clocked by clk) and GEN_OLANES[1].dot8_inst/sum1_0_reg/DSP_OUTPUT_INST/ALU_OUT[8] (clocked by clk). Large setup violations at the end of those stages might be difficult to fix during the post-placement implementation flow and could be the result of non-optimal XDC constraints or non-optimal design architecture
Related violations: <none>

TIMING-16#349 Warning
Large setup violation  
There is a large setup violation of -1.322 ns between GEN_OLANES[1].dot8_inst/product0_reg/DSP_M_DATA_INST/CLK (clocked by clk) and GEN_OLANES[1].dot8_inst/sum1_0_reg/DSP_OUTPUT_INST/ALU_OUT[9] (clocked by clk). Large setup violations at the end of those stages might be difficult to fix during the post-placement implementation flow and could be the result of non-optimal XDC constraints or non-optimal design architecture
Related violations: <none>

TIMING-16#350 Warning
Large setup violation  
There is a large setup violation of -1.322 ns between GEN_OLANES[1].dot8_inst/product2_reg/DSP_M_DATA_INST/CLK (clocked by clk) and GEN_OLANES[1].dot8_inst/sum1_1_reg/DSP_OUTPUT_INST/ALU_OUT[10] (clocked by clk). Large setup violations at the end of those stages might be difficult to fix during the post-placement implementation flow and could be the result of non-optimal XDC constraints or non-optimal design architecture
Related violations: <none>

TIMING-16#351 Warning
Large setup violation  
There is a large setup violation of -1.322 ns between GEN_OLANES[1].dot8_inst/product2_reg/DSP_M_DATA_INST/CLK (clocked by clk) and GEN_OLANES[1].dot8_inst/sum1_1_reg/DSP_OUTPUT_INST/ALU_OUT[11] (clocked by clk). Large setup violations at the end of those stages might be difficult to fix during the post-placement implementation flow and could be the result of non-optimal XDC constraints or non-optimal design architecture
Related violations: <none>

TIMING-16#352 Warning
Large setup violation  
There is a large setup violation of -1.322 ns between GEN_OLANES[1].dot8_inst/product2_reg/DSP_M_DATA_INST/CLK (clocked by clk) and GEN_OLANES[1].dot8_inst/sum1_1_reg/DSP_OUTPUT_INST/ALU_OUT[12] (clocked by clk). Large setup violations at the end of those stages might be difficult to fix during the post-placement implementation flow and could be the result of non-optimal XDC constraints or non-optimal design architecture
Related violations: <none>

TIMING-16#353 Warning
Large setup violation  
There is a large setup violation of -1.322 ns between GEN_OLANES[1].dot8_inst/product2_reg/DSP_M_DATA_INST/CLK (clocked by clk) and GEN_OLANES[1].dot8_inst/sum1_1_reg/DSP_OUTPUT_INST/ALU_OUT[13] (clocked by clk). Large setup violations at the end of those stages might be difficult to fix during the post-placement implementation flow and could be the result of non-optimal XDC constraints or non-optimal design architecture
Related violations: <none>

TIMING-16#354 Warning
Large setup violation  
There is a large setup violation of -1.322 ns between GEN_OLANES[1].dot8_inst/product2_reg/DSP_M_DATA_INST/CLK (clocked by clk) and GEN_OLANES[1].dot8_inst/sum1_1_reg/DSP_OUTPUT_INST/ALU_OUT[14] (clocked by clk). Large setup violations at the end of those stages might be difficult to fix during the post-placement implementation flow and could be the result of non-optimal XDC constraints or non-optimal design architecture
Related violations: <none>

TIMING-16#355 Warning
Large setup violation  
There is a large setup violation of -1.322 ns between GEN_OLANES[1].dot8_inst/product2_reg/DSP_M_DATA_INST/CLK (clocked by clk) and GEN_OLANES[1].dot8_inst/sum1_1_reg/DSP_OUTPUT_INST/ALU_OUT[15] (clocked by clk). Large setup violations at the end of those stages might be difficult to fix during the post-placement implementation flow and could be the result of non-optimal XDC constraints or non-optimal design architecture
Related violations: <none>

TIMING-16#356 Warning
Large setup violation  
There is a large setup violation of -1.322 ns between GEN_OLANES[1].dot8_inst/product2_reg/DSP_M_DATA_INST/CLK (clocked by clk) and GEN_OLANES[1].dot8_inst/sum1_1_reg/DSP_OUTPUT_INST/ALU_OUT[1] (clocked by clk). Large setup violations at the end of those stages might be difficult to fix during the post-placement implementation flow and could be the result of non-optimal XDC constraints or non-optimal design architecture
Related violations: <none>

TIMING-16#357 Warning
Large setup violation  
There is a large setup violation of -1.322 ns between GEN_OLANES[1].dot8_inst/product2_reg/DSP_M_DATA_INST/CLK (clocked by clk) and GEN_OLANES[1].dot8_inst/sum1_1_reg/DSP_OUTPUT_INST/ALU_OUT[2] (clocked by clk). Large setup violations at the end of those stages might be difficult to fix during the post-placement implementation flow and could be the result of non-optimal XDC constraints or non-optimal design architecture
Related violations: <none>

TIMING-16#358 Warning
Large setup violation  
There is a large setup violation of -1.322 ns between GEN_OLANES[1].dot8_inst/product2_reg/DSP_M_DATA_INST/CLK (clocked by clk) and GEN_OLANES[1].dot8_inst/sum1_1_reg/DSP_OUTPUT_INST/ALU_OUT[3] (clocked by clk). Large setup violations at the end of those stages might be difficult to fix during the post-placement implementation flow and could be the result of non-optimal XDC constraints or non-optimal design architecture
Related violations: <none>

TIMING-16#359 Warning
Large setup violation  
There is a large setup violation of -1.322 ns between GEN_OLANES[1].dot8_inst/product2_reg/DSP_M_DATA_INST/CLK (clocked by clk) and GEN_OLANES[1].dot8_inst/sum1_1_reg/DSP_OUTPUT_INST/ALU_OUT[4] (clocked by clk). Large setup violations at the end of those stages might be difficult to fix during the post-placement implementation flow and could be the result of non-optimal XDC constraints or non-optimal design architecture
Related violations: <none>

TIMING-16#360 Warning
Large setup violation  
There is a large setup violation of -1.322 ns between GEN_OLANES[1].dot8_inst/product2_reg/DSP_M_DATA_INST/CLK (clocked by clk) and GEN_OLANES[1].dot8_inst/sum1_1_reg/DSP_OUTPUT_INST/ALU_OUT[5] (clocked by clk). Large setup violations at the end of those stages might be difficult to fix during the post-placement implementation flow and could be the result of non-optimal XDC constraints or non-optimal design architecture
Related violations: <none>

TIMING-16#361 Warning
Large setup violation  
There is a large setup violation of -1.322 ns between GEN_OLANES[1].dot8_inst/product2_reg/DSP_M_DATA_INST/CLK (clocked by clk) and GEN_OLANES[1].dot8_inst/sum1_1_reg/DSP_OUTPUT_INST/ALU_OUT[6] (clocked by clk). Large setup violations at the end of those stages might be difficult to fix during the post-placement implementation flow and could be the result of non-optimal XDC constraints or non-optimal design architecture
Related violations: <none>

TIMING-16#362 Warning
Large setup violation  
There is a large setup violation of -1.322 ns between GEN_OLANES[1].dot8_inst/product2_reg/DSP_M_DATA_INST/CLK (clocked by clk) and GEN_OLANES[1].dot8_inst/sum1_1_reg/DSP_OUTPUT_INST/ALU_OUT[7] (clocked by clk). Large setup violations at the end of those stages might be difficult to fix during the post-placement implementation flow and could be the result of non-optimal XDC constraints or non-optimal design architecture
Related violations: <none>

TIMING-16#363 Warning
Large setup violation  
There is a large setup violation of -1.322 ns between GEN_OLANES[1].dot8_inst/product2_reg/DSP_M_DATA_INST/CLK (clocked by clk) and GEN_OLANES[1].dot8_inst/sum1_1_reg/DSP_OUTPUT_INST/ALU_OUT[8] (clocked by clk). Large setup violations at the end of those stages might be difficult to fix during the post-placement implementation flow and could be the result of non-optimal XDC constraints or non-optimal design architecture
Related violations: <none>

TIMING-16#364 Warning
Large setup violation  
There is a large setup violation of -1.322 ns between GEN_OLANES[1].dot8_inst/product2_reg/DSP_M_DATA_INST/CLK (clocked by clk) and GEN_OLANES[1].dot8_inst/sum1_1_reg/DSP_OUTPUT_INST/ALU_OUT[9] (clocked by clk). Large setup violations at the end of those stages might be difficult to fix during the post-placement implementation flow and could be the result of non-optimal XDC constraints or non-optimal design architecture
Related violations: <none>

TIMING-16#365 Warning
Large setup violation  
There is a large setup violation of -1.322 ns between GEN_OLANES[1].dot8_inst/product4_reg/DSP_M_DATA_INST/CLK (clocked by clk) and GEN_OLANES[1].dot8_inst/sum1_2_reg/DSP_OUTPUT_INST/ALU_OUT[10] (clocked by clk). Large setup violations at the end of those stages might be difficult to fix during the post-placement implementation flow and could be the result of non-optimal XDC constraints or non-optimal design architecture
Related violations: <none>

TIMING-16#366 Warning
Large setup violation  
There is a large setup violation of -1.322 ns between GEN_OLANES[1].dot8_inst/product4_reg/DSP_M_DATA_INST/CLK (clocked by clk) and GEN_OLANES[1].dot8_inst/sum1_2_reg/DSP_OUTPUT_INST/ALU_OUT[11] (clocked by clk). Large setup violations at the end of those stages might be difficult to fix during the post-placement implementation flow and could be the result of non-optimal XDC constraints or non-optimal design architecture
Related violations: <none>

TIMING-16#367 Warning
Large setup violation  
There is a large setup violation of -1.322 ns between GEN_OLANES[1].dot8_inst/product4_reg/DSP_M_DATA_INST/CLK (clocked by clk) and GEN_OLANES[1].dot8_inst/sum1_2_reg/DSP_OUTPUT_INST/ALU_OUT[12] (clocked by clk). Large setup violations at the end of those stages might be difficult to fix during the post-placement implementation flow and could be the result of non-optimal XDC constraints or non-optimal design architecture
Related violations: <none>

TIMING-16#368 Warning
Large setup violation  
There is a large setup violation of -1.322 ns between GEN_OLANES[1].dot8_inst/product4_reg/DSP_M_DATA_INST/CLK (clocked by clk) and GEN_OLANES[1].dot8_inst/sum1_2_reg/DSP_OUTPUT_INST/ALU_OUT[13] (clocked by clk). Large setup violations at the end of those stages might be difficult to fix during the post-placement implementation flow and could be the result of non-optimal XDC constraints or non-optimal design architecture
Related violations: <none>

TIMING-16#369 Warning
Large setup violation  
There is a large setup violation of -1.322 ns between GEN_OLANES[1].dot8_inst/product4_reg/DSP_M_DATA_INST/CLK (clocked by clk) and GEN_OLANES[1].dot8_inst/sum1_2_reg/DSP_OUTPUT_INST/ALU_OUT[14] (clocked by clk). Large setup violations at the end of those stages might be difficult to fix during the post-placement implementation flow and could be the result of non-optimal XDC constraints or non-optimal design architecture
Related violations: <none>

TIMING-16#370 Warning
Large setup violation  
There is a large setup violation of -1.322 ns between GEN_OLANES[1].dot8_inst/product4_reg/DSP_M_DATA_INST/CLK (clocked by clk) and GEN_OLANES[1].dot8_inst/sum1_2_reg/DSP_OUTPUT_INST/ALU_OUT[15] (clocked by clk). Large setup violations at the end of those stages might be difficult to fix during the post-placement implementation flow and could be the result of non-optimal XDC constraints or non-optimal design architecture
Related violations: <none>

TIMING-16#371 Warning
Large setup violation  
There is a large setup violation of -1.322 ns between GEN_OLANES[1].dot8_inst/product4_reg/DSP_M_DATA_INST/CLK (clocked by clk) and GEN_OLANES[1].dot8_inst/sum1_2_reg/DSP_OUTPUT_INST/ALU_OUT[1] (clocked by clk). Large setup violations at the end of those stages might be difficult to fix during the post-placement implementation flow and could be the result of non-optimal XDC constraints or non-optimal design architecture
Related violations: <none>

TIMING-16#372 Warning
Large setup violation  
There is a large setup violation of -1.322 ns between GEN_OLANES[1].dot8_inst/product4_reg/DSP_M_DATA_INST/CLK (clocked by clk) and GEN_OLANES[1].dot8_inst/sum1_2_reg/DSP_OUTPUT_INST/ALU_OUT[2] (clocked by clk). Large setup violations at the end of those stages might be difficult to fix during the post-placement implementation flow and could be the result of non-optimal XDC constraints or non-optimal design architecture
Related violations: <none>

TIMING-16#373 Warning
Large setup violation  
There is a large setup violation of -1.322 ns between GEN_OLANES[1].dot8_inst/product4_reg/DSP_M_DATA_INST/CLK (clocked by clk) and GEN_OLANES[1].dot8_inst/sum1_2_reg/DSP_OUTPUT_INST/ALU_OUT[3] (clocked by clk). Large setup violations at the end of those stages might be difficult to fix during the post-placement implementation flow and could be the result of non-optimal XDC constraints or non-optimal design architecture
Related violations: <none>

TIMING-16#374 Warning
Large setup violation  
There is a large setup violation of -1.322 ns between GEN_OLANES[1].dot8_inst/product4_reg/DSP_M_DATA_INST/CLK (clocked by clk) and GEN_OLANES[1].dot8_inst/sum1_2_reg/DSP_OUTPUT_INST/ALU_OUT[4] (clocked by clk). Large setup violations at the end of those stages might be difficult to fix during the post-placement implementation flow and could be the result of non-optimal XDC constraints or non-optimal design architecture
Related violations: <none>

TIMING-16#375 Warning
Large setup violation  
There is a large setup violation of -1.322 ns between GEN_OLANES[1].dot8_inst/product4_reg/DSP_M_DATA_INST/CLK (clocked by clk) and GEN_OLANES[1].dot8_inst/sum1_2_reg/DSP_OUTPUT_INST/ALU_OUT[5] (clocked by clk). Large setup violations at the end of those stages might be difficult to fix during the post-placement implementation flow and could be the result of non-optimal XDC constraints or non-optimal design architecture
Related violations: <none>

TIMING-16#376 Warning
Large setup violation  
There is a large setup violation of -1.322 ns between GEN_OLANES[1].dot8_inst/product4_reg/DSP_M_DATA_INST/CLK (clocked by clk) and GEN_OLANES[1].dot8_inst/sum1_2_reg/DSP_OUTPUT_INST/ALU_OUT[6] (clocked by clk). Large setup violations at the end of those stages might be difficult to fix during the post-placement implementation flow and could be the result of non-optimal XDC constraints or non-optimal design architecture
Related violations: <none>

TIMING-16#377 Warning
Large setup violation  
There is a large setup violation of -1.322 ns between GEN_OLANES[1].dot8_inst/product4_reg/DSP_M_DATA_INST/CLK (clocked by clk) and GEN_OLANES[1].dot8_inst/sum1_2_reg/DSP_OUTPUT_INST/ALU_OUT[7] (clocked by clk). Large setup violations at the end of those stages might be difficult to fix during the post-placement implementation flow and could be the result of non-optimal XDC constraints or non-optimal design architecture
Related violations: <none>

TIMING-16#378 Warning
Large setup violation  
There is a large setup violation of -1.322 ns between GEN_OLANES[1].dot8_inst/product4_reg/DSP_M_DATA_INST/CLK (clocked by clk) and GEN_OLANES[1].dot8_inst/sum1_2_reg/DSP_OUTPUT_INST/ALU_OUT[8] (clocked by clk). Large setup violations at the end of those stages might be difficult to fix during the post-placement implementation flow and could be the result of non-optimal XDC constraints or non-optimal design architecture
Related violations: <none>

TIMING-16#379 Warning
Large setup violation  
There is a large setup violation of -1.322 ns between GEN_OLANES[1].dot8_inst/product4_reg/DSP_M_DATA_INST/CLK (clocked by clk) and GEN_OLANES[1].dot8_inst/sum1_2_reg/DSP_OUTPUT_INST/ALU_OUT[9] (clocked by clk). Large setup violations at the end of those stages might be difficult to fix during the post-placement implementation flow and could be the result of non-optimal XDC constraints or non-optimal design architecture
Related violations: <none>

TIMING-16#380 Warning
Large setup violation  
There is a large setup violation of -1.322 ns between GEN_OLANES[1].dot8_inst/product6_reg/DSP_M_DATA_INST/CLK (clocked by clk) and GEN_OLANES[1].dot8_inst/sum1_3_reg/DSP_OUTPUT_INST/ALU_OUT[10] (clocked by clk). Large setup violations at the end of those stages might be difficult to fix during the post-placement implementation flow and could be the result of non-optimal XDC constraints or non-optimal design architecture
Related violations: <none>

TIMING-16#381 Warning
Large setup violation  
There is a large setup violation of -1.322 ns between GEN_OLANES[1].dot8_inst/product6_reg/DSP_M_DATA_INST/CLK (clocked by clk) and GEN_OLANES[1].dot8_inst/sum1_3_reg/DSP_OUTPUT_INST/ALU_OUT[11] (clocked by clk). Large setup violations at the end of those stages might be difficult to fix during the post-placement implementation flow and could be the result of non-optimal XDC constraints or non-optimal design architecture
Related violations: <none>

TIMING-16#382 Warning
Large setup violation  
There is a large setup violation of -1.322 ns between GEN_OLANES[1].dot8_inst/product6_reg/DSP_M_DATA_INST/CLK (clocked by clk) and GEN_OLANES[1].dot8_inst/sum1_3_reg/DSP_OUTPUT_INST/ALU_OUT[12] (clocked by clk). Large setup violations at the end of those stages might be difficult to fix during the post-placement implementation flow and could be the result of non-optimal XDC constraints or non-optimal design architecture
Related violations: <none>

TIMING-16#383 Warning
Large setup violation  
There is a large setup violation of -1.322 ns between GEN_OLANES[1].dot8_inst/product6_reg/DSP_M_DATA_INST/CLK (clocked by clk) and GEN_OLANES[1].dot8_inst/sum1_3_reg/DSP_OUTPUT_INST/ALU_OUT[13] (clocked by clk). Large setup violations at the end of those stages might be difficult to fix during the post-placement implementation flow and could be the result of non-optimal XDC constraints or non-optimal design architecture
Related violations: <none>

TIMING-16#384 Warning
Large setup violation  
There is a large setup violation of -1.322 ns between GEN_OLANES[1].dot8_inst/product6_reg/DSP_M_DATA_INST/CLK (clocked by clk) and GEN_OLANES[1].dot8_inst/sum1_3_reg/DSP_OUTPUT_INST/ALU_OUT[14] (clocked by clk). Large setup violations at the end of those stages might be difficult to fix during the post-placement implementation flow and could be the result of non-optimal XDC constraints or non-optimal design architecture
Related violations: <none>

TIMING-16#385 Warning
Large setup violation  
There is a large setup violation of -1.322 ns between GEN_OLANES[1].dot8_inst/product6_reg/DSP_M_DATA_INST/CLK (clocked by clk) and GEN_OLANES[1].dot8_inst/sum1_3_reg/DSP_OUTPUT_INST/ALU_OUT[15] (clocked by clk). Large setup violations at the end of those stages might be difficult to fix during the post-placement implementation flow and could be the result of non-optimal XDC constraints or non-optimal design architecture
Related violations: <none>

TIMING-16#386 Warning
Large setup violation  
There is a large setup violation of -1.322 ns between GEN_OLANES[1].dot8_inst/product6_reg/DSP_M_DATA_INST/CLK (clocked by clk) and GEN_OLANES[1].dot8_inst/sum1_3_reg/DSP_OUTPUT_INST/ALU_OUT[1] (clocked by clk). Large setup violations at the end of those stages might be difficult to fix during the post-placement implementation flow and could be the result of non-optimal XDC constraints or non-optimal design architecture
Related violations: <none>

TIMING-16#387 Warning
Large setup violation  
There is a large setup violation of -1.322 ns between GEN_OLANES[1].dot8_inst/product6_reg/DSP_M_DATA_INST/CLK (clocked by clk) and GEN_OLANES[1].dot8_inst/sum1_3_reg/DSP_OUTPUT_INST/ALU_OUT[2] (clocked by clk). Large setup violations at the end of those stages might be difficult to fix during the post-placement implementation flow and could be the result of non-optimal XDC constraints or non-optimal design architecture
Related violations: <none>

TIMING-16#388 Warning
Large setup violation  
There is a large setup violation of -1.322 ns between GEN_OLANES[1].dot8_inst/product6_reg/DSP_M_DATA_INST/CLK (clocked by clk) and GEN_OLANES[1].dot8_inst/sum1_3_reg/DSP_OUTPUT_INST/ALU_OUT[3] (clocked by clk). Large setup violations at the end of those stages might be difficult to fix during the post-placement implementation flow and could be the result of non-optimal XDC constraints or non-optimal design architecture
Related violations: <none>

TIMING-16#389 Warning
Large setup violation  
There is a large setup violation of -1.322 ns between GEN_OLANES[1].dot8_inst/product6_reg/DSP_M_DATA_INST/CLK (clocked by clk) and GEN_OLANES[1].dot8_inst/sum1_3_reg/DSP_OUTPUT_INST/ALU_OUT[4] (clocked by clk). Large setup violations at the end of those stages might be difficult to fix during the post-placement implementation flow and could be the result of non-optimal XDC constraints or non-optimal design architecture
Related violations: <none>

TIMING-16#390 Warning
Large setup violation  
There is a large setup violation of -1.322 ns between GEN_OLANES[1].dot8_inst/product6_reg/DSP_M_DATA_INST/CLK (clocked by clk) and GEN_OLANES[1].dot8_inst/sum1_3_reg/DSP_OUTPUT_INST/ALU_OUT[5] (clocked by clk). Large setup violations at the end of those stages might be difficult to fix during the post-placement implementation flow and could be the result of non-optimal XDC constraints or non-optimal design architecture
Related violations: <none>

TIMING-16#391 Warning
Large setup violation  
There is a large setup violation of -1.322 ns between GEN_OLANES[1].dot8_inst/product6_reg/DSP_M_DATA_INST/CLK (clocked by clk) and GEN_OLANES[1].dot8_inst/sum1_3_reg/DSP_OUTPUT_INST/ALU_OUT[6] (clocked by clk). Large setup violations at the end of those stages might be difficult to fix during the post-placement implementation flow and could be the result of non-optimal XDC constraints or non-optimal design architecture
Related violations: <none>

TIMING-16#392 Warning
Large setup violation  
There is a large setup violation of -1.322 ns between GEN_OLANES[1].dot8_inst/product6_reg/DSP_M_DATA_INST/CLK (clocked by clk) and GEN_OLANES[1].dot8_inst/sum1_3_reg/DSP_OUTPUT_INST/ALU_OUT[7] (clocked by clk). Large setup violations at the end of those stages might be difficult to fix during the post-placement implementation flow and could be the result of non-optimal XDC constraints or non-optimal design architecture
Related violations: <none>

TIMING-16#393 Warning
Large setup violation  
There is a large setup violation of -1.322 ns between GEN_OLANES[1].dot8_inst/product6_reg/DSP_M_DATA_INST/CLK (clocked by clk) and GEN_OLANES[1].dot8_inst/sum1_3_reg/DSP_OUTPUT_INST/ALU_OUT[8] (clocked by clk). Large setup violations at the end of those stages might be difficult to fix during the post-placement implementation flow and could be the result of non-optimal XDC constraints or non-optimal design architecture
Related violations: <none>

TIMING-16#394 Warning
Large setup violation  
There is a large setup violation of -1.322 ns between GEN_OLANES[1].dot8_inst/product6_reg/DSP_M_DATA_INST/CLK (clocked by clk) and GEN_OLANES[1].dot8_inst/sum1_3_reg/DSP_OUTPUT_INST/ALU_OUT[9] (clocked by clk). Large setup violations at the end of those stages might be difficult to fix during the post-placement implementation flow and could be the result of non-optimal XDC constraints or non-optimal design architecture
Related violations: <none>

TIMING-16#395 Warning
Large setup violation  
There is a large setup violation of -1.322 ns between GEN_OLANES[2].dot8_inst/product0_reg/DSP_M_DATA_INST/CLK (clocked by clk) and GEN_OLANES[2].dot8_inst/sum1_0_reg/DSP_OUTPUT_INST/ALU_OUT[10] (clocked by clk). Large setup violations at the end of those stages might be difficult to fix during the post-placement implementation flow and could be the result of non-optimal XDC constraints or non-optimal design architecture
Related violations: <none>

TIMING-16#396 Warning
Large setup violation  
There is a large setup violation of -1.322 ns between GEN_OLANES[2].dot8_inst/product0_reg/DSP_M_DATA_INST/CLK (clocked by clk) and GEN_OLANES[2].dot8_inst/sum1_0_reg/DSP_OUTPUT_INST/ALU_OUT[11] (clocked by clk). Large setup violations at the end of those stages might be difficult to fix during the post-placement implementation flow and could be the result of non-optimal XDC constraints or non-optimal design architecture
Related violations: <none>

TIMING-16#397 Warning
Large setup violation  
There is a large setup violation of -1.322 ns between GEN_OLANES[2].dot8_inst/product0_reg/DSP_M_DATA_INST/CLK (clocked by clk) and GEN_OLANES[2].dot8_inst/sum1_0_reg/DSP_OUTPUT_INST/ALU_OUT[12] (clocked by clk). Large setup violations at the end of those stages might be difficult to fix during the post-placement implementation flow and could be the result of non-optimal XDC constraints or non-optimal design architecture
Related violations: <none>

TIMING-16#398 Warning
Large setup violation  
There is a large setup violation of -1.322 ns between GEN_OLANES[2].dot8_inst/product0_reg/DSP_M_DATA_INST/CLK (clocked by clk) and GEN_OLANES[2].dot8_inst/sum1_0_reg/DSP_OUTPUT_INST/ALU_OUT[13] (clocked by clk). Large setup violations at the end of those stages might be difficult to fix during the post-placement implementation flow and could be the result of non-optimal XDC constraints or non-optimal design architecture
Related violations: <none>

TIMING-16#399 Warning
Large setup violation  
There is a large setup violation of -1.322 ns between GEN_OLANES[2].dot8_inst/product0_reg/DSP_M_DATA_INST/CLK (clocked by clk) and GEN_OLANES[2].dot8_inst/sum1_0_reg/DSP_OUTPUT_INST/ALU_OUT[14] (clocked by clk). Large setup violations at the end of those stages might be difficult to fix during the post-placement implementation flow and could be the result of non-optimal XDC constraints or non-optimal design architecture
Related violations: <none>

TIMING-16#400 Warning
Large setup violation  
There is a large setup violation of -1.322 ns between GEN_OLANES[2].dot8_inst/product0_reg/DSP_M_DATA_INST/CLK (clocked by clk) and GEN_OLANES[2].dot8_inst/sum1_0_reg/DSP_OUTPUT_INST/ALU_OUT[15] (clocked by clk). Large setup violations at the end of those stages might be difficult to fix during the post-placement implementation flow and could be the result of non-optimal XDC constraints or non-optimal design architecture
Related violations: <none>

TIMING-16#401 Warning
Large setup violation  
There is a large setup violation of -1.322 ns between GEN_OLANES[2].dot8_inst/product0_reg/DSP_M_DATA_INST/CLK (clocked by clk) and GEN_OLANES[2].dot8_inst/sum1_0_reg/DSP_OUTPUT_INST/ALU_OUT[1] (clocked by clk). Large setup violations at the end of those stages might be difficult to fix during the post-placement implementation flow and could be the result of non-optimal XDC constraints or non-optimal design architecture
Related violations: <none>

TIMING-16#402 Warning
Large setup violation  
There is a large setup violation of -1.322 ns between GEN_OLANES[2].dot8_inst/product0_reg/DSP_M_DATA_INST/CLK (clocked by clk) and GEN_OLANES[2].dot8_inst/sum1_0_reg/DSP_OUTPUT_INST/ALU_OUT[2] (clocked by clk). Large setup violations at the end of those stages might be difficult to fix during the post-placement implementation flow and could be the result of non-optimal XDC constraints or non-optimal design architecture
Related violations: <none>

TIMING-16#403 Warning
Large setup violation  
There is a large setup violation of -1.322 ns between GEN_OLANES[2].dot8_inst/product0_reg/DSP_M_DATA_INST/CLK (clocked by clk) and GEN_OLANES[2].dot8_inst/sum1_0_reg/DSP_OUTPUT_INST/ALU_OUT[3] (clocked by clk). Large setup violations at the end of those stages might be difficult to fix during the post-placement implementation flow and could be the result of non-optimal XDC constraints or non-optimal design architecture
Related violations: <none>

TIMING-16#404 Warning
Large setup violation  
There is a large setup violation of -1.322 ns between GEN_OLANES[2].dot8_inst/product0_reg/DSP_M_DATA_INST/CLK (clocked by clk) and GEN_OLANES[2].dot8_inst/sum1_0_reg/DSP_OUTPUT_INST/ALU_OUT[4] (clocked by clk). Large setup violations at the end of those stages might be difficult to fix during the post-placement implementation flow and could be the result of non-optimal XDC constraints or non-optimal design architecture
Related violations: <none>

TIMING-16#405 Warning
Large setup violation  
There is a large setup violation of -1.322 ns between GEN_OLANES[2].dot8_inst/product0_reg/DSP_M_DATA_INST/CLK (clocked by clk) and GEN_OLANES[2].dot8_inst/sum1_0_reg/DSP_OUTPUT_INST/ALU_OUT[5] (clocked by clk). Large setup violations at the end of those stages might be difficult to fix during the post-placement implementation flow and could be the result of non-optimal XDC constraints or non-optimal design architecture
Related violations: <none>

TIMING-16#406 Warning
Large setup violation  
There is a large setup violation of -1.322 ns between GEN_OLANES[2].dot8_inst/product0_reg/DSP_M_DATA_INST/CLK (clocked by clk) and GEN_OLANES[2].dot8_inst/sum1_0_reg/DSP_OUTPUT_INST/ALU_OUT[6] (clocked by clk). Large setup violations at the end of those stages might be difficult to fix during the post-placement implementation flow and could be the result of non-optimal XDC constraints or non-optimal design architecture
Related violations: <none>

TIMING-16#407 Warning
Large setup violation  
There is a large setup violation of -1.322 ns between GEN_OLANES[2].dot8_inst/product0_reg/DSP_M_DATA_INST/CLK (clocked by clk) and GEN_OLANES[2].dot8_inst/sum1_0_reg/DSP_OUTPUT_INST/ALU_OUT[7] (clocked by clk). Large setup violations at the end of those stages might be difficult to fix during the post-placement implementation flow and could be the result of non-optimal XDC constraints or non-optimal design architecture
Related violations: <none>

TIMING-16#408 Warning
Large setup violation  
There is a large setup violation of -1.322 ns between GEN_OLANES[2].dot8_inst/product0_reg/DSP_M_DATA_INST/CLK (clocked by clk) and GEN_OLANES[2].dot8_inst/sum1_0_reg/DSP_OUTPUT_INST/ALU_OUT[8] (clocked by clk). Large setup violations at the end of those stages might be difficult to fix during the post-placement implementation flow and could be the result of non-optimal XDC constraints or non-optimal design architecture
Related violations: <none>

TIMING-16#409 Warning
Large setup violation  
There is a large setup violation of -1.322 ns between GEN_OLANES[2].dot8_inst/product0_reg/DSP_M_DATA_INST/CLK (clocked by clk) and GEN_OLANES[2].dot8_inst/sum1_0_reg/DSP_OUTPUT_INST/ALU_OUT[9] (clocked by clk). Large setup violations at the end of those stages might be difficult to fix during the post-placement implementation flow and could be the result of non-optimal XDC constraints or non-optimal design architecture
Related violations: <none>

TIMING-16#410 Warning
Large setup violation  
There is a large setup violation of -1.322 ns between GEN_OLANES[2].dot8_inst/product2_reg/DSP_M_DATA_INST/CLK (clocked by clk) and GEN_OLANES[2].dot8_inst/sum1_1_reg/DSP_OUTPUT_INST/ALU_OUT[10] (clocked by clk). Large setup violations at the end of those stages might be difficult to fix during the post-placement implementation flow and could be the result of non-optimal XDC constraints or non-optimal design architecture
Related violations: <none>

TIMING-16#411 Warning
Large setup violation  
There is a large setup violation of -1.322 ns between GEN_OLANES[2].dot8_inst/product2_reg/DSP_M_DATA_INST/CLK (clocked by clk) and GEN_OLANES[2].dot8_inst/sum1_1_reg/DSP_OUTPUT_INST/ALU_OUT[11] (clocked by clk). Large setup violations at the end of those stages might be difficult to fix during the post-placement implementation flow and could be the result of non-optimal XDC constraints or non-optimal design architecture
Related violations: <none>

TIMING-16#412 Warning
Large setup violation  
There is a large setup violation of -1.322 ns between GEN_OLANES[2].dot8_inst/product2_reg/DSP_M_DATA_INST/CLK (clocked by clk) and GEN_OLANES[2].dot8_inst/sum1_1_reg/DSP_OUTPUT_INST/ALU_OUT[12] (clocked by clk). Large setup violations at the end of those stages might be difficult to fix during the post-placement implementation flow and could be the result of non-optimal XDC constraints or non-optimal design architecture
Related violations: <none>

TIMING-16#413 Warning
Large setup violation  
There is a large setup violation of -1.322 ns between GEN_OLANES[2].dot8_inst/product2_reg/DSP_M_DATA_INST/CLK (clocked by clk) and GEN_OLANES[2].dot8_inst/sum1_1_reg/DSP_OUTPUT_INST/ALU_OUT[13] (clocked by clk). Large setup violations at the end of those stages might be difficult to fix during the post-placement implementation flow and could be the result of non-optimal XDC constraints or non-optimal design architecture
Related violations: <none>

TIMING-16#414 Warning
Large setup violation  
There is a large setup violation of -1.322 ns between GEN_OLANES[2].dot8_inst/product2_reg/DSP_M_DATA_INST/CLK (clocked by clk) and GEN_OLANES[2].dot8_inst/sum1_1_reg/DSP_OUTPUT_INST/ALU_OUT[14] (clocked by clk). Large setup violations at the end of those stages might be difficult to fix during the post-placement implementation flow and could be the result of non-optimal XDC constraints or non-optimal design architecture
Related violations: <none>

TIMING-16#415 Warning
Large setup violation  
There is a large setup violation of -1.322 ns between GEN_OLANES[2].dot8_inst/product2_reg/DSP_M_DATA_INST/CLK (clocked by clk) and GEN_OLANES[2].dot8_inst/sum1_1_reg/DSP_OUTPUT_INST/ALU_OUT[15] (clocked by clk). Large setup violations at the end of those stages might be difficult to fix during the post-placement implementation flow and could be the result of non-optimal XDC constraints or non-optimal design architecture
Related violations: <none>

TIMING-16#416 Warning
Large setup violation  
There is a large setup violation of -1.322 ns between GEN_OLANES[2].dot8_inst/product2_reg/DSP_M_DATA_INST/CLK (clocked by clk) and GEN_OLANES[2].dot8_inst/sum1_1_reg/DSP_OUTPUT_INST/ALU_OUT[1] (clocked by clk). Large setup violations at the end of those stages might be difficult to fix during the post-placement implementation flow and could be the result of non-optimal XDC constraints or non-optimal design architecture
Related violations: <none>

TIMING-16#417 Warning
Large setup violation  
There is a large setup violation of -1.322 ns between GEN_OLANES[2].dot8_inst/product2_reg/DSP_M_DATA_INST/CLK (clocked by clk) and GEN_OLANES[2].dot8_inst/sum1_1_reg/DSP_OUTPUT_INST/ALU_OUT[2] (clocked by clk). Large setup violations at the end of those stages might be difficult to fix during the post-placement implementation flow and could be the result of non-optimal XDC constraints or non-optimal design architecture
Related violations: <none>

TIMING-16#418 Warning
Large setup violation  
There is a large setup violation of -1.322 ns between GEN_OLANES[2].dot8_inst/product2_reg/DSP_M_DATA_INST/CLK (clocked by clk) and GEN_OLANES[2].dot8_inst/sum1_1_reg/DSP_OUTPUT_INST/ALU_OUT[3] (clocked by clk). Large setup violations at the end of those stages might be difficult to fix during the post-placement implementation flow and could be the result of non-optimal XDC constraints or non-optimal design architecture
Related violations: <none>

TIMING-16#419 Warning
Large setup violation  
There is a large setup violation of -1.322 ns between GEN_OLANES[2].dot8_inst/product2_reg/DSP_M_DATA_INST/CLK (clocked by clk) and GEN_OLANES[2].dot8_inst/sum1_1_reg/DSP_OUTPUT_INST/ALU_OUT[4] (clocked by clk). Large setup violations at the end of those stages might be difficult to fix during the post-placement implementation flow and could be the result of non-optimal XDC constraints or non-optimal design architecture
Related violations: <none>

TIMING-16#420 Warning
Large setup violation  
There is a large setup violation of -1.322 ns between GEN_OLANES[2].dot8_inst/product2_reg/DSP_M_DATA_INST/CLK (clocked by clk) and GEN_OLANES[2].dot8_inst/sum1_1_reg/DSP_OUTPUT_INST/ALU_OUT[5] (clocked by clk). Large setup violations at the end of those stages might be difficult to fix during the post-placement implementation flow and could be the result of non-optimal XDC constraints or non-optimal design architecture
Related violations: <none>

TIMING-16#421 Warning
Large setup violation  
There is a large setup violation of -1.322 ns between GEN_OLANES[2].dot8_inst/product2_reg/DSP_M_DATA_INST/CLK (clocked by clk) and GEN_OLANES[2].dot8_inst/sum1_1_reg/DSP_OUTPUT_INST/ALU_OUT[6] (clocked by clk). Large setup violations at the end of those stages might be difficult to fix during the post-placement implementation flow and could be the result of non-optimal XDC constraints or non-optimal design architecture
Related violations: <none>

TIMING-16#422 Warning
Large setup violation  
There is a large setup violation of -1.322 ns between GEN_OLANES[2].dot8_inst/product2_reg/DSP_M_DATA_INST/CLK (clocked by clk) and GEN_OLANES[2].dot8_inst/sum1_1_reg/DSP_OUTPUT_INST/ALU_OUT[7] (clocked by clk). Large setup violations at the end of those stages might be difficult to fix during the post-placement implementation flow and could be the result of non-optimal XDC constraints or non-optimal design architecture
Related violations: <none>

TIMING-16#423 Warning
Large setup violation  
There is a large setup violation of -1.322 ns between GEN_OLANES[2].dot8_inst/product2_reg/DSP_M_DATA_INST/CLK (clocked by clk) and GEN_OLANES[2].dot8_inst/sum1_1_reg/DSP_OUTPUT_INST/ALU_OUT[8] (clocked by clk). Large setup violations at the end of those stages might be difficult to fix during the post-placement implementation flow and could be the result of non-optimal XDC constraints or non-optimal design architecture
Related violations: <none>

TIMING-16#424 Warning
Large setup violation  
There is a large setup violation of -1.322 ns between GEN_OLANES[2].dot8_inst/product2_reg/DSP_M_DATA_INST/CLK (clocked by clk) and GEN_OLANES[2].dot8_inst/sum1_1_reg/DSP_OUTPUT_INST/ALU_OUT[9] (clocked by clk). Large setup violations at the end of those stages might be difficult to fix during the post-placement implementation flow and could be the result of non-optimal XDC constraints or non-optimal design architecture
Related violations: <none>

TIMING-16#425 Warning
Large setup violation  
There is a large setup violation of -1.322 ns between GEN_OLANES[2].dot8_inst/product4_reg/DSP_M_DATA_INST/CLK (clocked by clk) and GEN_OLANES[2].dot8_inst/sum1_2_reg/DSP_OUTPUT_INST/ALU_OUT[10] (clocked by clk). Large setup violations at the end of those stages might be difficult to fix during the post-placement implementation flow and could be the result of non-optimal XDC constraints or non-optimal design architecture
Related violations: <none>

TIMING-16#426 Warning
Large setup violation  
There is a large setup violation of -1.322 ns between GEN_OLANES[2].dot8_inst/product4_reg/DSP_M_DATA_INST/CLK (clocked by clk) and GEN_OLANES[2].dot8_inst/sum1_2_reg/DSP_OUTPUT_INST/ALU_OUT[11] (clocked by clk). Large setup violations at the end of those stages might be difficult to fix during the post-placement implementation flow and could be the result of non-optimal XDC constraints or non-optimal design architecture
Related violations: <none>

TIMING-16#427 Warning
Large setup violation  
There is a large setup violation of -1.322 ns between GEN_OLANES[2].dot8_inst/product4_reg/DSP_M_DATA_INST/CLK (clocked by clk) and GEN_OLANES[2].dot8_inst/sum1_2_reg/DSP_OUTPUT_INST/ALU_OUT[12] (clocked by clk). Large setup violations at the end of those stages might be difficult to fix during the post-placement implementation flow and could be the result of non-optimal XDC constraints or non-optimal design architecture
Related violations: <none>

TIMING-16#428 Warning
Large setup violation  
There is a large setup violation of -1.322 ns between GEN_OLANES[2].dot8_inst/product4_reg/DSP_M_DATA_INST/CLK (clocked by clk) and GEN_OLANES[2].dot8_inst/sum1_2_reg/DSP_OUTPUT_INST/ALU_OUT[13] (clocked by clk). Large setup violations at the end of those stages might be difficult to fix during the post-placement implementation flow and could be the result of non-optimal XDC constraints or non-optimal design architecture
Related violations: <none>

TIMING-16#429 Warning
Large setup violation  
There is a large setup violation of -1.322 ns between GEN_OLANES[2].dot8_inst/product4_reg/DSP_M_DATA_INST/CLK (clocked by clk) and GEN_OLANES[2].dot8_inst/sum1_2_reg/DSP_OUTPUT_INST/ALU_OUT[14] (clocked by clk). Large setup violations at the end of those stages might be difficult to fix during the post-placement implementation flow and could be the result of non-optimal XDC constraints or non-optimal design architecture
Related violations: <none>

TIMING-16#430 Warning
Large setup violation  
There is a large setup violation of -1.322 ns between GEN_OLANES[2].dot8_inst/product4_reg/DSP_M_DATA_INST/CLK (clocked by clk) and GEN_OLANES[2].dot8_inst/sum1_2_reg/DSP_OUTPUT_INST/ALU_OUT[15] (clocked by clk). Large setup violations at the end of those stages might be difficult to fix during the post-placement implementation flow and could be the result of non-optimal XDC constraints or non-optimal design architecture
Related violations: <none>

TIMING-16#431 Warning
Large setup violation  
There is a large setup violation of -1.322 ns between GEN_OLANES[2].dot8_inst/product4_reg/DSP_M_DATA_INST/CLK (clocked by clk) and GEN_OLANES[2].dot8_inst/sum1_2_reg/DSP_OUTPUT_INST/ALU_OUT[1] (clocked by clk). Large setup violations at the end of those stages might be difficult to fix during the post-placement implementation flow and could be the result of non-optimal XDC constraints or non-optimal design architecture
Related violations: <none>

TIMING-16#432 Warning
Large setup violation  
There is a large setup violation of -1.322 ns between GEN_OLANES[2].dot8_inst/product4_reg/DSP_M_DATA_INST/CLK (clocked by clk) and GEN_OLANES[2].dot8_inst/sum1_2_reg/DSP_OUTPUT_INST/ALU_OUT[2] (clocked by clk). Large setup violations at the end of those stages might be difficult to fix during the post-placement implementation flow and could be the result of non-optimal XDC constraints or non-optimal design architecture
Related violations: <none>

TIMING-16#433 Warning
Large setup violation  
There is a large setup violation of -1.322 ns between GEN_OLANES[2].dot8_inst/product4_reg/DSP_M_DATA_INST/CLK (clocked by clk) and GEN_OLANES[2].dot8_inst/sum1_2_reg/DSP_OUTPUT_INST/ALU_OUT[3] (clocked by clk). Large setup violations at the end of those stages might be difficult to fix during the post-placement implementation flow and could be the result of non-optimal XDC constraints or non-optimal design architecture
Related violations: <none>

TIMING-16#434 Warning
Large setup violation  
There is a large setup violation of -1.322 ns between GEN_OLANES[2].dot8_inst/product4_reg/DSP_M_DATA_INST/CLK (clocked by clk) and GEN_OLANES[2].dot8_inst/sum1_2_reg/DSP_OUTPUT_INST/ALU_OUT[4] (clocked by clk). Large setup violations at the end of those stages might be difficult to fix during the post-placement implementation flow and could be the result of non-optimal XDC constraints or non-optimal design architecture
Related violations: <none>

TIMING-16#435 Warning
Large setup violation  
There is a large setup violation of -1.322 ns between GEN_OLANES[2].dot8_inst/product4_reg/DSP_M_DATA_INST/CLK (clocked by clk) and GEN_OLANES[2].dot8_inst/sum1_2_reg/DSP_OUTPUT_INST/ALU_OUT[5] (clocked by clk). Large setup violations at the end of those stages might be difficult to fix during the post-placement implementation flow and could be the result of non-optimal XDC constraints or non-optimal design architecture
Related violations: <none>

TIMING-16#436 Warning
Large setup violation  
There is a large setup violation of -1.322 ns between GEN_OLANES[2].dot8_inst/product4_reg/DSP_M_DATA_INST/CLK (clocked by clk) and GEN_OLANES[2].dot8_inst/sum1_2_reg/DSP_OUTPUT_INST/ALU_OUT[6] (clocked by clk). Large setup violations at the end of those stages might be difficult to fix during the post-placement implementation flow and could be the result of non-optimal XDC constraints or non-optimal design architecture
Related violations: <none>

TIMING-16#437 Warning
Large setup violation  
There is a large setup violation of -1.322 ns between GEN_OLANES[2].dot8_inst/product4_reg/DSP_M_DATA_INST/CLK (clocked by clk) and GEN_OLANES[2].dot8_inst/sum1_2_reg/DSP_OUTPUT_INST/ALU_OUT[7] (clocked by clk). Large setup violations at the end of those stages might be difficult to fix during the post-placement implementation flow and could be the result of non-optimal XDC constraints or non-optimal design architecture
Related violations: <none>

TIMING-16#438 Warning
Large setup violation  
There is a large setup violation of -1.322 ns between GEN_OLANES[2].dot8_inst/product4_reg/DSP_M_DATA_INST/CLK (clocked by clk) and GEN_OLANES[2].dot8_inst/sum1_2_reg/DSP_OUTPUT_INST/ALU_OUT[8] (clocked by clk). Large setup violations at the end of those stages might be difficult to fix during the post-placement implementation flow and could be the result of non-optimal XDC constraints or non-optimal design architecture
Related violations: <none>

TIMING-16#439 Warning
Large setup violation  
There is a large setup violation of -1.322 ns between GEN_OLANES[2].dot8_inst/product4_reg/DSP_M_DATA_INST/CLK (clocked by clk) and GEN_OLANES[2].dot8_inst/sum1_2_reg/DSP_OUTPUT_INST/ALU_OUT[9] (clocked by clk). Large setup violations at the end of those stages might be difficult to fix during the post-placement implementation flow and could be the result of non-optimal XDC constraints or non-optimal design architecture
Related violations: <none>

TIMING-16#440 Warning
Large setup violation  
There is a large setup violation of -1.322 ns between GEN_OLANES[2].dot8_inst/product6_reg/DSP_M_DATA_INST/CLK (clocked by clk) and GEN_OLANES[2].dot8_inst/sum1_3_reg/DSP_OUTPUT_INST/ALU_OUT[10] (clocked by clk). Large setup violations at the end of those stages might be difficult to fix during the post-placement implementation flow and could be the result of non-optimal XDC constraints or non-optimal design architecture
Related violations: <none>

TIMING-16#441 Warning
Large setup violation  
There is a large setup violation of -1.322 ns between GEN_OLANES[2].dot8_inst/product6_reg/DSP_M_DATA_INST/CLK (clocked by clk) and GEN_OLANES[2].dot8_inst/sum1_3_reg/DSP_OUTPUT_INST/ALU_OUT[11] (clocked by clk). Large setup violations at the end of those stages might be difficult to fix during the post-placement implementation flow and could be the result of non-optimal XDC constraints or non-optimal design architecture
Related violations: <none>

TIMING-16#442 Warning
Large setup violation  
There is a large setup violation of -1.322 ns between GEN_OLANES[2].dot8_inst/product6_reg/DSP_M_DATA_INST/CLK (clocked by clk) and GEN_OLANES[2].dot8_inst/sum1_3_reg/DSP_OUTPUT_INST/ALU_OUT[12] (clocked by clk). Large setup violations at the end of those stages might be difficult to fix during the post-placement implementation flow and could be the result of non-optimal XDC constraints or non-optimal design architecture
Related violations: <none>

TIMING-16#443 Warning
Large setup violation  
There is a large setup violation of -1.322 ns between GEN_OLANES[2].dot8_inst/product6_reg/DSP_M_DATA_INST/CLK (clocked by clk) and GEN_OLANES[2].dot8_inst/sum1_3_reg/DSP_OUTPUT_INST/ALU_OUT[13] (clocked by clk). Large setup violations at the end of those stages might be difficult to fix during the post-placement implementation flow and could be the result of non-optimal XDC constraints or non-optimal design architecture
Related violations: <none>

TIMING-16#444 Warning
Large setup violation  
There is a large setup violation of -1.322 ns between GEN_OLANES[2].dot8_inst/product6_reg/DSP_M_DATA_INST/CLK (clocked by clk) and GEN_OLANES[2].dot8_inst/sum1_3_reg/DSP_OUTPUT_INST/ALU_OUT[14] (clocked by clk). Large setup violations at the end of those stages might be difficult to fix during the post-placement implementation flow and could be the result of non-optimal XDC constraints or non-optimal design architecture
Related violations: <none>

TIMING-16#445 Warning
Large setup violation  
There is a large setup violation of -1.322 ns between GEN_OLANES[2].dot8_inst/product6_reg/DSP_M_DATA_INST/CLK (clocked by clk) and GEN_OLANES[2].dot8_inst/sum1_3_reg/DSP_OUTPUT_INST/ALU_OUT[15] (clocked by clk). Large setup violations at the end of those stages might be difficult to fix during the post-placement implementation flow and could be the result of non-optimal XDC constraints or non-optimal design architecture
Related violations: <none>

TIMING-16#446 Warning
Large setup violation  
There is a large setup violation of -1.322 ns between GEN_OLANES[2].dot8_inst/product6_reg/DSP_M_DATA_INST/CLK (clocked by clk) and GEN_OLANES[2].dot8_inst/sum1_3_reg/DSP_OUTPUT_INST/ALU_OUT[1] (clocked by clk). Large setup violations at the end of those stages might be difficult to fix during the post-placement implementation flow and could be the result of non-optimal XDC constraints or non-optimal design architecture
Related violations: <none>

TIMING-16#447 Warning
Large setup violation  
There is a large setup violation of -1.322 ns between GEN_OLANES[2].dot8_inst/product6_reg/DSP_M_DATA_INST/CLK (clocked by clk) and GEN_OLANES[2].dot8_inst/sum1_3_reg/DSP_OUTPUT_INST/ALU_OUT[2] (clocked by clk). Large setup violations at the end of those stages might be difficult to fix during the post-placement implementation flow and could be the result of non-optimal XDC constraints or non-optimal design architecture
Related violations: <none>

TIMING-16#448 Warning
Large setup violation  
There is a large setup violation of -1.322 ns between GEN_OLANES[2].dot8_inst/product6_reg/DSP_M_DATA_INST/CLK (clocked by clk) and GEN_OLANES[2].dot8_inst/sum1_3_reg/DSP_OUTPUT_INST/ALU_OUT[3] (clocked by clk). Large setup violations at the end of those stages might be difficult to fix during the post-placement implementation flow and could be the result of non-optimal XDC constraints or non-optimal design architecture
Related violations: <none>

TIMING-16#449 Warning
Large setup violation  
There is a large setup violation of -1.322 ns between GEN_OLANES[2].dot8_inst/product6_reg/DSP_M_DATA_INST/CLK (clocked by clk) and GEN_OLANES[2].dot8_inst/sum1_3_reg/DSP_OUTPUT_INST/ALU_OUT[4] (clocked by clk). Large setup violations at the end of those stages might be difficult to fix during the post-placement implementation flow and could be the result of non-optimal XDC constraints or non-optimal design architecture
Related violations: <none>

TIMING-16#450 Warning
Large setup violation  
There is a large setup violation of -1.322 ns between GEN_OLANES[2].dot8_inst/product6_reg/DSP_M_DATA_INST/CLK (clocked by clk) and GEN_OLANES[2].dot8_inst/sum1_3_reg/DSP_OUTPUT_INST/ALU_OUT[5] (clocked by clk). Large setup violations at the end of those stages might be difficult to fix during the post-placement implementation flow and could be the result of non-optimal XDC constraints or non-optimal design architecture
Related violations: <none>

TIMING-16#451 Warning
Large setup violation  
There is a large setup violation of -1.322 ns between GEN_OLANES[2].dot8_inst/product6_reg/DSP_M_DATA_INST/CLK (clocked by clk) and GEN_OLANES[2].dot8_inst/sum1_3_reg/DSP_OUTPUT_INST/ALU_OUT[6] (clocked by clk). Large setup violations at the end of those stages might be difficult to fix during the post-placement implementation flow and could be the result of non-optimal XDC constraints or non-optimal design architecture
Related violations: <none>

TIMING-16#452 Warning
Large setup violation  
There is a large setup violation of -1.322 ns between GEN_OLANES[2].dot8_inst/product6_reg/DSP_M_DATA_INST/CLK (clocked by clk) and GEN_OLANES[2].dot8_inst/sum1_3_reg/DSP_OUTPUT_INST/ALU_OUT[7] (clocked by clk). Large setup violations at the end of those stages might be difficult to fix during the post-placement implementation flow and could be the result of non-optimal XDC constraints or non-optimal design architecture
Related violations: <none>

TIMING-16#453 Warning
Large setup violation  
There is a large setup violation of -1.322 ns between GEN_OLANES[2].dot8_inst/product6_reg/DSP_M_DATA_INST/CLK (clocked by clk) and GEN_OLANES[2].dot8_inst/sum1_3_reg/DSP_OUTPUT_INST/ALU_OUT[8] (clocked by clk). Large setup violations at the end of those stages might be difficult to fix during the post-placement implementation flow and could be the result of non-optimal XDC constraints or non-optimal design architecture
Related violations: <none>

TIMING-16#454 Warning
Large setup violation  
There is a large setup violation of -1.322 ns between GEN_OLANES[2].dot8_inst/product6_reg/DSP_M_DATA_INST/CLK (clocked by clk) and GEN_OLANES[2].dot8_inst/sum1_3_reg/DSP_OUTPUT_INST/ALU_OUT[9] (clocked by clk). Large setup violations at the end of those stages might be difficult to fix during the post-placement implementation flow and could be the result of non-optimal XDC constraints or non-optimal design architecture
Related violations: <none>

TIMING-16#455 Warning
Large setup violation  
There is a large setup violation of -1.322 ns between GEN_OLANES[3].dot8_inst/product0_reg/DSP_M_DATA_INST/CLK (clocked by clk) and GEN_OLANES[3].dot8_inst/sum1_0_reg/DSP_OUTPUT_INST/ALU_OUT[10] (clocked by clk). Large setup violations at the end of those stages might be difficult to fix during the post-placement implementation flow and could be the result of non-optimal XDC constraints or non-optimal design architecture
Related violations: <none>

TIMING-16#456 Warning
Large setup violation  
There is a large setup violation of -1.322 ns between GEN_OLANES[3].dot8_inst/product0_reg/DSP_M_DATA_INST/CLK (clocked by clk) and GEN_OLANES[3].dot8_inst/sum1_0_reg/DSP_OUTPUT_INST/ALU_OUT[11] (clocked by clk). Large setup violations at the end of those stages might be difficult to fix during the post-placement implementation flow and could be the result of non-optimal XDC constraints or non-optimal design architecture
Related violations: <none>

TIMING-16#457 Warning
Large setup violation  
There is a large setup violation of -1.322 ns between GEN_OLANES[3].dot8_inst/product0_reg/DSP_M_DATA_INST/CLK (clocked by clk) and GEN_OLANES[3].dot8_inst/sum1_0_reg/DSP_OUTPUT_INST/ALU_OUT[12] (clocked by clk). Large setup violations at the end of those stages might be difficult to fix during the post-placement implementation flow and could be the result of non-optimal XDC constraints or non-optimal design architecture
Related violations: <none>

TIMING-16#458 Warning
Large setup violation  
There is a large setup violation of -1.322 ns between GEN_OLANES[3].dot8_inst/product0_reg/DSP_M_DATA_INST/CLK (clocked by clk) and GEN_OLANES[3].dot8_inst/sum1_0_reg/DSP_OUTPUT_INST/ALU_OUT[13] (clocked by clk). Large setup violations at the end of those stages might be difficult to fix during the post-placement implementation flow and could be the result of non-optimal XDC constraints or non-optimal design architecture
Related violations: <none>

TIMING-16#459 Warning
Large setup violation  
There is a large setup violation of -1.322 ns between GEN_OLANES[3].dot8_inst/product0_reg/DSP_M_DATA_INST/CLK (clocked by clk) and GEN_OLANES[3].dot8_inst/sum1_0_reg/DSP_OUTPUT_INST/ALU_OUT[14] (clocked by clk). Large setup violations at the end of those stages might be difficult to fix during the post-placement implementation flow and could be the result of non-optimal XDC constraints or non-optimal design architecture
Related violations: <none>

TIMING-16#460 Warning
Large setup violation  
There is a large setup violation of -1.322 ns between GEN_OLANES[3].dot8_inst/product0_reg/DSP_M_DATA_INST/CLK (clocked by clk) and GEN_OLANES[3].dot8_inst/sum1_0_reg/DSP_OUTPUT_INST/ALU_OUT[15] (clocked by clk). Large setup violations at the end of those stages might be difficult to fix during the post-placement implementation flow and could be the result of non-optimal XDC constraints or non-optimal design architecture
Related violations: <none>

TIMING-16#461 Warning
Large setup violation  
There is a large setup violation of -1.322 ns between GEN_OLANES[3].dot8_inst/product0_reg/DSP_M_DATA_INST/CLK (clocked by clk) and GEN_OLANES[3].dot8_inst/sum1_0_reg/DSP_OUTPUT_INST/ALU_OUT[1] (clocked by clk). Large setup violations at the end of those stages might be difficult to fix during the post-placement implementation flow and could be the result of non-optimal XDC constraints or non-optimal design architecture
Related violations: <none>

TIMING-16#462 Warning
Large setup violation  
There is a large setup violation of -1.322 ns between GEN_OLANES[3].dot8_inst/product0_reg/DSP_M_DATA_INST/CLK (clocked by clk) and GEN_OLANES[3].dot8_inst/sum1_0_reg/DSP_OUTPUT_INST/ALU_OUT[2] (clocked by clk). Large setup violations at the end of those stages might be difficult to fix during the post-placement implementation flow and could be the result of non-optimal XDC constraints or non-optimal design architecture
Related violations: <none>

TIMING-16#463 Warning
Large setup violation  
There is a large setup violation of -1.322 ns between GEN_OLANES[3].dot8_inst/product0_reg/DSP_M_DATA_INST/CLK (clocked by clk) and GEN_OLANES[3].dot8_inst/sum1_0_reg/DSP_OUTPUT_INST/ALU_OUT[3] (clocked by clk). Large setup violations at the end of those stages might be difficult to fix during the post-placement implementation flow and could be the result of non-optimal XDC constraints or non-optimal design architecture
Related violations: <none>

TIMING-16#464 Warning
Large setup violation  
There is a large setup violation of -1.322 ns between GEN_OLANES[3].dot8_inst/product0_reg/DSP_M_DATA_INST/CLK (clocked by clk) and GEN_OLANES[3].dot8_inst/sum1_0_reg/DSP_OUTPUT_INST/ALU_OUT[4] (clocked by clk). Large setup violations at the end of those stages might be difficult to fix during the post-placement implementation flow and could be the result of non-optimal XDC constraints or non-optimal design architecture
Related violations: <none>

TIMING-16#465 Warning
Large setup violation  
There is a large setup violation of -1.322 ns between GEN_OLANES[3].dot8_inst/product0_reg/DSP_M_DATA_INST/CLK (clocked by clk) and GEN_OLANES[3].dot8_inst/sum1_0_reg/DSP_OUTPUT_INST/ALU_OUT[5] (clocked by clk). Large setup violations at the end of those stages might be difficult to fix during the post-placement implementation flow and could be the result of non-optimal XDC constraints or non-optimal design architecture
Related violations: <none>

TIMING-16#466 Warning
Large setup violation  
There is a large setup violation of -1.322 ns between GEN_OLANES[3].dot8_inst/product0_reg/DSP_M_DATA_INST/CLK (clocked by clk) and GEN_OLANES[3].dot8_inst/sum1_0_reg/DSP_OUTPUT_INST/ALU_OUT[6] (clocked by clk). Large setup violations at the end of those stages might be difficult to fix during the post-placement implementation flow and could be the result of non-optimal XDC constraints or non-optimal design architecture
Related violations: <none>

TIMING-16#467 Warning
Large setup violation  
There is a large setup violation of -1.322 ns between GEN_OLANES[3].dot8_inst/product0_reg/DSP_M_DATA_INST/CLK (clocked by clk) and GEN_OLANES[3].dot8_inst/sum1_0_reg/DSP_OUTPUT_INST/ALU_OUT[7] (clocked by clk). Large setup violations at the end of those stages might be difficult to fix during the post-placement implementation flow and could be the result of non-optimal XDC constraints or non-optimal design architecture
Related violations: <none>

TIMING-16#468 Warning
Large setup violation  
There is a large setup violation of -1.322 ns between GEN_OLANES[3].dot8_inst/product0_reg/DSP_M_DATA_INST/CLK (clocked by clk) and GEN_OLANES[3].dot8_inst/sum1_0_reg/DSP_OUTPUT_INST/ALU_OUT[8] (clocked by clk). Large setup violations at the end of those stages might be difficult to fix during the post-placement implementation flow and could be the result of non-optimal XDC constraints or non-optimal design architecture
Related violations: <none>

TIMING-16#469 Warning
Large setup violation  
There is a large setup violation of -1.322 ns between GEN_OLANES[3].dot8_inst/product0_reg/DSP_M_DATA_INST/CLK (clocked by clk) and GEN_OLANES[3].dot8_inst/sum1_0_reg/DSP_OUTPUT_INST/ALU_OUT[9] (clocked by clk). Large setup violations at the end of those stages might be difficult to fix during the post-placement implementation flow and could be the result of non-optimal XDC constraints or non-optimal design architecture
Related violations: <none>

TIMING-16#470 Warning
Large setup violation  
There is a large setup violation of -1.322 ns between GEN_OLANES[3].dot8_inst/product2_reg/DSP_M_DATA_INST/CLK (clocked by clk) and GEN_OLANES[3].dot8_inst/sum1_1_reg/DSP_OUTPUT_INST/ALU_OUT[10] (clocked by clk). Large setup violations at the end of those stages might be difficult to fix during the post-placement implementation flow and could be the result of non-optimal XDC constraints or non-optimal design architecture
Related violations: <none>

TIMING-16#471 Warning
Large setup violation  
There is a large setup violation of -1.322 ns between GEN_OLANES[3].dot8_inst/product2_reg/DSP_M_DATA_INST/CLK (clocked by clk) and GEN_OLANES[3].dot8_inst/sum1_1_reg/DSP_OUTPUT_INST/ALU_OUT[11] (clocked by clk). Large setup violations at the end of those stages might be difficult to fix during the post-placement implementation flow and could be the result of non-optimal XDC constraints or non-optimal design architecture
Related violations: <none>

TIMING-16#472 Warning
Large setup violation  
There is a large setup violation of -1.322 ns between GEN_OLANES[3].dot8_inst/product2_reg/DSP_M_DATA_INST/CLK (clocked by clk) and GEN_OLANES[3].dot8_inst/sum1_1_reg/DSP_OUTPUT_INST/ALU_OUT[12] (clocked by clk). Large setup violations at the end of those stages might be difficult to fix during the post-placement implementation flow and could be the result of non-optimal XDC constraints or non-optimal design architecture
Related violations: <none>

TIMING-16#473 Warning
Large setup violation  
There is a large setup violation of -1.322 ns between GEN_OLANES[3].dot8_inst/product2_reg/DSP_M_DATA_INST/CLK (clocked by clk) and GEN_OLANES[3].dot8_inst/sum1_1_reg/DSP_OUTPUT_INST/ALU_OUT[13] (clocked by clk). Large setup violations at the end of those stages might be difficult to fix during the post-placement implementation flow and could be the result of non-optimal XDC constraints or non-optimal design architecture
Related violations: <none>

TIMING-16#474 Warning
Large setup violation  
There is a large setup violation of -1.322 ns between GEN_OLANES[3].dot8_inst/product2_reg/DSP_M_DATA_INST/CLK (clocked by clk) and GEN_OLANES[3].dot8_inst/sum1_1_reg/DSP_OUTPUT_INST/ALU_OUT[14] (clocked by clk). Large setup violations at the end of those stages might be difficult to fix during the post-placement implementation flow and could be the result of non-optimal XDC constraints or non-optimal design architecture
Related violations: <none>

TIMING-16#475 Warning
Large setup violation  
There is a large setup violation of -1.322 ns between GEN_OLANES[3].dot8_inst/product2_reg/DSP_M_DATA_INST/CLK (clocked by clk) and GEN_OLANES[3].dot8_inst/sum1_1_reg/DSP_OUTPUT_INST/ALU_OUT[15] (clocked by clk). Large setup violations at the end of those stages might be difficult to fix during the post-placement implementation flow and could be the result of non-optimal XDC constraints or non-optimal design architecture
Related violations: <none>

TIMING-16#476 Warning
Large setup violation  
There is a large setup violation of -1.322 ns between GEN_OLANES[3].dot8_inst/product2_reg/DSP_M_DATA_INST/CLK (clocked by clk) and GEN_OLANES[3].dot8_inst/sum1_1_reg/DSP_OUTPUT_INST/ALU_OUT[1] (clocked by clk). Large setup violations at the end of those stages might be difficult to fix during the post-placement implementation flow and could be the result of non-optimal XDC constraints or non-optimal design architecture
Related violations: <none>

TIMING-16#477 Warning
Large setup violation  
There is a large setup violation of -1.322 ns between GEN_OLANES[3].dot8_inst/product2_reg/DSP_M_DATA_INST/CLK (clocked by clk) and GEN_OLANES[3].dot8_inst/sum1_1_reg/DSP_OUTPUT_INST/ALU_OUT[2] (clocked by clk). Large setup violations at the end of those stages might be difficult to fix during the post-placement implementation flow and could be the result of non-optimal XDC constraints or non-optimal design architecture
Related violations: <none>

TIMING-16#478 Warning
Large setup violation  
There is a large setup violation of -1.322 ns between GEN_OLANES[3].dot8_inst/product2_reg/DSP_M_DATA_INST/CLK (clocked by clk) and GEN_OLANES[3].dot8_inst/sum1_1_reg/DSP_OUTPUT_INST/ALU_OUT[3] (clocked by clk). Large setup violations at the end of those stages might be difficult to fix during the post-placement implementation flow and could be the result of non-optimal XDC constraints or non-optimal design architecture
Related violations: <none>

TIMING-16#479 Warning
Large setup violation  
There is a large setup violation of -1.322 ns between GEN_OLANES[3].dot8_inst/product2_reg/DSP_M_DATA_INST/CLK (clocked by clk) and GEN_OLANES[3].dot8_inst/sum1_1_reg/DSP_OUTPUT_INST/ALU_OUT[4] (clocked by clk). Large setup violations at the end of those stages might be difficult to fix during the post-placement implementation flow and could be the result of non-optimal XDC constraints or non-optimal design architecture
Related violations: <none>

TIMING-16#480 Warning
Large setup violation  
There is a large setup violation of -1.322 ns between GEN_OLANES[3].dot8_inst/product2_reg/DSP_M_DATA_INST/CLK (clocked by clk) and GEN_OLANES[3].dot8_inst/sum1_1_reg/DSP_OUTPUT_INST/ALU_OUT[5] (clocked by clk). Large setup violations at the end of those stages might be difficult to fix during the post-placement implementation flow and could be the result of non-optimal XDC constraints or non-optimal design architecture
Related violations: <none>

TIMING-16#481 Warning
Large setup violation  
There is a large setup violation of -1.322 ns between GEN_OLANES[3].dot8_inst/product2_reg/DSP_M_DATA_INST/CLK (clocked by clk) and GEN_OLANES[3].dot8_inst/sum1_1_reg/DSP_OUTPUT_INST/ALU_OUT[6] (clocked by clk). Large setup violations at the end of those stages might be difficult to fix during the post-placement implementation flow and could be the result of non-optimal XDC constraints or non-optimal design architecture
Related violations: <none>

TIMING-16#482 Warning
Large setup violation  
There is a large setup violation of -1.322 ns between GEN_OLANES[3].dot8_inst/product2_reg/DSP_M_DATA_INST/CLK (clocked by clk) and GEN_OLANES[3].dot8_inst/sum1_1_reg/DSP_OUTPUT_INST/ALU_OUT[7] (clocked by clk). Large setup violations at the end of those stages might be difficult to fix during the post-placement implementation flow and could be the result of non-optimal XDC constraints or non-optimal design architecture
Related violations: <none>

TIMING-16#483 Warning
Large setup violation  
There is a large setup violation of -1.322 ns between GEN_OLANES[3].dot8_inst/product2_reg/DSP_M_DATA_INST/CLK (clocked by clk) and GEN_OLANES[3].dot8_inst/sum1_1_reg/DSP_OUTPUT_INST/ALU_OUT[8] (clocked by clk). Large setup violations at the end of those stages might be difficult to fix during the post-placement implementation flow and could be the result of non-optimal XDC constraints or non-optimal design architecture
Related violations: <none>

TIMING-16#484 Warning
Large setup violation  
There is a large setup violation of -1.322 ns between GEN_OLANES[3].dot8_inst/product2_reg/DSP_M_DATA_INST/CLK (clocked by clk) and GEN_OLANES[3].dot8_inst/sum1_1_reg/DSP_OUTPUT_INST/ALU_OUT[9] (clocked by clk). Large setup violations at the end of those stages might be difficult to fix during the post-placement implementation flow and could be the result of non-optimal XDC constraints or non-optimal design architecture
Related violations: <none>

TIMING-16#485 Warning
Large setup violation  
There is a large setup violation of -1.322 ns between GEN_OLANES[3].dot8_inst/product4_reg/DSP_M_DATA_INST/CLK (clocked by clk) and GEN_OLANES[3].dot8_inst/sum1_2_reg/DSP_OUTPUT_INST/ALU_OUT[10] (clocked by clk). Large setup violations at the end of those stages might be difficult to fix during the post-placement implementation flow and could be the result of non-optimal XDC constraints or non-optimal design architecture
Related violations: <none>

TIMING-16#486 Warning
Large setup violation  
There is a large setup violation of -1.322 ns between GEN_OLANES[3].dot8_inst/product4_reg/DSP_M_DATA_INST/CLK (clocked by clk) and GEN_OLANES[3].dot8_inst/sum1_2_reg/DSP_OUTPUT_INST/ALU_OUT[11] (clocked by clk). Large setup violations at the end of those stages might be difficult to fix during the post-placement implementation flow and could be the result of non-optimal XDC constraints or non-optimal design architecture
Related violations: <none>

TIMING-16#487 Warning
Large setup violation  
There is a large setup violation of -1.322 ns between GEN_OLANES[3].dot8_inst/product4_reg/DSP_M_DATA_INST/CLK (clocked by clk) and GEN_OLANES[3].dot8_inst/sum1_2_reg/DSP_OUTPUT_INST/ALU_OUT[12] (clocked by clk). Large setup violations at the end of those stages might be difficult to fix during the post-placement implementation flow and could be the result of non-optimal XDC constraints or non-optimal design architecture
Related violations: <none>

TIMING-16#488 Warning
Large setup violation  
There is a large setup violation of -1.322 ns between GEN_OLANES[3].dot8_inst/product4_reg/DSP_M_DATA_INST/CLK (clocked by clk) and GEN_OLANES[3].dot8_inst/sum1_2_reg/DSP_OUTPUT_INST/ALU_OUT[13] (clocked by clk). Large setup violations at the end of those stages might be difficult to fix during the post-placement implementation flow and could be the result of non-optimal XDC constraints or non-optimal design architecture
Related violations: <none>

TIMING-16#489 Warning
Large setup violation  
There is a large setup violation of -1.322 ns between GEN_OLANES[3].dot8_inst/product4_reg/DSP_M_DATA_INST/CLK (clocked by clk) and GEN_OLANES[3].dot8_inst/sum1_2_reg/DSP_OUTPUT_INST/ALU_OUT[14] (clocked by clk). Large setup violations at the end of those stages might be difficult to fix during the post-placement implementation flow and could be the result of non-optimal XDC constraints or non-optimal design architecture
Related violations: <none>

TIMING-16#490 Warning
Large setup violation  
There is a large setup violation of -1.322 ns between GEN_OLANES[3].dot8_inst/product4_reg/DSP_M_DATA_INST/CLK (clocked by clk) and GEN_OLANES[3].dot8_inst/sum1_2_reg/DSP_OUTPUT_INST/ALU_OUT[15] (clocked by clk). Large setup violations at the end of those stages might be difficult to fix during the post-placement implementation flow and could be the result of non-optimal XDC constraints or non-optimal design architecture
Related violations: <none>

TIMING-16#491 Warning
Large setup violation  
There is a large setup violation of -1.325 ns between ctrl_inst/state_reg/C (clocked by clk) and GEN_OLANES[0].matrix_mem/r_rdata_reg[13]/D (clocked by clk). Large setup violations at the end of those stages might be difficult to fix during the post-placement implementation flow and could be the result of non-optimal XDC constraints or non-optimal design architecture
Related violations: <none>

TIMING-16#492 Warning
Large setup violation  
There is a large setup violation of -1.326 ns between ctrl_inst/mat_addr_reg_reg[0]/C (clocked by clk) and GEN_OLANES[0].matrix_mem/r_rdata_reg[38]/D (clocked by clk). Large setup violations at the end of those stages might be difficult to fix during the post-placement implementation flow and could be the result of non-optimal XDC constraints or non-optimal design architecture
Related violations: <none>

TIMING-16#493 Warning
Large setup violation  
There is a large setup violation of -1.335 ns between ctrl_inst/state_reg/C (clocked by clk) and GEN_OLANES[0].matrix_mem/r_rdata_reg[43]/D (clocked by clk). Large setup violations at the end of those stages might be difficult to fix during the post-placement implementation flow and could be the result of non-optimal XDC constraints or non-optimal design architecture
Related violations: <none>

TIMING-16#494 Warning
Large setup violation  
There is a large setup violation of -1.343 ns between ctrl_inst/state_reg/C (clocked by clk) and GEN_OLANES[0].matrix_mem/r_rdata_reg[44]/D (clocked by clk). Large setup violations at the end of those stages might be difficult to fix during the post-placement implementation flow and could be the result of non-optimal XDC constraints or non-optimal design architecture
Related violations: <none>

TIMING-16#495 Warning
Large setup violation  
There is a large setup violation of -1.343 ns between ctrl_inst/state_reg/C (clocked by clk) and GEN_OLANES[0].matrix_mem/r_rdata_reg[51]/D (clocked by clk). Large setup violations at the end of those stages might be difficult to fix during the post-placement implementation flow and could be the result of non-optimal XDC constraints or non-optimal design architecture
Related violations: <none>

TIMING-16#496 Warning
Large setup violation  
There is a large setup violation of -1.344 ns between ctrl_inst/mat_addr_reg_reg[1]/C (clocked by clk) and GEN_OLANES[1].matrix_mem/r_rdata_reg[36]/D (clocked by clk). Large setup violations at the end of those stages might be difficult to fix during the post-placement implementation flow and could be the result of non-optimal XDC constraints or non-optimal design architecture
Related violations: <none>

TIMING-16#497 Warning
Large setup violation  
There is a large setup violation of -1.346 ns between ctrl_inst/mat_addr_reg_reg[5]/C (clocked by clk) and GEN_OLANES[0].matrix_mem/r_rdata_reg[24]/D (clocked by clk). Large setup violations at the end of those stages might be difficult to fix during the post-placement implementation flow and could be the result of non-optimal XDC constraints or non-optimal design architecture
Related violations: <none>

TIMING-16#498 Warning
Large setup violation  
There is a large setup violation of -1.349 ns between ctrl_inst/mat_addr_reg_reg[0]/C (clocked by clk) and GEN_OLANES[0].matrix_mem/r_rdata_reg[23]/D (clocked by clk). Large setup violations at the end of those stages might be difficult to fix during the post-placement implementation flow and could be the result of non-optimal XDC constraints or non-optimal design architecture
Related violations: <none>

TIMING-16#499 Warning
Large setup violation  
There is a large setup violation of -1.353 ns between ctrl_inst/mat_addr_reg_reg[3]/C (clocked by clk) and GEN_OLANES[0].matrix_mem/r_rdata_reg[27]/D (clocked by clk). Large setup violations at the end of those stages might be difficult to fix during the post-placement implementation flow and could be the result of non-optimal XDC constraints or non-optimal design architecture
Related violations: <none>

TIMING-16#500 Warning
Large setup violation  
There is a large setup violation of -1.353 ns between ctrl_inst/state_reg/C (clocked by clk) and GEN_OLANES[0].matrix_mem/r_rdata_reg[48]/D (clocked by clk). Large setup violations at the end of those stages might be difficult to fix during the post-placement implementation flow and could be the result of non-optimal XDC constraints or non-optimal design architecture
Related violations: <none>

TIMING-16#501 Warning
Large setup violation  
There is a large setup violation of -1.353 ns between ctrl_inst/state_reg/C (clocked by clk) and GEN_OLANES[1].matrix_mem/r_rdata_reg[15]/D (clocked by clk). Large setup violations at the end of those stages might be difficult to fix during the post-placement implementation flow and could be the result of non-optimal XDC constraints or non-optimal design architecture
Related violations: <none>

TIMING-16#502 Warning
Large setup violation  
There is a large setup violation of -1.357 ns between GEN_OLANES[0].dot8_inst/product0_reg/DSP_M_DATA_INST/CLK (clocked by clk) and GEN_OLANES[0].dot8_inst/sum1_0_reg/DSP_OUTPUT_INST/ALU_OUT[10] (clocked by clk). Large setup violations at the end of those stages might be difficult to fix during the post-placement implementation flow and could be the result of non-optimal XDC constraints or non-optimal design architecture
Related violations: <none>

TIMING-16#503 Warning
Large setup violation  
There is a large setup violation of -1.357 ns between GEN_OLANES[0].dot8_inst/product0_reg/DSP_M_DATA_INST/CLK (clocked by clk) and GEN_OLANES[0].dot8_inst/sum1_0_reg/DSP_OUTPUT_INST/ALU_OUT[11] (clocked by clk). Large setup violations at the end of those stages might be difficult to fix during the post-placement implementation flow and could be the result of non-optimal XDC constraints or non-optimal design architecture
Related violations: <none>

TIMING-16#504 Warning
Large setup violation  
There is a large setup violation of -1.357 ns between GEN_OLANES[0].dot8_inst/product0_reg/DSP_M_DATA_INST/CLK (clocked by clk) and GEN_OLANES[0].dot8_inst/sum1_0_reg/DSP_OUTPUT_INST/ALU_OUT[12] (clocked by clk). Large setup violations at the end of those stages might be difficult to fix during the post-placement implementation flow and could be the result of non-optimal XDC constraints or non-optimal design architecture
Related violations: <none>

TIMING-16#505 Warning
Large setup violation  
There is a large setup violation of -1.357 ns between GEN_OLANES[0].dot8_inst/product0_reg/DSP_M_DATA_INST/CLK (clocked by clk) and GEN_OLANES[0].dot8_inst/sum1_0_reg/DSP_OUTPUT_INST/ALU_OUT[13] (clocked by clk). Large setup violations at the end of those stages might be difficult to fix during the post-placement implementation flow and could be the result of non-optimal XDC constraints or non-optimal design architecture
Related violations: <none>

TIMING-16#506 Warning
Large setup violation  
There is a large setup violation of -1.357 ns between GEN_OLANES[0].dot8_inst/product0_reg/DSP_M_DATA_INST/CLK (clocked by clk) and GEN_OLANES[0].dot8_inst/sum1_0_reg/DSP_OUTPUT_INST/ALU_OUT[14] (clocked by clk). Large setup violations at the end of those stages might be difficult to fix during the post-placement implementation flow and could be the result of non-optimal XDC constraints or non-optimal design architecture
Related violations: <none>

TIMING-16#507 Warning
Large setup violation  
There is a large setup violation of -1.357 ns between GEN_OLANES[0].dot8_inst/product0_reg/DSP_M_DATA_INST/CLK (clocked by clk) and GEN_OLANES[0].dot8_inst/sum1_0_reg/DSP_OUTPUT_INST/ALU_OUT[15] (clocked by clk). Large setup violations at the end of those stages might be difficult to fix during the post-placement implementation flow and could be the result of non-optimal XDC constraints or non-optimal design architecture
Related violations: <none>

TIMING-16#508 Warning
Large setup violation  
There is a large setup violation of -1.357 ns between GEN_OLANES[0].dot8_inst/product0_reg/DSP_M_DATA_INST/CLK (clocked by clk) and GEN_OLANES[0].dot8_inst/sum1_0_reg/DSP_OUTPUT_INST/ALU_OUT[4] (clocked by clk). Large setup violations at the end of those stages might be difficult to fix during the post-placement implementation flow and could be the result of non-optimal XDC constraints or non-optimal design architecture
Related violations: <none>

TIMING-16#509 Warning
Large setup violation  
There is a large setup violation of -1.357 ns between GEN_OLANES[0].dot8_inst/product0_reg/DSP_M_DATA_INST/CLK (clocked by clk) and GEN_OLANES[0].dot8_inst/sum1_0_reg/DSP_OUTPUT_INST/ALU_OUT[5] (clocked by clk). Large setup violations at the end of those stages might be difficult to fix during the post-placement implementation flow and could be the result of non-optimal XDC constraints or non-optimal design architecture
Related violations: <none>

TIMING-16#510 Warning
Large setup violation  
There is a large setup violation of -1.357 ns between GEN_OLANES[0].dot8_inst/product0_reg/DSP_M_DATA_INST/CLK (clocked by clk) and GEN_OLANES[0].dot8_inst/sum1_0_reg/DSP_OUTPUT_INST/ALU_OUT[6] (clocked by clk). Large setup violations at the end of those stages might be difficult to fix during the post-placement implementation flow and could be the result of non-optimal XDC constraints or non-optimal design architecture
Related violations: <none>

TIMING-16#511 Warning
Large setup violation  
There is a large setup violation of -1.357 ns between GEN_OLANES[0].dot8_inst/product0_reg/DSP_M_DATA_INST/CLK (clocked by clk) and GEN_OLANES[0].dot8_inst/sum1_0_reg/DSP_OUTPUT_INST/ALU_OUT[7] (clocked by clk). Large setup violations at the end of those stages might be difficult to fix during the post-placement implementation flow and could be the result of non-optimal XDC constraints or non-optimal design architecture
Related violations: <none>

TIMING-16#512 Warning
Large setup violation  
There is a large setup violation of -1.357 ns between GEN_OLANES[0].dot8_inst/product0_reg/DSP_M_DATA_INST/CLK (clocked by clk) and GEN_OLANES[0].dot8_inst/sum1_0_reg/DSP_OUTPUT_INST/ALU_OUT[8] (clocked by clk). Large setup violations at the end of those stages might be difficult to fix during the post-placement implementation flow and could be the result of non-optimal XDC constraints or non-optimal design architecture
Related violations: <none>

TIMING-16#513 Warning
Large setup violation  
There is a large setup violation of -1.357 ns between GEN_OLANES[0].dot8_inst/product0_reg/DSP_M_DATA_INST/CLK (clocked by clk) and GEN_OLANES[0].dot8_inst/sum1_0_reg/DSP_OUTPUT_INST/ALU_OUT[9] (clocked by clk). Large setup violations at the end of those stages might be difficult to fix during the post-placement implementation flow and could be the result of non-optimal XDC constraints or non-optimal design architecture
Related violations: <none>

TIMING-16#514 Warning
Large setup violation  
There is a large setup violation of -1.357 ns between GEN_OLANES[0].dot8_inst/product6_reg/DSP_M_DATA_INST/CLK (clocked by clk) and GEN_OLANES[0].dot8_inst/sum1_3_reg/DSP_OUTPUT_INST/ALU_OUT[10] (clocked by clk). Large setup violations at the end of those stages might be difficult to fix during the post-placement implementation flow and could be the result of non-optimal XDC constraints or non-optimal design architecture
Related violations: <none>

TIMING-16#515 Warning
Large setup violation  
There is a large setup violation of -1.357 ns between GEN_OLANES[0].dot8_inst/product6_reg/DSP_M_DATA_INST/CLK (clocked by clk) and GEN_OLANES[0].dot8_inst/sum1_3_reg/DSP_OUTPUT_INST/ALU_OUT[11] (clocked by clk). Large setup violations at the end of those stages might be difficult to fix during the post-placement implementation flow and could be the result of non-optimal XDC constraints or non-optimal design architecture
Related violations: <none>

TIMING-16#516 Warning
Large setup violation  
There is a large setup violation of -1.357 ns between GEN_OLANES[0].dot8_inst/product6_reg/DSP_M_DATA_INST/CLK (clocked by clk) and GEN_OLANES[0].dot8_inst/sum1_3_reg/DSP_OUTPUT_INST/ALU_OUT[12] (clocked by clk). Large setup violations at the end of those stages might be difficult to fix during the post-placement implementation flow and could be the result of non-optimal XDC constraints or non-optimal design architecture
Related violations: <none>

TIMING-16#517 Warning
Large setup violation  
There is a large setup violation of -1.357 ns between GEN_OLANES[0].dot8_inst/product6_reg/DSP_M_DATA_INST/CLK (clocked by clk) and GEN_OLANES[0].dot8_inst/sum1_3_reg/DSP_OUTPUT_INST/ALU_OUT[13] (clocked by clk). Large setup violations at the end of those stages might be difficult to fix during the post-placement implementation flow and could be the result of non-optimal XDC constraints or non-optimal design architecture
Related violations: <none>

TIMING-16#518 Warning
Large setup violation  
There is a large setup violation of -1.357 ns between GEN_OLANES[0].dot8_inst/product6_reg/DSP_M_DATA_INST/CLK (clocked by clk) and GEN_OLANES[0].dot8_inst/sum1_3_reg/DSP_OUTPUT_INST/ALU_OUT[14] (clocked by clk). Large setup violations at the end of those stages might be difficult to fix during the post-placement implementation flow and could be the result of non-optimal XDC constraints or non-optimal design architecture
Related violations: <none>

TIMING-16#519 Warning
Large setup violation  
There is a large setup violation of -1.357 ns between GEN_OLANES[0].dot8_inst/product6_reg/DSP_M_DATA_INST/CLK (clocked by clk) and GEN_OLANES[0].dot8_inst/sum1_3_reg/DSP_OUTPUT_INST/ALU_OUT[15] (clocked by clk). Large setup violations at the end of those stages might be difficult to fix during the post-placement implementation flow and could be the result of non-optimal XDC constraints or non-optimal design architecture
Related violations: <none>

TIMING-16#520 Warning
Large setup violation  
There is a large setup violation of -1.357 ns between GEN_OLANES[0].dot8_inst/product6_reg/DSP_M_DATA_INST/CLK (clocked by clk) and GEN_OLANES[0].dot8_inst/sum1_3_reg/DSP_OUTPUT_INST/ALU_OUT[4] (clocked by clk). Large setup violations at the end of those stages might be difficult to fix during the post-placement implementation flow and could be the result of non-optimal XDC constraints or non-optimal design architecture
Related violations: <none>

TIMING-16#521 Warning
Large setup violation  
There is a large setup violation of -1.357 ns between GEN_OLANES[0].dot8_inst/product6_reg/DSP_M_DATA_INST/CLK (clocked by clk) and GEN_OLANES[0].dot8_inst/sum1_3_reg/DSP_OUTPUT_INST/ALU_OUT[5] (clocked by clk). Large setup violations at the end of those stages might be difficult to fix during the post-placement implementation flow and could be the result of non-optimal XDC constraints or non-optimal design architecture
Related violations: <none>

TIMING-16#522 Warning
Large setup violation  
There is a large setup violation of -1.357 ns between GEN_OLANES[0].dot8_inst/product6_reg/DSP_M_DATA_INST/CLK (clocked by clk) and GEN_OLANES[0].dot8_inst/sum1_3_reg/DSP_OUTPUT_INST/ALU_OUT[6] (clocked by clk). Large setup violations at the end of those stages might be difficult to fix during the post-placement implementation flow and could be the result of non-optimal XDC constraints or non-optimal design architecture
Related violations: <none>

TIMING-16#523 Warning
Large setup violation  
There is a large setup violation of -1.357 ns between GEN_OLANES[0].dot8_inst/product6_reg/DSP_M_DATA_INST/CLK (clocked by clk) and GEN_OLANES[0].dot8_inst/sum1_3_reg/DSP_OUTPUT_INST/ALU_OUT[7] (clocked by clk). Large setup violations at the end of those stages might be difficult to fix during the post-placement implementation flow and could be the result of non-optimal XDC constraints or non-optimal design architecture
Related violations: <none>

TIMING-16#524 Warning
Large setup violation  
There is a large setup violation of -1.357 ns between GEN_OLANES[0].dot8_inst/product6_reg/DSP_M_DATA_INST/CLK (clocked by clk) and GEN_OLANES[0].dot8_inst/sum1_3_reg/DSP_OUTPUT_INST/ALU_OUT[8] (clocked by clk). Large setup violations at the end of those stages might be difficult to fix during the post-placement implementation flow and could be the result of non-optimal XDC constraints or non-optimal design architecture
Related violations: <none>

TIMING-16#525 Warning
Large setup violation  
There is a large setup violation of -1.357 ns between GEN_OLANES[0].dot8_inst/product6_reg/DSP_M_DATA_INST/CLK (clocked by clk) and GEN_OLANES[0].dot8_inst/sum1_3_reg/DSP_OUTPUT_INST/ALU_OUT[9] (clocked by clk). Large setup violations at the end of those stages might be difficult to fix during the post-placement implementation flow and could be the result of non-optimal XDC constraints or non-optimal design architecture
Related violations: <none>

TIMING-16#526 Warning
Large setup violation  
There is a large setup violation of -1.363 ns between ctrl_inst/mat_addr_reg_reg[1]/C (clocked by clk) and GEN_OLANES[1].matrix_mem/r_rdata_reg[37]/D (clocked by clk). Large setup violations at the end of those stages might be difficult to fix during the post-placement implementation flow and could be the result of non-optimal XDC constraints or non-optimal design architecture
Related violations: <none>

TIMING-16#527 Warning
Large setup violation  
There is a large setup violation of -1.365 ns between ctrl_inst/mat_addr_reg_reg[0]/C (clocked by clk) and GEN_OLANES[0].matrix_mem/r_rdata_reg[45]/D (clocked by clk). Large setup violations at the end of those stages might be difficult to fix during the post-placement implementation flow and could be the result of non-optimal XDC constraints or non-optimal design architecture
Related violations: <none>

TIMING-16#528 Warning
Large setup violation  
There is a large setup violation of -1.365 ns between ctrl_inst/state_reg/C (clocked by clk) and GEN_OLANES[0].matrix_mem/r_rdata_reg[52]/D (clocked by clk). Large setup violations at the end of those stages might be difficult to fix during the post-placement implementation flow and could be the result of non-optimal XDC constraints or non-optimal design architecture
Related violations: <none>

TIMING-16#529 Warning
Large setup violation  
There is a large setup violation of -1.383 ns between ctrl_inst/mat_addr_reg_reg[3]/C (clocked by clk) and GEN_OLANES[0].matrix_mem/r_rdata_reg[12]/D (clocked by clk). Large setup violations at the end of those stages might be difficult to fix during the post-placement implementation flow and could be the result of non-optimal XDC constraints or non-optimal design architecture
Related violations: <none>

TIMING-16#530 Warning
Large setup violation  
There is a large setup violation of -1.391 ns between ctrl_inst/state_reg/C (clocked by clk) and GEN_OLANES[0].matrix_mem/r_rdata_reg[50]/D (clocked by clk). Large setup violations at the end of those stages might be difficult to fix during the post-placement implementation flow and could be the result of non-optimal XDC constraints or non-optimal design architecture
Related violations: <none>

TIMING-16#531 Warning
Large setup violation  
There is a large setup violation of -1.402 ns between ctrl_inst/mat_addr_reg_reg[1]/C (clocked by clk) and GEN_OLANES[1].matrix_mem/r_rdata_reg[23]/D (clocked by clk). Large setup violations at the end of those stages might be difficult to fix during the post-placement implementation flow and could be the result of non-optimal XDC constraints or non-optimal design architecture
Related violations: <none>

TIMING-16#532 Warning
Large setup violation  
There is a large setup violation of -1.409 ns between ctrl_inst/state_reg/C (clocked by clk) and GEN_OLANES[0].matrix_mem/r_rdata_reg[55]/D (clocked by clk). Large setup violations at the end of those stages might be difficult to fix during the post-placement implementation flow and could be the result of non-optimal XDC constraints or non-optimal design architecture
Related violations: <none>

TIMING-16#533 Warning
Large setup violation  
There is a large setup violation of -1.413 ns between ctrl_inst/mat_addr_reg_reg[0]/C (clocked by clk) and GEN_OLANES[0].matrix_mem/r_rdata_reg[42]/D (clocked by clk). Large setup violations at the end of those stages might be difficult to fix during the post-placement implementation flow and could be the result of non-optimal XDC constraints or non-optimal design architecture
Related violations: <none>

TIMING-16#534 Warning
Large setup violation  
There is a large setup violation of -1.424 ns between ctrl_inst/mat_addr_reg_reg[0]/C (clocked by clk) and GEN_OLANES[0].matrix_mem/r_rdata_reg[8]/D (clocked by clk). Large setup violations at the end of those stages might be difficult to fix during the post-placement implementation flow and could be the result of non-optimal XDC constraints or non-optimal design architecture
Related violations: <none>

TIMING-16#535 Warning
Large setup violation  
There is a large setup violation of -1.425 ns between ctrl_inst/state_reg/C (clocked by clk) and GEN_OLANES[0].matrix_mem/r_rdata_reg[53]/D (clocked by clk). Large setup violations at the end of those stages might be difficult to fix during the post-placement implementation flow and could be the result of non-optimal XDC constraints or non-optimal design architecture
Related violations: <none>

TIMING-16#536 Warning
Large setup violation  
There is a large setup violation of -1.425 ns between ctrl_inst/state_reg/C (clocked by clk) and GEN_OLANES[0].matrix_mem/r_rdata_reg[54]/D (clocked by clk). Large setup violations at the end of those stages might be difficult to fix during the post-placement implementation flow and could be the result of non-optimal XDC constraints or non-optimal design architecture
Related violations: <none>

TIMING-16#537 Warning
Large setup violation  
There is a large setup violation of -1.433 ns between ctrl_inst/mat_addr_reg_reg[2]/C (clocked by clk) and GEN_OLANES[0].matrix_mem/r_rdata_reg[9]/D (clocked by clk). Large setup violations at the end of those stages might be difficult to fix during the post-placement implementation flow and could be the result of non-optimal XDC constraints or non-optimal design architecture
Related violations: <none>

TIMING-16#538 Warning
Large setup violation  
There is a large setup violation of -1.442 ns between ctrl_inst/state_reg/C (clocked by clk) and GEN_OLANES[0].matrix_mem/r_rdata_reg[49]/D (clocked by clk). Large setup violations at the end of those stages might be difficult to fix during the post-placement implementation flow and could be the result of non-optimal XDC constraints or non-optimal design architecture
Related violations: <none>

TIMING-16#539 Warning
Large setup violation  
There is a large setup violation of -1.451 ns between ctrl_inst/mat_addr_reg_reg[2]/C (clocked by clk) and GEN_OLANES[0].matrix_mem/r_rdata_reg[11]/D (clocked by clk). Large setup violations at the end of those stages might be difficult to fix during the post-placement implementation flow and could be the result of non-optimal XDC constraints or non-optimal design architecture
Related violations: <none>

TIMING-16#540 Warning
Large setup violation  
There is a large setup violation of -1.457 ns between GEN_OLANES[0].dot8_inst/product0_reg/DSP_M_DATA_INST/CLK (clocked by clk) and GEN_OLANES[0].dot8_inst/sum1_0_reg/DSP_OUTPUT_INST/ALU_OUT[16] (clocked by clk). Large setup violations at the end of those stages might be difficult to fix during the post-placement implementation flow and could be the result of non-optimal XDC constraints or non-optimal design architecture
Related violations: <none>

TIMING-16#541 Warning
Large setup violation  
There is a large setup violation of -1.457 ns between GEN_OLANES[0].dot8_inst/product0_reg/DSP_M_DATA_INST/CLK (clocked by clk) and GEN_OLANES[0].dot8_inst/sum1_0_reg/DSP_OUTPUT_INST/ALU_OUT[17] (clocked by clk). Large setup violations at the end of those stages might be difficult to fix during the post-placement implementation flow and could be the result of non-optimal XDC constraints or non-optimal design architecture
Related violations: <none>

TIMING-16#542 Warning
Large setup violation  
There is a large setup violation of -1.457 ns between GEN_OLANES[0].dot8_inst/product0_reg/DSP_M_DATA_INST/CLK (clocked by clk) and GEN_OLANES[0].dot8_inst/sum1_0_reg/DSP_OUTPUT_INST/ALU_OUT[18] (clocked by clk). Large setup violations at the end of those stages might be difficult to fix during the post-placement implementation flow and could be the result of non-optimal XDC constraints or non-optimal design architecture
Related violations: <none>

TIMING-16#543 Warning
Large setup violation  
There is a large setup violation of -1.457 ns between GEN_OLANES[0].dot8_inst/product0_reg/DSP_M_DATA_INST/CLK (clocked by clk) and GEN_OLANES[0].dot8_inst/sum1_0_reg/DSP_OUTPUT_INST/ALU_OUT[19] (clocked by clk). Large setup violations at the end of those stages might be difficult to fix during the post-placement implementation flow and could be the result of non-optimal XDC constraints or non-optimal design architecture
Related violations: <none>

TIMING-16#544 Warning
Large setup violation  
There is a large setup violation of -1.457 ns between GEN_OLANES[0].dot8_inst/product0_reg/DSP_M_DATA_INST/CLK (clocked by clk) and GEN_OLANES[0].dot8_inst/sum1_0_reg/DSP_OUTPUT_INST/ALU_OUT[20] (clocked by clk). Large setup violations at the end of those stages might be difficult to fix during the post-placement implementation flow and could be the result of non-optimal XDC constraints or non-optimal design architecture
Related violations: <none>

TIMING-16#545 Warning
Large setup violation  
There is a large setup violation of -1.457 ns between GEN_OLANES[0].dot8_inst/product0_reg/DSP_M_DATA_INST/CLK (clocked by clk) and GEN_OLANES[0].dot8_inst/sum1_0_reg/DSP_OUTPUT_INST/ALU_OUT[21] (clocked by clk). Large setup violations at the end of those stages might be difficult to fix during the post-placement implementation flow and could be the result of non-optimal XDC constraints or non-optimal design architecture
Related violations: <none>

TIMING-16#546 Warning
Large setup violation  
There is a large setup violation of -1.457 ns between GEN_OLANES[0].dot8_inst/product0_reg/DSP_M_DATA_INST/CLK (clocked by clk) and GEN_OLANES[0].dot8_inst/sum1_0_reg/DSP_OUTPUT_INST/ALU_OUT[22] (clocked by clk). Large setup violations at the end of those stages might be difficult to fix during the post-placement implementation flow and could be the result of non-optimal XDC constraints or non-optimal design architecture
Related violations: <none>

TIMING-16#547 Warning
Large setup violation  
There is a large setup violation of -1.457 ns between GEN_OLANES[0].dot8_inst/product0_reg/DSP_M_DATA_INST/CLK (clocked by clk) and GEN_OLANES[0].dot8_inst/sum1_0_reg/DSP_OUTPUT_INST/ALU_OUT[23] (clocked by clk). Large setup violations at the end of those stages might be difficult to fix during the post-placement implementation flow and could be the result of non-optimal XDC constraints or non-optimal design architecture
Related violations: <none>

TIMING-16#548 Warning
Large setup violation  
There is a large setup violation of -1.457 ns between GEN_OLANES[0].dot8_inst/product0_reg/DSP_M_DATA_INST/CLK (clocked by clk) and GEN_OLANES[0].dot8_inst/sum1_0_reg/DSP_OUTPUT_INST/ALU_OUT[24] (clocked by clk). Large setup violations at the end of those stages might be difficult to fix during the post-placement implementation flow and could be the result of non-optimal XDC constraints or non-optimal design architecture
Related violations: <none>

TIMING-16#549 Warning
Large setup violation  
There is a large setup violation of -1.457 ns between GEN_OLANES[0].dot8_inst/product0_reg/DSP_M_DATA_INST/CLK (clocked by clk) and GEN_OLANES[0].dot8_inst/sum1_0_reg/DSP_OUTPUT_INST/ALU_OUT[25] (clocked by clk). Large setup violations at the end of those stages might be difficult to fix during the post-placement implementation flow and could be the result of non-optimal XDC constraints or non-optimal design architecture
Related violations: <none>

TIMING-16#550 Warning
Large setup violation  
There is a large setup violation of -1.457 ns between GEN_OLANES[0].dot8_inst/product0_reg/DSP_M_DATA_INST/CLK (clocked by clk) and GEN_OLANES[0].dot8_inst/sum1_0_reg/DSP_OUTPUT_INST/ALU_OUT[26] (clocked by clk). Large setup violations at the end of those stages might be difficult to fix during the post-placement implementation flow and could be the result of non-optimal XDC constraints or non-optimal design architecture
Related violations: <none>

TIMING-16#551 Warning
Large setup violation  
There is a large setup violation of -1.457 ns between GEN_OLANES[0].dot8_inst/product0_reg/DSP_M_DATA_INST/CLK (clocked by clk) and GEN_OLANES[0].dot8_inst/sum1_0_reg/DSP_OUTPUT_INST/ALU_OUT[27] (clocked by clk). Large setup violations at the end of those stages might be difficult to fix during the post-placement implementation flow and could be the result of non-optimal XDC constraints or non-optimal design architecture
Related violations: <none>

TIMING-16#552 Warning
Large setup violation  
There is a large setup violation of -1.457 ns between GEN_OLANES[0].dot8_inst/product0_reg/DSP_M_DATA_INST/CLK (clocked by clk) and GEN_OLANES[0].dot8_inst/sum1_0_reg/DSP_OUTPUT_INST/ALU_OUT[28] (clocked by clk). Large setup violations at the end of those stages might be difficult to fix during the post-placement implementation flow and could be the result of non-optimal XDC constraints or non-optimal design architecture
Related violations: <none>

TIMING-16#553 Warning
Large setup violation  
There is a large setup violation of -1.457 ns between GEN_OLANES[0].dot8_inst/product0_reg/DSP_M_DATA_INST/CLK (clocked by clk) and GEN_OLANES[0].dot8_inst/sum1_0_reg/DSP_OUTPUT_INST/ALU_OUT[29] (clocked by clk). Large setup violations at the end of those stages might be difficult to fix during the post-placement implementation flow and could be the result of non-optimal XDC constraints or non-optimal design architecture
Related violations: <none>

TIMING-16#554 Warning
Large setup violation  
There is a large setup violation of -1.457 ns between GEN_OLANES[0].dot8_inst/product0_reg/DSP_M_DATA_INST/CLK (clocked by clk) and GEN_OLANES[0].dot8_inst/sum1_0_reg/DSP_OUTPUT_INST/ALU_OUT[30] (clocked by clk). Large setup violations at the end of those stages might be difficult to fix during the post-placement implementation flow and could be the result of non-optimal XDC constraints or non-optimal design architecture
Related violations: <none>

TIMING-16#555 Warning
Large setup violation  
There is a large setup violation of -1.457 ns between GEN_OLANES[0].dot8_inst/product0_reg/DSP_M_DATA_INST/CLK (clocked by clk) and GEN_OLANES[0].dot8_inst/sum1_0_reg/DSP_OUTPUT_INST/ALU_OUT[31] (clocked by clk). Large setup violations at the end of those stages might be difficult to fix during the post-placement implementation flow and could be the result of non-optimal XDC constraints or non-optimal design architecture
Related violations: <none>

TIMING-16#556 Warning
Large setup violation  
There is a large setup violation of -1.457 ns between GEN_OLANES[0].dot8_inst/product0_reg/DSP_M_DATA_INST/CLK (clocked by clk) and GEN_OLANES[0].dot8_inst/sum1_0_reg/DSP_OUTPUT_INST/ALU_OUT[32] (clocked by clk). Large setup violations at the end of those stages might be difficult to fix during the post-placement implementation flow and could be the result of non-optimal XDC constraints or non-optimal design architecture
Related violations: <none>

TIMING-16#557 Warning
Large setup violation  
There is a large setup violation of -1.457 ns between GEN_OLANES[0].dot8_inst/product0_reg/DSP_M_DATA_INST/CLK (clocked by clk) and GEN_OLANES[0].dot8_inst/sum1_0_reg/DSP_OUTPUT_INST/ALU_OUT[33] (clocked by clk). Large setup violations at the end of those stages might be difficult to fix during the post-placement implementation flow and could be the result of non-optimal XDC constraints or non-optimal design architecture
Related violations: <none>

TIMING-16#558 Warning
Large setup violation  
There is a large setup violation of -1.457 ns between GEN_OLANES[0].dot8_inst/product0_reg/DSP_M_DATA_INST/CLK (clocked by clk) and GEN_OLANES[0].dot8_inst/sum1_0_reg/DSP_OUTPUT_INST/ALU_OUT[34] (clocked by clk). Large setup violations at the end of those stages might be difficult to fix during the post-placement implementation flow and could be the result of non-optimal XDC constraints or non-optimal design architecture
Related violations: <none>

TIMING-16#559 Warning
Large setup violation  
There is a large setup violation of -1.457 ns between GEN_OLANES[0].dot8_inst/product0_reg/DSP_M_DATA_INST/CLK (clocked by clk) and GEN_OLANES[0].dot8_inst/sum1_0_reg/DSP_OUTPUT_INST/ALU_OUT[35] (clocked by clk). Large setup violations at the end of those stages might be difficult to fix during the post-placement implementation flow and could be the result of non-optimal XDC constraints or non-optimal design architecture
Related violations: <none>

TIMING-16#560 Warning
Large setup violation  
There is a large setup violation of -1.457 ns between GEN_OLANES[0].dot8_inst/product0_reg/DSP_M_DATA_INST/CLK (clocked by clk) and GEN_OLANES[0].dot8_inst/sum1_0_reg/DSP_OUTPUT_INST/ALU_OUT[36] (clocked by clk). Large setup violations at the end of those stages might be difficult to fix during the post-placement implementation flow and could be the result of non-optimal XDC constraints or non-optimal design architecture
Related violations: <none>

TIMING-16#561 Warning
Large setup violation  
There is a large setup violation of -1.457 ns between GEN_OLANES[0].dot8_inst/product0_reg/DSP_M_DATA_INST/CLK (clocked by clk) and GEN_OLANES[0].dot8_inst/sum1_0_reg/DSP_OUTPUT_INST/ALU_OUT[37] (clocked by clk). Large setup violations at the end of those stages might be difficult to fix during the post-placement implementation flow and could be the result of non-optimal XDC constraints or non-optimal design architecture
Related violations: <none>

TIMING-16#562 Warning
Large setup violation  
There is a large setup violation of -1.457 ns between GEN_OLANES[0].dot8_inst/product0_reg/DSP_M_DATA_INST/CLK (clocked by clk) and GEN_OLANES[0].dot8_inst/sum1_0_reg/DSP_OUTPUT_INST/ALU_OUT[38] (clocked by clk). Large setup violations at the end of those stages might be difficult to fix during the post-placement implementation flow and could be the result of non-optimal XDC constraints or non-optimal design architecture
Related violations: <none>

TIMING-16#563 Warning
Large setup violation  
There is a large setup violation of -1.457 ns between GEN_OLANES[0].dot8_inst/product0_reg/DSP_M_DATA_INST/CLK (clocked by clk) and GEN_OLANES[0].dot8_inst/sum1_0_reg/DSP_OUTPUT_INST/ALU_OUT[39] (clocked by clk). Large setup violations at the end of those stages might be difficult to fix during the post-placement implementation flow and could be the result of non-optimal XDC constraints or non-optimal design architecture
Related violations: <none>

TIMING-16#564 Warning
Large setup violation  
There is a large setup violation of -1.457 ns between GEN_OLANES[0].dot8_inst/product0_reg/DSP_M_DATA_INST/CLK (clocked by clk) and GEN_OLANES[0].dot8_inst/sum1_0_reg/DSP_OUTPUT_INST/ALU_OUT[40] (clocked by clk). Large setup violations at the end of those stages might be difficult to fix during the post-placement implementation flow and could be the result of non-optimal XDC constraints or non-optimal design architecture
Related violations: <none>

TIMING-16#565 Warning
Large setup violation  
There is a large setup violation of -1.457 ns between GEN_OLANES[0].dot8_inst/product0_reg/DSP_M_DATA_INST/CLK (clocked by clk) and GEN_OLANES[0].dot8_inst/sum1_0_reg/DSP_OUTPUT_INST/ALU_OUT[41] (clocked by clk). Large setup violations at the end of those stages might be difficult to fix during the post-placement implementation flow and could be the result of non-optimal XDC constraints or non-optimal design architecture
Related violations: <none>

TIMING-16#566 Warning
Large setup violation  
There is a large setup violation of -1.457 ns between GEN_OLANES[0].dot8_inst/product0_reg/DSP_M_DATA_INST/CLK (clocked by clk) and GEN_OLANES[0].dot8_inst/sum1_0_reg/DSP_OUTPUT_INST/ALU_OUT[42] (clocked by clk). Large setup violations at the end of those stages might be difficult to fix during the post-placement implementation flow and could be the result of non-optimal XDC constraints or non-optimal design architecture
Related violations: <none>

TIMING-16#567 Warning
Large setup violation  
There is a large setup violation of -1.457 ns between GEN_OLANES[0].dot8_inst/product0_reg/DSP_M_DATA_INST/CLK (clocked by clk) and GEN_OLANES[0].dot8_inst/sum1_0_reg/DSP_OUTPUT_INST/ALU_OUT[43] (clocked by clk). Large setup violations at the end of those stages might be difficult to fix during the post-placement implementation flow and could be the result of non-optimal XDC constraints or non-optimal design architecture
Related violations: <none>

TIMING-16#568 Warning
Large setup violation  
There is a large setup violation of -1.457 ns between GEN_OLANES[0].dot8_inst/product0_reg/DSP_M_DATA_INST/CLK (clocked by clk) and GEN_OLANES[0].dot8_inst/sum1_0_reg/DSP_OUTPUT_INST/ALU_OUT[44] (clocked by clk). Large setup violations at the end of those stages might be difficult to fix during the post-placement implementation flow and could be the result of non-optimal XDC constraints or non-optimal design architecture
Related violations: <none>

TIMING-16#569 Warning
Large setup violation  
There is a large setup violation of -1.457 ns between GEN_OLANES[0].dot8_inst/product0_reg/DSP_M_DATA_INST/CLK (clocked by clk) and GEN_OLANES[0].dot8_inst/sum1_0_reg/DSP_OUTPUT_INST/ALU_OUT[45] (clocked by clk). Large setup violations at the end of those stages might be difficult to fix during the post-placement implementation flow and could be the result of non-optimal XDC constraints or non-optimal design architecture
Related violations: <none>

TIMING-16#570 Warning
Large setup violation  
There is a large setup violation of -1.457 ns between GEN_OLANES[0].dot8_inst/product0_reg/DSP_M_DATA_INST/CLK (clocked by clk) and GEN_OLANES[0].dot8_inst/sum1_0_reg/DSP_OUTPUT_INST/ALU_OUT[46] (clocked by clk). Large setup violations at the end of those stages might be difficult to fix during the post-placement implementation flow and could be the result of non-optimal XDC constraints or non-optimal design architecture
Related violations: <none>

TIMING-16#571 Warning
Large setup violation  
There is a large setup violation of -1.457 ns between GEN_OLANES[0].dot8_inst/product0_reg/DSP_M_DATA_INST/CLK (clocked by clk) and GEN_OLANES[0].dot8_inst/sum1_0_reg/DSP_OUTPUT_INST/ALU_OUT[47] (clocked by clk). Large setup violations at the end of those stages might be difficult to fix during the post-placement implementation flow and could be the result of non-optimal XDC constraints or non-optimal design architecture
Related violations: <none>

TIMING-16#572 Warning
Large setup violation  
There is a large setup violation of -1.457 ns between GEN_OLANES[0].dot8_inst/product6_reg/DSP_M_DATA_INST/CLK (clocked by clk) and GEN_OLANES[0].dot8_inst/sum1_3_reg/DSP_OUTPUT_INST/ALU_OUT[16] (clocked by clk). Large setup violations at the end of those stages might be difficult to fix during the post-placement implementation flow and could be the result of non-optimal XDC constraints or non-optimal design architecture
Related violations: <none>

TIMING-16#573 Warning
Large setup violation  
There is a large setup violation of -1.457 ns between GEN_OLANES[0].dot8_inst/product6_reg/DSP_M_DATA_INST/CLK (clocked by clk) and GEN_OLANES[0].dot8_inst/sum1_3_reg/DSP_OUTPUT_INST/ALU_OUT[17] (clocked by clk). Large setup violations at the end of those stages might be difficult to fix during the post-placement implementation flow and could be the result of non-optimal XDC constraints or non-optimal design architecture
Related violations: <none>

TIMING-16#574 Warning
Large setup violation  
There is a large setup violation of -1.457 ns between GEN_OLANES[0].dot8_inst/product6_reg/DSP_M_DATA_INST/CLK (clocked by clk) and GEN_OLANES[0].dot8_inst/sum1_3_reg/DSP_OUTPUT_INST/ALU_OUT[18] (clocked by clk). Large setup violations at the end of those stages might be difficult to fix during the post-placement implementation flow and could be the result of non-optimal XDC constraints or non-optimal design architecture
Related violations: <none>

TIMING-16#575 Warning
Large setup violation  
There is a large setup violation of -1.457 ns between GEN_OLANES[0].dot8_inst/product6_reg/DSP_M_DATA_INST/CLK (clocked by clk) and GEN_OLANES[0].dot8_inst/sum1_3_reg/DSP_OUTPUT_INST/ALU_OUT[19] (clocked by clk). Large setup violations at the end of those stages might be difficult to fix during the post-placement implementation flow and could be the result of non-optimal XDC constraints or non-optimal design architecture
Related violations: <none>

TIMING-16#576 Warning
Large setup violation  
There is a large setup violation of -1.457 ns between GEN_OLANES[0].dot8_inst/product6_reg/DSP_M_DATA_INST/CLK (clocked by clk) and GEN_OLANES[0].dot8_inst/sum1_3_reg/DSP_OUTPUT_INST/ALU_OUT[20] (clocked by clk). Large setup violations at the end of those stages might be difficult to fix during the post-placement implementation flow and could be the result of non-optimal XDC constraints or non-optimal design architecture
Related violations: <none>

TIMING-16#577 Warning
Large setup violation  
There is a large setup violation of -1.457 ns between GEN_OLANES[0].dot8_inst/product6_reg/DSP_M_DATA_INST/CLK (clocked by clk) and GEN_OLANES[0].dot8_inst/sum1_3_reg/DSP_OUTPUT_INST/ALU_OUT[21] (clocked by clk). Large setup violations at the end of those stages might be difficult to fix during the post-placement implementation flow and could be the result of non-optimal XDC constraints or non-optimal design architecture
Related violations: <none>

TIMING-16#578 Warning
Large setup violation  
There is a large setup violation of -1.457 ns between GEN_OLANES[0].dot8_inst/product6_reg/DSP_M_DATA_INST/CLK (clocked by clk) and GEN_OLANES[0].dot8_inst/sum1_3_reg/DSP_OUTPUT_INST/ALU_OUT[22] (clocked by clk). Large setup violations at the end of those stages might be difficult to fix during the post-placement implementation flow and could be the result of non-optimal XDC constraints or non-optimal design architecture
Related violations: <none>

TIMING-16#579 Warning
Large setup violation  
There is a large setup violation of -1.457 ns between GEN_OLANES[0].dot8_inst/product6_reg/DSP_M_DATA_INST/CLK (clocked by clk) and GEN_OLANES[0].dot8_inst/sum1_3_reg/DSP_OUTPUT_INST/ALU_OUT[23] (clocked by clk). Large setup violations at the end of those stages might be difficult to fix during the post-placement implementation flow and could be the result of non-optimal XDC constraints or non-optimal design architecture
Related violations: <none>

TIMING-16#580 Warning
Large setup violation  
There is a large setup violation of -1.457 ns between GEN_OLANES[0].dot8_inst/product6_reg/DSP_M_DATA_INST/CLK (clocked by clk) and GEN_OLANES[0].dot8_inst/sum1_3_reg/DSP_OUTPUT_INST/ALU_OUT[24] (clocked by clk). Large setup violations at the end of those stages might be difficult to fix during the post-placement implementation flow and could be the result of non-optimal XDC constraints or non-optimal design architecture
Related violations: <none>

TIMING-16#581 Warning
Large setup violation  
There is a large setup violation of -1.457 ns between GEN_OLANES[0].dot8_inst/product6_reg/DSP_M_DATA_INST/CLK (clocked by clk) and GEN_OLANES[0].dot8_inst/sum1_3_reg/DSP_OUTPUT_INST/ALU_OUT[25] (clocked by clk). Large setup violations at the end of those stages might be difficult to fix during the post-placement implementation flow and could be the result of non-optimal XDC constraints or non-optimal design architecture
Related violations: <none>

TIMING-16#582 Warning
Large setup violation  
There is a large setup violation of -1.457 ns between GEN_OLANES[0].dot8_inst/product6_reg/DSP_M_DATA_INST/CLK (clocked by clk) and GEN_OLANES[0].dot8_inst/sum1_3_reg/DSP_OUTPUT_INST/ALU_OUT[26] (clocked by clk). Large setup violations at the end of those stages might be difficult to fix during the post-placement implementation flow and could be the result of non-optimal XDC constraints or non-optimal design architecture
Related violations: <none>

TIMING-16#583 Warning
Large setup violation  
There is a large setup violation of -1.457 ns between GEN_OLANES[0].dot8_inst/product6_reg/DSP_M_DATA_INST/CLK (clocked by clk) and GEN_OLANES[0].dot8_inst/sum1_3_reg/DSP_OUTPUT_INST/ALU_OUT[27] (clocked by clk). Large setup violations at the end of those stages might be difficult to fix during the post-placement implementation flow and could be the result of non-optimal XDC constraints or non-optimal design architecture
Related violations: <none>

TIMING-16#584 Warning
Large setup violation  
There is a large setup violation of -1.457 ns between GEN_OLANES[0].dot8_inst/product6_reg/DSP_M_DATA_INST/CLK (clocked by clk) and GEN_OLANES[0].dot8_inst/sum1_3_reg/DSP_OUTPUT_INST/ALU_OUT[28] (clocked by clk). Large setup violations at the end of those stages might be difficult to fix during the post-placement implementation flow and could be the result of non-optimal XDC constraints or non-optimal design architecture
Related violations: <none>

TIMING-16#585 Warning
Large setup violation  
There is a large setup violation of -1.457 ns between GEN_OLANES[0].dot8_inst/product6_reg/DSP_M_DATA_INST/CLK (clocked by clk) and GEN_OLANES[0].dot8_inst/sum1_3_reg/DSP_OUTPUT_INST/ALU_OUT[29] (clocked by clk). Large setup violations at the end of those stages might be difficult to fix during the post-placement implementation flow and could be the result of non-optimal XDC constraints or non-optimal design architecture
Related violations: <none>

TIMING-16#586 Warning
Large setup violation  
There is a large setup violation of -1.457 ns between GEN_OLANES[0].dot8_inst/product6_reg/DSP_M_DATA_INST/CLK (clocked by clk) and GEN_OLANES[0].dot8_inst/sum1_3_reg/DSP_OUTPUT_INST/ALU_OUT[30] (clocked by clk). Large setup violations at the end of those stages might be difficult to fix during the post-placement implementation flow and could be the result of non-optimal XDC constraints or non-optimal design architecture
Related violations: <none>

TIMING-16#587 Warning
Large setup violation  
There is a large setup violation of -1.457 ns between GEN_OLANES[0].dot8_inst/product6_reg/DSP_M_DATA_INST/CLK (clocked by clk) and GEN_OLANES[0].dot8_inst/sum1_3_reg/DSP_OUTPUT_INST/ALU_OUT[31] (clocked by clk). Large setup violations at the end of those stages might be difficult to fix during the post-placement implementation flow and could be the result of non-optimal XDC constraints or non-optimal design architecture
Related violations: <none>

TIMING-16#588 Warning
Large setup violation  
There is a large setup violation of -1.457 ns between GEN_OLANES[0].dot8_inst/product6_reg/DSP_M_DATA_INST/CLK (clocked by clk) and GEN_OLANES[0].dot8_inst/sum1_3_reg/DSP_OUTPUT_INST/ALU_OUT[32] (clocked by clk). Large setup violations at the end of those stages might be difficult to fix during the post-placement implementation flow and could be the result of non-optimal XDC constraints or non-optimal design architecture
Related violations: <none>

TIMING-16#589 Warning
Large setup violation  
There is a large setup violation of -1.457 ns between GEN_OLANES[0].dot8_inst/product6_reg/DSP_M_DATA_INST/CLK (clocked by clk) and GEN_OLANES[0].dot8_inst/sum1_3_reg/DSP_OUTPUT_INST/ALU_OUT[33] (clocked by clk). Large setup violations at the end of those stages might be difficult to fix during the post-placement implementation flow and could be the result of non-optimal XDC constraints or non-optimal design architecture
Related violations: <none>

TIMING-16#590 Warning
Large setup violation  
There is a large setup violation of -1.457 ns between GEN_OLANES[0].dot8_inst/product6_reg/DSP_M_DATA_INST/CLK (clocked by clk) and GEN_OLANES[0].dot8_inst/sum1_3_reg/DSP_OUTPUT_INST/ALU_OUT[34] (clocked by clk). Large setup violations at the end of those stages might be difficult to fix during the post-placement implementation flow and could be the result of non-optimal XDC constraints or non-optimal design architecture
Related violations: <none>

TIMING-16#591 Warning
Large setup violation  
There is a large setup violation of -1.457 ns between GEN_OLANES[0].dot8_inst/product6_reg/DSP_M_DATA_INST/CLK (clocked by clk) and GEN_OLANES[0].dot8_inst/sum1_3_reg/DSP_OUTPUT_INST/ALU_OUT[35] (clocked by clk). Large setup violations at the end of those stages might be difficult to fix during the post-placement implementation flow and could be the result of non-optimal XDC constraints or non-optimal design architecture
Related violations: <none>

TIMING-16#592 Warning
Large setup violation  
There is a large setup violation of -1.457 ns between GEN_OLANES[0].dot8_inst/product6_reg/DSP_M_DATA_INST/CLK (clocked by clk) and GEN_OLANES[0].dot8_inst/sum1_3_reg/DSP_OUTPUT_INST/ALU_OUT[36] (clocked by clk). Large setup violations at the end of those stages might be difficult to fix during the post-placement implementation flow and could be the result of non-optimal XDC constraints or non-optimal design architecture
Related violations: <none>

TIMING-16#593 Warning
Large setup violation  
There is a large setup violation of -1.457 ns between GEN_OLANES[0].dot8_inst/product6_reg/DSP_M_DATA_INST/CLK (clocked by clk) and GEN_OLANES[0].dot8_inst/sum1_3_reg/DSP_OUTPUT_INST/ALU_OUT[37] (clocked by clk). Large setup violations at the end of those stages might be difficult to fix during the post-placement implementation flow and could be the result of non-optimal XDC constraints or non-optimal design architecture
Related violations: <none>

TIMING-16#594 Warning
Large setup violation  
There is a large setup violation of -1.457 ns between GEN_OLANES[0].dot8_inst/product6_reg/DSP_M_DATA_INST/CLK (clocked by clk) and GEN_OLANES[0].dot8_inst/sum1_3_reg/DSP_OUTPUT_INST/ALU_OUT[38] (clocked by clk). Large setup violations at the end of those stages might be difficult to fix during the post-placement implementation flow and could be the result of non-optimal XDC constraints or non-optimal design architecture
Related violations: <none>

TIMING-16#595 Warning
Large setup violation  
There is a large setup violation of -1.457 ns between GEN_OLANES[0].dot8_inst/product6_reg/DSP_M_DATA_INST/CLK (clocked by clk) and GEN_OLANES[0].dot8_inst/sum1_3_reg/DSP_OUTPUT_INST/ALU_OUT[39] (clocked by clk). Large setup violations at the end of those stages might be difficult to fix during the post-placement implementation flow and could be the result of non-optimal XDC constraints or non-optimal design architecture
Related violations: <none>

TIMING-16#596 Warning
Large setup violation  
There is a large setup violation of -1.457 ns between GEN_OLANES[0].dot8_inst/product6_reg/DSP_M_DATA_INST/CLK (clocked by clk) and GEN_OLANES[0].dot8_inst/sum1_3_reg/DSP_OUTPUT_INST/ALU_OUT[40] (clocked by clk). Large setup violations at the end of those stages might be difficult to fix during the post-placement implementation flow and could be the result of non-optimal XDC constraints or non-optimal design architecture
Related violations: <none>

TIMING-16#597 Warning
Large setup violation  
There is a large setup violation of -1.457 ns between GEN_OLANES[0].dot8_inst/product6_reg/DSP_M_DATA_INST/CLK (clocked by clk) and GEN_OLANES[0].dot8_inst/sum1_3_reg/DSP_OUTPUT_INST/ALU_OUT[41] (clocked by clk). Large setup violations at the end of those stages might be difficult to fix during the post-placement implementation flow and could be the result of non-optimal XDC constraints or non-optimal design architecture
Related violations: <none>

TIMING-16#598 Warning
Large setup violation  
There is a large setup violation of -1.457 ns between GEN_OLANES[0].dot8_inst/product6_reg/DSP_M_DATA_INST/CLK (clocked by clk) and GEN_OLANES[0].dot8_inst/sum1_3_reg/DSP_OUTPUT_INST/ALU_OUT[42] (clocked by clk). Large setup violations at the end of those stages might be difficult to fix during the post-placement implementation flow and could be the result of non-optimal XDC constraints or non-optimal design architecture
Related violations: <none>

TIMING-16#599 Warning
Large setup violation  
There is a large setup violation of -1.457 ns between GEN_OLANES[0].dot8_inst/product6_reg/DSP_M_DATA_INST/CLK (clocked by clk) and GEN_OLANES[0].dot8_inst/sum1_3_reg/DSP_OUTPUT_INST/ALU_OUT[43] (clocked by clk). Large setup violations at the end of those stages might be difficult to fix during the post-placement implementation flow and could be the result of non-optimal XDC constraints or non-optimal design architecture
Related violations: <none>

TIMING-16#600 Warning
Large setup violation  
There is a large setup violation of -1.457 ns between GEN_OLANES[0].dot8_inst/product6_reg/DSP_M_DATA_INST/CLK (clocked by clk) and GEN_OLANES[0].dot8_inst/sum1_3_reg/DSP_OUTPUT_INST/ALU_OUT[44] (clocked by clk). Large setup violations at the end of those stages might be difficult to fix during the post-placement implementation flow and could be the result of non-optimal XDC constraints or non-optimal design architecture
Related violations: <none>

TIMING-16#601 Warning
Large setup violation  
There is a large setup violation of -1.457 ns between GEN_OLANES[0].dot8_inst/product6_reg/DSP_M_DATA_INST/CLK (clocked by clk) and GEN_OLANES[0].dot8_inst/sum1_3_reg/DSP_OUTPUT_INST/ALU_OUT[45] (clocked by clk). Large setup violations at the end of those stages might be difficult to fix during the post-placement implementation flow and could be the result of non-optimal XDC constraints or non-optimal design architecture
Related violations: <none>

TIMING-16#602 Warning
Large setup violation  
There is a large setup violation of -1.457 ns between GEN_OLANES[0].dot8_inst/product6_reg/DSP_M_DATA_INST/CLK (clocked by clk) and GEN_OLANES[0].dot8_inst/sum1_3_reg/DSP_OUTPUT_INST/ALU_OUT[46] (clocked by clk). Large setup violations at the end of those stages might be difficult to fix during the post-placement implementation flow and could be the result of non-optimal XDC constraints or non-optimal design architecture
Related violations: <none>

TIMING-16#603 Warning
Large setup violation  
There is a large setup violation of -1.457 ns between GEN_OLANES[0].dot8_inst/product6_reg/DSP_M_DATA_INST/CLK (clocked by clk) and GEN_OLANES[0].dot8_inst/sum1_3_reg/DSP_OUTPUT_INST/ALU_OUT[47] (clocked by clk). Large setup violations at the end of those stages might be difficult to fix during the post-placement implementation flow and could be the result of non-optimal XDC constraints or non-optimal design architecture
Related violations: <none>

TIMING-16#604 Warning
Large setup violation  
There is a large setup violation of -1.470 ns between ctrl_inst/mat_addr_reg_reg[5]/C (clocked by clk) and GEN_OLANES[0].matrix_mem/r_rdata_reg[7]/D (clocked by clk). Large setup violations at the end of those stages might be difficult to fix during the post-placement implementation flow and could be the result of non-optimal XDC constraints or non-optimal design architecture
Related violations: <none>

TIMING-16#605 Warning
Large setup violation  
There is a large setup violation of -1.473 ns between ctrl_inst/mat_addr_reg_reg[2]/C (clocked by clk) and GEN_OLANES[0].matrix_mem/r_rdata_reg[10]/D (clocked by clk). Large setup violations at the end of those stages might be difficult to fix during the post-placement implementation flow and could be the result of non-optimal XDC constraints or non-optimal design architecture
Related violations: <none>

TIMING-16#606 Warning
Large setup violation  
There is a large setup violation of -1.481 ns between ctrl_inst/mat_addr_reg_reg[1]/C (clocked by clk) and GEN_OLANES[2].matrix_mem/r_rdata_reg[11]/D (clocked by clk). Large setup violations at the end of those stages might be difficult to fix during the post-placement implementation flow and could be the result of non-optimal XDC constraints or non-optimal design architecture
Related violations: <none>

TIMING-16#607 Warning
Large setup violation  
There is a large setup violation of -1.488 ns between ctrl_inst/mat_addr_reg_reg[1]/C (clocked by clk) and GEN_OLANES[2].matrix_mem/r_rdata_reg[13]/D (clocked by clk). Large setup violations at the end of those stages might be difficult to fix during the post-placement implementation flow and could be the result of non-optimal XDC constraints or non-optimal design architecture
Related violations: <none>

TIMING-16#608 Warning
Large setup violation  
There is a large setup violation of -1.492 ns between ctrl_inst/mat_addr_reg_reg[1]/C (clocked by clk) and GEN_OLANES[2].matrix_mem/r_rdata_reg[8]/D (clocked by clk). Large setup violations at the end of those stages might be difficult to fix during the post-placement implementation flow and could be the result of non-optimal XDC constraints or non-optimal design architecture
Related violations: <none>

TIMING-16#609 Warning
Large setup violation  
There is a large setup violation of -1.502 ns between ctrl_inst/mat_addr_reg_reg[1]/C (clocked by clk) and GEN_OLANES[2].matrix_mem/r_rdata_reg[10]/D (clocked by clk). Large setup violations at the end of those stages might be difficult to fix during the post-placement implementation flow and could be the result of non-optimal XDC constraints or non-optimal design architecture
Related violations: <none>

TIMING-16#610 Warning
Large setup violation  
There is a large setup violation of -1.508 ns between ctrl_inst/mat_addr_reg_reg[1]/C (clocked by clk) and GEN_OLANES[2].matrix_mem/r_rdata_reg[9]/D (clocked by clk). Large setup violations at the end of those stages might be difficult to fix during the post-placement implementation flow and could be the result of non-optimal XDC constraints or non-optimal design architecture
Related violations: <none>

TIMING-16#611 Warning
Large setup violation  
There is a large setup violation of -1.522 ns between ctrl_inst/mat_addr_reg_reg[1]/C (clocked by clk) and GEN_OLANES[2].matrix_mem/r_rdata_reg[12]/D (clocked by clk). Large setup violations at the end of those stages might be difficult to fix during the post-placement implementation flow and could be the result of non-optimal XDC constraints or non-optimal design architecture
Related violations: <none>

TIMING-16#612 Warning
Large setup violation  
There is a large setup violation of -1.530 ns between ctrl_inst/mat_addr_reg_reg[1]/C (clocked by clk) and GEN_OLANES[2].matrix_mem/r_rdata_reg[7]/D (clocked by clk). Large setup violations at the end of those stages might be difficult to fix during the post-placement implementation flow and could be the result of non-optimal XDC constraints or non-optimal design architecture
Related violations: <none>

TIMING-16#613 Warning
Large setup violation  
There is a large setup violation of -1.551 ns between GEN_OLANES[0].dot8_inst/product2_reg/DSP_M_DATA_INST/CLK (clocked by clk) and GEN_OLANES[0].dot8_inst/sum1_1_reg/DSP_OUTPUT_INST/ALU_OUT[16] (clocked by clk). Large setup violations at the end of those stages might be difficult to fix during the post-placement implementation flow and could be the result of non-optimal XDC constraints or non-optimal design architecture
Related violations: <none>

TIMING-16#614 Warning
Large setup violation  
There is a large setup violation of -1.551 ns between GEN_OLANES[0].dot8_inst/product2_reg/DSP_M_DATA_INST/CLK (clocked by clk) and GEN_OLANES[0].dot8_inst/sum1_1_reg/DSP_OUTPUT_INST/ALU_OUT[17] (clocked by clk). Large setup violations at the end of those stages might be difficult to fix during the post-placement implementation flow and could be the result of non-optimal XDC constraints or non-optimal design architecture
Related violations: <none>

TIMING-16#615 Warning
Large setup violation  
There is a large setup violation of -1.551 ns between GEN_OLANES[0].dot8_inst/product2_reg/DSP_M_DATA_INST/CLK (clocked by clk) and GEN_OLANES[0].dot8_inst/sum1_1_reg/DSP_OUTPUT_INST/ALU_OUT[18] (clocked by clk). Large setup violations at the end of those stages might be difficult to fix during the post-placement implementation flow and could be the result of non-optimal XDC constraints or non-optimal design architecture
Related violations: <none>

TIMING-16#616 Warning
Large setup violation  
There is a large setup violation of -1.551 ns between GEN_OLANES[0].dot8_inst/product2_reg/DSP_M_DATA_INST/CLK (clocked by clk) and GEN_OLANES[0].dot8_inst/sum1_1_reg/DSP_OUTPUT_INST/ALU_OUT[19] (clocked by clk). Large setup violations at the end of those stages might be difficult to fix during the post-placement implementation flow and could be the result of non-optimal XDC constraints or non-optimal design architecture
Related violations: <none>

TIMING-16#617 Warning
Large setup violation  
There is a large setup violation of -1.551 ns between GEN_OLANES[0].dot8_inst/product2_reg/DSP_M_DATA_INST/CLK (clocked by clk) and GEN_OLANES[0].dot8_inst/sum1_1_reg/DSP_OUTPUT_INST/ALU_OUT[20] (clocked by clk). Large setup violations at the end of those stages might be difficult to fix during the post-placement implementation flow and could be the result of non-optimal XDC constraints or non-optimal design architecture
Related violations: <none>

TIMING-16#618 Warning
Large setup violation  
There is a large setup violation of -1.551 ns between GEN_OLANES[0].dot8_inst/product2_reg/DSP_M_DATA_INST/CLK (clocked by clk) and GEN_OLANES[0].dot8_inst/sum1_1_reg/DSP_OUTPUT_INST/ALU_OUT[21] (clocked by clk). Large setup violations at the end of those stages might be difficult to fix during the post-placement implementation flow and could be the result of non-optimal XDC constraints or non-optimal design architecture
Related violations: <none>

TIMING-16#619 Warning
Large setup violation  
There is a large setup violation of -1.551 ns between GEN_OLANES[0].dot8_inst/product2_reg/DSP_M_DATA_INST/CLK (clocked by clk) and GEN_OLANES[0].dot8_inst/sum1_1_reg/DSP_OUTPUT_INST/ALU_OUT[22] (clocked by clk). Large setup violations at the end of those stages might be difficult to fix during the post-placement implementation flow and could be the result of non-optimal XDC constraints or non-optimal design architecture
Related violations: <none>

TIMING-16#620 Warning
Large setup violation  
There is a large setup violation of -1.551 ns between GEN_OLANES[0].dot8_inst/product2_reg/DSP_M_DATA_INST/CLK (clocked by clk) and GEN_OLANES[0].dot8_inst/sum1_1_reg/DSP_OUTPUT_INST/ALU_OUT[23] (clocked by clk). Large setup violations at the end of those stages might be difficult to fix during the post-placement implementation flow and could be the result of non-optimal XDC constraints or non-optimal design architecture
Related violations: <none>

TIMING-16#621 Warning
Large setup violation  
There is a large setup violation of -1.551 ns between GEN_OLANES[0].dot8_inst/product2_reg/DSP_M_DATA_INST/CLK (clocked by clk) and GEN_OLANES[0].dot8_inst/sum1_1_reg/DSP_OUTPUT_INST/ALU_OUT[24] (clocked by clk). Large setup violations at the end of those stages might be difficult to fix during the post-placement implementation flow and could be the result of non-optimal XDC constraints or non-optimal design architecture
Related violations: <none>

TIMING-16#622 Warning
Large setup violation  
There is a large setup violation of -1.551 ns between GEN_OLANES[0].dot8_inst/product2_reg/DSP_M_DATA_INST/CLK (clocked by clk) and GEN_OLANES[0].dot8_inst/sum1_1_reg/DSP_OUTPUT_INST/ALU_OUT[25] (clocked by clk). Large setup violations at the end of those stages might be difficult to fix during the post-placement implementation flow and could be the result of non-optimal XDC constraints or non-optimal design architecture
Related violations: <none>

TIMING-16#623 Warning
Large setup violation  
There is a large setup violation of -1.551 ns between GEN_OLANES[0].dot8_inst/product2_reg/DSP_M_DATA_INST/CLK (clocked by clk) and GEN_OLANES[0].dot8_inst/sum1_1_reg/DSP_OUTPUT_INST/ALU_OUT[26] (clocked by clk). Large setup violations at the end of those stages might be difficult to fix during the post-placement implementation flow and could be the result of non-optimal XDC constraints or non-optimal design architecture
Related violations: <none>

TIMING-16#624 Warning
Large setup violation  
There is a large setup violation of -1.551 ns between GEN_OLANES[0].dot8_inst/product2_reg/DSP_M_DATA_INST/CLK (clocked by clk) and GEN_OLANES[0].dot8_inst/sum1_1_reg/DSP_OUTPUT_INST/ALU_OUT[27] (clocked by clk). Large setup violations at the end of those stages might be difficult to fix during the post-placement implementation flow and could be the result of non-optimal XDC constraints or non-optimal design architecture
Related violations: <none>

TIMING-16#625 Warning
Large setup violation  
There is a large setup violation of -1.551 ns between GEN_OLANES[0].dot8_inst/product2_reg/DSP_M_DATA_INST/CLK (clocked by clk) and GEN_OLANES[0].dot8_inst/sum1_1_reg/DSP_OUTPUT_INST/ALU_OUT[28] (clocked by clk). Large setup violations at the end of those stages might be difficult to fix during the post-placement implementation flow and could be the result of non-optimal XDC constraints or non-optimal design architecture
Related violations: <none>

TIMING-16#626 Warning
Large setup violation  
There is a large setup violation of -1.551 ns between GEN_OLANES[0].dot8_inst/product2_reg/DSP_M_DATA_INST/CLK (clocked by clk) and GEN_OLANES[0].dot8_inst/sum1_1_reg/DSP_OUTPUT_INST/ALU_OUT[29] (clocked by clk). Large setup violations at the end of those stages might be difficult to fix during the post-placement implementation flow and could be the result of non-optimal XDC constraints or non-optimal design architecture
Related violations: <none>

TIMING-16#627 Warning
Large setup violation  
There is a large setup violation of -1.551 ns between GEN_OLANES[0].dot8_inst/product2_reg/DSP_M_DATA_INST/CLK (clocked by clk) and GEN_OLANES[0].dot8_inst/sum1_1_reg/DSP_OUTPUT_INST/ALU_OUT[30] (clocked by clk). Large setup violations at the end of those stages might be difficult to fix during the post-placement implementation flow and could be the result of non-optimal XDC constraints or non-optimal design architecture
Related violations: <none>

TIMING-16#628 Warning
Large setup violation  
There is a large setup violation of -1.551 ns between GEN_OLANES[0].dot8_inst/product2_reg/DSP_M_DATA_INST/CLK (clocked by clk) and GEN_OLANES[0].dot8_inst/sum1_1_reg/DSP_OUTPUT_INST/ALU_OUT[31] (clocked by clk). Large setup violations at the end of those stages might be difficult to fix during the post-placement implementation flow and could be the result of non-optimal XDC constraints or non-optimal design architecture
Related violations: <none>

TIMING-16#629 Warning
Large setup violation  
There is a large setup violation of -1.551 ns between GEN_OLANES[0].dot8_inst/product2_reg/DSP_M_DATA_INST/CLK (clocked by clk) and GEN_OLANES[0].dot8_inst/sum1_1_reg/DSP_OUTPUT_INST/ALU_OUT[32] (clocked by clk). Large setup violations at the end of those stages might be difficult to fix during the post-placement implementation flow and could be the result of non-optimal XDC constraints or non-optimal design architecture
Related violations: <none>

TIMING-16#630 Warning
Large setup violation  
There is a large setup violation of -1.551 ns between GEN_OLANES[0].dot8_inst/product2_reg/DSP_M_DATA_INST/CLK (clocked by clk) and GEN_OLANES[0].dot8_inst/sum1_1_reg/DSP_OUTPUT_INST/ALU_OUT[33] (clocked by clk). Large setup violations at the end of those stages might be difficult to fix during the post-placement implementation flow and could be the result of non-optimal XDC constraints or non-optimal design architecture
Related violations: <none>

TIMING-16#631 Warning
Large setup violation  
There is a large setup violation of -1.551 ns between GEN_OLANES[0].dot8_inst/product2_reg/DSP_M_DATA_INST/CLK (clocked by clk) and GEN_OLANES[0].dot8_inst/sum1_1_reg/DSP_OUTPUT_INST/ALU_OUT[34] (clocked by clk). Large setup violations at the end of those stages might be difficult to fix during the post-placement implementation flow and could be the result of non-optimal XDC constraints or non-optimal design architecture
Related violations: <none>

TIMING-16#632 Warning
Large setup violation  
There is a large setup violation of -1.551 ns between GEN_OLANES[0].dot8_inst/product2_reg/DSP_M_DATA_INST/CLK (clocked by clk) and GEN_OLANES[0].dot8_inst/sum1_1_reg/DSP_OUTPUT_INST/ALU_OUT[35] (clocked by clk). Large setup violations at the end of those stages might be difficult to fix during the post-placement implementation flow and could be the result of non-optimal XDC constraints or non-optimal design architecture
Related violations: <none>

TIMING-16#633 Warning
Large setup violation  
There is a large setup violation of -1.551 ns between GEN_OLANES[0].dot8_inst/product2_reg/DSP_M_DATA_INST/CLK (clocked by clk) and GEN_OLANES[0].dot8_inst/sum1_1_reg/DSP_OUTPUT_INST/ALU_OUT[36] (clocked by clk). Large setup violations at the end of those stages might be difficult to fix during the post-placement implementation flow and could be the result of non-optimal XDC constraints or non-optimal design architecture
Related violations: <none>

TIMING-16#634 Warning
Large setup violation  
There is a large setup violation of -1.551 ns between GEN_OLANES[0].dot8_inst/product2_reg/DSP_M_DATA_INST/CLK (clocked by clk) and GEN_OLANES[0].dot8_inst/sum1_1_reg/DSP_OUTPUT_INST/ALU_OUT[37] (clocked by clk). Large setup violations at the end of those stages might be difficult to fix during the post-placement implementation flow and could be the result of non-optimal XDC constraints or non-optimal design architecture
Related violations: <none>

TIMING-16#635 Warning
Large setup violation  
There is a large setup violation of -1.551 ns between GEN_OLANES[0].dot8_inst/product2_reg/DSP_M_DATA_INST/CLK (clocked by clk) and GEN_OLANES[0].dot8_inst/sum1_1_reg/DSP_OUTPUT_INST/ALU_OUT[38] (clocked by clk). Large setup violations at the end of those stages might be difficult to fix during the post-placement implementation flow and could be the result of non-optimal XDC constraints or non-optimal design architecture
Related violations: <none>

TIMING-16#636 Warning
Large setup violation  
There is a large setup violation of -1.551 ns between GEN_OLANES[0].dot8_inst/product2_reg/DSP_M_DATA_INST/CLK (clocked by clk) and GEN_OLANES[0].dot8_inst/sum1_1_reg/DSP_OUTPUT_INST/ALU_OUT[39] (clocked by clk). Large setup violations at the end of those stages might be difficult to fix during the post-placement implementation flow and could be the result of non-optimal XDC constraints or non-optimal design architecture
Related violations: <none>

TIMING-16#637 Warning
Large setup violation  
There is a large setup violation of -1.551 ns between GEN_OLANES[0].dot8_inst/product2_reg/DSP_M_DATA_INST/CLK (clocked by clk) and GEN_OLANES[0].dot8_inst/sum1_1_reg/DSP_OUTPUT_INST/ALU_OUT[40] (clocked by clk). Large setup violations at the end of those stages might be difficult to fix during the post-placement implementation flow and could be the result of non-optimal XDC constraints or non-optimal design architecture
Related violations: <none>

TIMING-16#638 Warning
Large setup violation  
There is a large setup violation of -1.551 ns between GEN_OLANES[0].dot8_inst/product2_reg/DSP_M_DATA_INST/CLK (clocked by clk) and GEN_OLANES[0].dot8_inst/sum1_1_reg/DSP_OUTPUT_INST/ALU_OUT[41] (clocked by clk). Large setup violations at the end of those stages might be difficult to fix during the post-placement implementation flow and could be the result of non-optimal XDC constraints or non-optimal design architecture
Related violations: <none>

TIMING-16#639 Warning
Large setup violation  
There is a large setup violation of -1.551 ns between GEN_OLANES[0].dot8_inst/product2_reg/DSP_M_DATA_INST/CLK (clocked by clk) and GEN_OLANES[0].dot8_inst/sum1_1_reg/DSP_OUTPUT_INST/ALU_OUT[42] (clocked by clk). Large setup violations at the end of those stages might be difficult to fix during the post-placement implementation flow and could be the result of non-optimal XDC constraints or non-optimal design architecture
Related violations: <none>

TIMING-16#640 Warning
Large setup violation  
There is a large setup violation of -1.551 ns between GEN_OLANES[0].dot8_inst/product2_reg/DSP_M_DATA_INST/CLK (clocked by clk) and GEN_OLANES[0].dot8_inst/sum1_1_reg/DSP_OUTPUT_INST/ALU_OUT[43] (clocked by clk). Large setup violations at the end of those stages might be difficult to fix during the post-placement implementation flow and could be the result of non-optimal XDC constraints or non-optimal design architecture
Related violations: <none>

TIMING-16#641 Warning
Large setup violation  
There is a large setup violation of -1.551 ns between GEN_OLANES[0].dot8_inst/product2_reg/DSP_M_DATA_INST/CLK (clocked by clk) and GEN_OLANES[0].dot8_inst/sum1_1_reg/DSP_OUTPUT_INST/ALU_OUT[44] (clocked by clk). Large setup violations at the end of those stages might be difficult to fix during the post-placement implementation flow and could be the result of non-optimal XDC constraints or non-optimal design architecture
Related violations: <none>

TIMING-16#642 Warning
Large setup violation  
There is a large setup violation of -1.551 ns between GEN_OLANES[0].dot8_inst/product2_reg/DSP_M_DATA_INST/CLK (clocked by clk) and GEN_OLANES[0].dot8_inst/sum1_1_reg/DSP_OUTPUT_INST/ALU_OUT[45] (clocked by clk). Large setup violations at the end of those stages might be difficult to fix during the post-placement implementation flow and could be the result of non-optimal XDC constraints or non-optimal design architecture
Related violations: <none>

TIMING-16#643 Warning
Large setup violation  
There is a large setup violation of -1.551 ns between GEN_OLANES[0].dot8_inst/product2_reg/DSP_M_DATA_INST/CLK (clocked by clk) and GEN_OLANES[0].dot8_inst/sum1_1_reg/DSP_OUTPUT_INST/ALU_OUT[46] (clocked by clk). Large setup violations at the end of those stages might be difficult to fix during the post-placement implementation flow and could be the result of non-optimal XDC constraints or non-optimal design architecture
Related violations: <none>

TIMING-16#644 Warning
Large setup violation  
There is a large setup violation of -1.551 ns between GEN_OLANES[0].dot8_inst/product2_reg/DSP_M_DATA_INST/CLK (clocked by clk) and GEN_OLANES[0].dot8_inst/sum1_1_reg/DSP_OUTPUT_INST/ALU_OUT[47] (clocked by clk). Large setup violations at the end of those stages might be difficult to fix during the post-placement implementation flow and could be the result of non-optimal XDC constraints or non-optimal design architecture
Related violations: <none>

TIMING-16#645 Warning
Large setup violation  
There is a large setup violation of -1.551 ns between GEN_OLANES[0].dot8_inst/product4_reg/DSP_M_DATA_INST/CLK (clocked by clk) and GEN_OLANES[0].dot8_inst/sum1_2_reg/DSP_OUTPUT_INST/ALU_OUT[16] (clocked by clk). Large setup violations at the end of those stages might be difficult to fix during the post-placement implementation flow and could be the result of non-optimal XDC constraints or non-optimal design architecture
Related violations: <none>

TIMING-16#646 Warning
Large setup violation  
There is a large setup violation of -1.551 ns between GEN_OLANES[0].dot8_inst/product4_reg/DSP_M_DATA_INST/CLK (clocked by clk) and GEN_OLANES[0].dot8_inst/sum1_2_reg/DSP_OUTPUT_INST/ALU_OUT[17] (clocked by clk). Large setup violations at the end of those stages might be difficult to fix during the post-placement implementation flow and could be the result of non-optimal XDC constraints or non-optimal design architecture
Related violations: <none>

TIMING-16#647 Warning
Large setup violation  
There is a large setup violation of -1.551 ns between GEN_OLANES[0].dot8_inst/product4_reg/DSP_M_DATA_INST/CLK (clocked by clk) and GEN_OLANES[0].dot8_inst/sum1_2_reg/DSP_OUTPUT_INST/ALU_OUT[18] (clocked by clk). Large setup violations at the end of those stages might be difficult to fix during the post-placement implementation flow and could be the result of non-optimal XDC constraints or non-optimal design architecture
Related violations: <none>

TIMING-16#648 Warning
Large setup violation  
There is a large setup violation of -1.551 ns between GEN_OLANES[0].dot8_inst/product4_reg/DSP_M_DATA_INST/CLK (clocked by clk) and GEN_OLANES[0].dot8_inst/sum1_2_reg/DSP_OUTPUT_INST/ALU_OUT[19] (clocked by clk). Large setup violations at the end of those stages might be difficult to fix during the post-placement implementation flow and could be the result of non-optimal XDC constraints or non-optimal design architecture
Related violations: <none>

TIMING-16#649 Warning
Large setup violation  
There is a large setup violation of -1.551 ns between GEN_OLANES[0].dot8_inst/product4_reg/DSP_M_DATA_INST/CLK (clocked by clk) and GEN_OLANES[0].dot8_inst/sum1_2_reg/DSP_OUTPUT_INST/ALU_OUT[20] (clocked by clk). Large setup violations at the end of those stages might be difficult to fix during the post-placement implementation flow and could be the result of non-optimal XDC constraints or non-optimal design architecture
Related violations: <none>

TIMING-16#650 Warning
Large setup violation  
There is a large setup violation of -1.551 ns between GEN_OLANES[0].dot8_inst/product4_reg/DSP_M_DATA_INST/CLK (clocked by clk) and GEN_OLANES[0].dot8_inst/sum1_2_reg/DSP_OUTPUT_INST/ALU_OUT[21] (clocked by clk). Large setup violations at the end of those stages might be difficult to fix during the post-placement implementation flow and could be the result of non-optimal XDC constraints or non-optimal design architecture
Related violations: <none>

TIMING-16#651 Warning
Large setup violation  
There is a large setup violation of -1.551 ns between GEN_OLANES[0].dot8_inst/product4_reg/DSP_M_DATA_INST/CLK (clocked by clk) and GEN_OLANES[0].dot8_inst/sum1_2_reg/DSP_OUTPUT_INST/ALU_OUT[22] (clocked by clk). Large setup violations at the end of those stages might be difficult to fix during the post-placement implementation flow and could be the result of non-optimal XDC constraints or non-optimal design architecture
Related violations: <none>

TIMING-16#652 Warning
Large setup violation  
There is a large setup violation of -1.551 ns between GEN_OLANES[0].dot8_inst/product4_reg/DSP_M_DATA_INST/CLK (clocked by clk) and GEN_OLANES[0].dot8_inst/sum1_2_reg/DSP_OUTPUT_INST/ALU_OUT[23] (clocked by clk). Large setup violations at the end of those stages might be difficult to fix during the post-placement implementation flow and could be the result of non-optimal XDC constraints or non-optimal design architecture
Related violations: <none>

TIMING-16#653 Warning
Large setup violation  
There is a large setup violation of -1.551 ns between GEN_OLANES[0].dot8_inst/product4_reg/DSP_M_DATA_INST/CLK (clocked by clk) and GEN_OLANES[0].dot8_inst/sum1_2_reg/DSP_OUTPUT_INST/ALU_OUT[24] (clocked by clk). Large setup violations at the end of those stages might be difficult to fix during the post-placement implementation flow and could be the result of non-optimal XDC constraints or non-optimal design architecture
Related violations: <none>

TIMING-16#654 Warning
Large setup violation  
There is a large setup violation of -1.551 ns between GEN_OLANES[0].dot8_inst/product4_reg/DSP_M_DATA_INST/CLK (clocked by clk) and GEN_OLANES[0].dot8_inst/sum1_2_reg/DSP_OUTPUT_INST/ALU_OUT[25] (clocked by clk). Large setup violations at the end of those stages might be difficult to fix during the post-placement implementation flow and could be the result of non-optimal XDC constraints or non-optimal design architecture
Related violations: <none>

TIMING-16#655 Warning
Large setup violation  
There is a large setup violation of -1.551 ns between GEN_OLANES[0].dot8_inst/product4_reg/DSP_M_DATA_INST/CLK (clocked by clk) and GEN_OLANES[0].dot8_inst/sum1_2_reg/DSP_OUTPUT_INST/ALU_OUT[26] (clocked by clk). Large setup violations at the end of those stages might be difficult to fix during the post-placement implementation flow and could be the result of non-optimal XDC constraints or non-optimal design architecture
Related violations: <none>

TIMING-16#656 Warning
Large setup violation  
There is a large setup violation of -1.551 ns between GEN_OLANES[0].dot8_inst/product4_reg/DSP_M_DATA_INST/CLK (clocked by clk) and GEN_OLANES[0].dot8_inst/sum1_2_reg/DSP_OUTPUT_INST/ALU_OUT[27] (clocked by clk). Large setup violations at the end of those stages might be difficult to fix during the post-placement implementation flow and could be the result of non-optimal XDC constraints or non-optimal design architecture
Related violations: <none>

TIMING-16#657 Warning
Large setup violation  
There is a large setup violation of -1.551 ns between GEN_OLANES[0].dot8_inst/product4_reg/DSP_M_DATA_INST/CLK (clocked by clk) and GEN_OLANES[0].dot8_inst/sum1_2_reg/DSP_OUTPUT_INST/ALU_OUT[28] (clocked by clk). Large setup violations at the end of those stages might be difficult to fix during the post-placement implementation flow and could be the result of non-optimal XDC constraints or non-optimal design architecture
Related violations: <none>

TIMING-16#658 Warning
Large setup violation  
There is a large setup violation of -1.551 ns between GEN_OLANES[0].dot8_inst/product4_reg/DSP_M_DATA_INST/CLK (clocked by clk) and GEN_OLANES[0].dot8_inst/sum1_2_reg/DSP_OUTPUT_INST/ALU_OUT[29] (clocked by clk). Large setup violations at the end of those stages might be difficult to fix during the post-placement implementation flow and could be the result of non-optimal XDC constraints or non-optimal design architecture
Related violations: <none>

TIMING-16#659 Warning
Large setup violation  
There is a large setup violation of -1.551 ns between GEN_OLANES[0].dot8_inst/product4_reg/DSP_M_DATA_INST/CLK (clocked by clk) and GEN_OLANES[0].dot8_inst/sum1_2_reg/DSP_OUTPUT_INST/ALU_OUT[30] (clocked by clk). Large setup violations at the end of those stages might be difficult to fix during the post-placement implementation flow and could be the result of non-optimal XDC constraints or non-optimal design architecture
Related violations: <none>

TIMING-16#660 Warning
Large setup violation  
There is a large setup violation of -1.551 ns between GEN_OLANES[0].dot8_inst/product4_reg/DSP_M_DATA_INST/CLK (clocked by clk) and GEN_OLANES[0].dot8_inst/sum1_2_reg/DSP_OUTPUT_INST/ALU_OUT[31] (clocked by clk). Large setup violations at the end of those stages might be difficult to fix during the post-placement implementation flow and could be the result of non-optimal XDC constraints or non-optimal design architecture
Related violations: <none>

TIMING-16#661 Warning
Large setup violation  
There is a large setup violation of -1.551 ns between GEN_OLANES[0].dot8_inst/product4_reg/DSP_M_DATA_INST/CLK (clocked by clk) and GEN_OLANES[0].dot8_inst/sum1_2_reg/DSP_OUTPUT_INST/ALU_OUT[32] (clocked by clk). Large setup violations at the end of those stages might be difficult to fix during the post-placement implementation flow and could be the result of non-optimal XDC constraints or non-optimal design architecture
Related violations: <none>

TIMING-16#662 Warning
Large setup violation  
There is a large setup violation of -1.551 ns between GEN_OLANES[0].dot8_inst/product4_reg/DSP_M_DATA_INST/CLK (clocked by clk) and GEN_OLANES[0].dot8_inst/sum1_2_reg/DSP_OUTPUT_INST/ALU_OUT[33] (clocked by clk). Large setup violations at the end of those stages might be difficult to fix during the post-placement implementation flow and could be the result of non-optimal XDC constraints or non-optimal design architecture
Related violations: <none>

TIMING-16#663 Warning
Large setup violation  
There is a large setup violation of -1.551 ns between GEN_OLANES[0].dot8_inst/product4_reg/DSP_M_DATA_INST/CLK (clocked by clk) and GEN_OLANES[0].dot8_inst/sum1_2_reg/DSP_OUTPUT_INST/ALU_OUT[34] (clocked by clk). Large setup violations at the end of those stages might be difficult to fix during the post-placement implementation flow and could be the result of non-optimal XDC constraints or non-optimal design architecture
Related violations: <none>

TIMING-16#664 Warning
Large setup violation  
There is a large setup violation of -1.551 ns between GEN_OLANES[0].dot8_inst/product4_reg/DSP_M_DATA_INST/CLK (clocked by clk) and GEN_OLANES[0].dot8_inst/sum1_2_reg/DSP_OUTPUT_INST/ALU_OUT[35] (clocked by clk). Large setup violations at the end of those stages might be difficult to fix during the post-placement implementation flow and could be the result of non-optimal XDC constraints or non-optimal design architecture
Related violations: <none>

TIMING-16#665 Warning
Large setup violation  
There is a large setup violation of -1.551 ns between GEN_OLANES[0].dot8_inst/product4_reg/DSP_M_DATA_INST/CLK (clocked by clk) and GEN_OLANES[0].dot8_inst/sum1_2_reg/DSP_OUTPUT_INST/ALU_OUT[36] (clocked by clk). Large setup violations at the end of those stages might be difficult to fix during the post-placement implementation flow and could be the result of non-optimal XDC constraints or non-optimal design architecture
Related violations: <none>

TIMING-16#666 Warning
Large setup violation  
There is a large setup violation of -1.551 ns between GEN_OLANES[0].dot8_inst/product4_reg/DSP_M_DATA_INST/CLK (clocked by clk) and GEN_OLANES[0].dot8_inst/sum1_2_reg/DSP_OUTPUT_INST/ALU_OUT[37] (clocked by clk). Large setup violations at the end of those stages might be difficult to fix during the post-placement implementation flow and could be the result of non-optimal XDC constraints or non-optimal design architecture
Related violations: <none>

TIMING-16#667 Warning
Large setup violation  
There is a large setup violation of -1.551 ns between GEN_OLANES[0].dot8_inst/product4_reg/DSP_M_DATA_INST/CLK (clocked by clk) and GEN_OLANES[0].dot8_inst/sum1_2_reg/DSP_OUTPUT_INST/ALU_OUT[38] (clocked by clk). Large setup violations at the end of those stages might be difficult to fix during the post-placement implementation flow and could be the result of non-optimal XDC constraints or non-optimal design architecture
Related violations: <none>

TIMING-16#668 Warning
Large setup violation  
There is a large setup violation of -1.551 ns between GEN_OLANES[0].dot8_inst/product4_reg/DSP_M_DATA_INST/CLK (clocked by clk) and GEN_OLANES[0].dot8_inst/sum1_2_reg/DSP_OUTPUT_INST/ALU_OUT[39] (clocked by clk). Large setup violations at the end of those stages might be difficult to fix during the post-placement implementation flow and could be the result of non-optimal XDC constraints or non-optimal design architecture
Related violations: <none>

TIMING-16#669 Warning
Large setup violation  
There is a large setup violation of -1.551 ns between GEN_OLANES[0].dot8_inst/product4_reg/DSP_M_DATA_INST/CLK (clocked by clk) and GEN_OLANES[0].dot8_inst/sum1_2_reg/DSP_OUTPUT_INST/ALU_OUT[40] (clocked by clk). Large setup violations at the end of those stages might be difficult to fix during the post-placement implementation flow and could be the result of non-optimal XDC constraints or non-optimal design architecture
Related violations: <none>

TIMING-16#670 Warning
Large setup violation  
There is a large setup violation of -1.551 ns between GEN_OLANES[0].dot8_inst/product4_reg/DSP_M_DATA_INST/CLK (clocked by clk) and GEN_OLANES[0].dot8_inst/sum1_2_reg/DSP_OUTPUT_INST/ALU_OUT[41] (clocked by clk). Large setup violations at the end of those stages might be difficult to fix during the post-placement implementation flow and could be the result of non-optimal XDC constraints or non-optimal design architecture
Related violations: <none>

TIMING-16#671 Warning
Large setup violation  
There is a large setup violation of -1.551 ns between GEN_OLANES[0].dot8_inst/product4_reg/DSP_M_DATA_INST/CLK (clocked by clk) and GEN_OLANES[0].dot8_inst/sum1_2_reg/DSP_OUTPUT_INST/ALU_OUT[42] (clocked by clk). Large setup violations at the end of those stages might be difficult to fix during the post-placement implementation flow and could be the result of non-optimal XDC constraints or non-optimal design architecture
Related violations: <none>

TIMING-16#672 Warning
Large setup violation  
There is a large setup violation of -1.551 ns between GEN_OLANES[0].dot8_inst/product4_reg/DSP_M_DATA_INST/CLK (clocked by clk) and GEN_OLANES[0].dot8_inst/sum1_2_reg/DSP_OUTPUT_INST/ALU_OUT[43] (clocked by clk). Large setup violations at the end of those stages might be difficult to fix during the post-placement implementation flow and could be the result of non-optimal XDC constraints or non-optimal design architecture
Related violations: <none>

TIMING-16#673 Warning
Large setup violation  
There is a large setup violation of -1.551 ns between GEN_OLANES[0].dot8_inst/product4_reg/DSP_M_DATA_INST/CLK (clocked by clk) and GEN_OLANES[0].dot8_inst/sum1_2_reg/DSP_OUTPUT_INST/ALU_OUT[44] (clocked by clk). Large setup violations at the end of those stages might be difficult to fix during the post-placement implementation flow and could be the result of non-optimal XDC constraints or non-optimal design architecture
Related violations: <none>

TIMING-16#674 Warning
Large setup violation  
There is a large setup violation of -1.551 ns between GEN_OLANES[0].dot8_inst/product4_reg/DSP_M_DATA_INST/CLK (clocked by clk) and GEN_OLANES[0].dot8_inst/sum1_2_reg/DSP_OUTPUT_INST/ALU_OUT[45] (clocked by clk). Large setup violations at the end of those stages might be difficult to fix during the post-placement implementation flow and could be the result of non-optimal XDC constraints or non-optimal design architecture
Related violations: <none>

TIMING-16#675 Warning
Large setup violation  
There is a large setup violation of -1.551 ns between GEN_OLANES[0].dot8_inst/product4_reg/DSP_M_DATA_INST/CLK (clocked by clk) and GEN_OLANES[0].dot8_inst/sum1_2_reg/DSP_OUTPUT_INST/ALU_OUT[46] (clocked by clk). Large setup violations at the end of those stages might be difficult to fix during the post-placement implementation flow and could be the result of non-optimal XDC constraints or non-optimal design architecture
Related violations: <none>

TIMING-16#676 Warning
Large setup violation  
There is a large setup violation of -1.551 ns between GEN_OLANES[0].dot8_inst/product4_reg/DSP_M_DATA_INST/CLK (clocked by clk) and GEN_OLANES[0].dot8_inst/sum1_2_reg/DSP_OUTPUT_INST/ALU_OUT[47] (clocked by clk). Large setup violations at the end of those stages might be difficult to fix during the post-placement implementation flow and could be the result of non-optimal XDC constraints or non-optimal design architecture
Related violations: <none>

TIMING-16#677 Warning
Large setup violation  
There is a large setup violation of -1.551 ns between GEN_OLANES[1].dot8_inst/product0_reg/DSP_M_DATA_INST/CLK (clocked by clk) and GEN_OLANES[1].dot8_inst/sum1_0_reg/DSP_OUTPUT_INST/ALU_OUT[16] (clocked by clk). Large setup violations at the end of those stages might be difficult to fix during the post-placement implementation flow and could be the result of non-optimal XDC constraints or non-optimal design architecture
Related violations: <none>

TIMING-16#678 Warning
Large setup violation  
There is a large setup violation of -1.551 ns between GEN_OLANES[1].dot8_inst/product0_reg/DSP_M_DATA_INST/CLK (clocked by clk) and GEN_OLANES[1].dot8_inst/sum1_0_reg/DSP_OUTPUT_INST/ALU_OUT[17] (clocked by clk). Large setup violations at the end of those stages might be difficult to fix during the post-placement implementation flow and could be the result of non-optimal XDC constraints or non-optimal design architecture
Related violations: <none>

TIMING-16#679 Warning
Large setup violation  
There is a large setup violation of -1.551 ns between GEN_OLANES[1].dot8_inst/product0_reg/DSP_M_DATA_INST/CLK (clocked by clk) and GEN_OLANES[1].dot8_inst/sum1_0_reg/DSP_OUTPUT_INST/ALU_OUT[18] (clocked by clk). Large setup violations at the end of those stages might be difficult to fix during the post-placement implementation flow and could be the result of non-optimal XDC constraints or non-optimal design architecture
Related violations: <none>

TIMING-16#680 Warning
Large setup violation  
There is a large setup violation of -1.551 ns between GEN_OLANES[1].dot8_inst/product0_reg/DSP_M_DATA_INST/CLK (clocked by clk) and GEN_OLANES[1].dot8_inst/sum1_0_reg/DSP_OUTPUT_INST/ALU_OUT[19] (clocked by clk). Large setup violations at the end of those stages might be difficult to fix during the post-placement implementation flow and could be the result of non-optimal XDC constraints or non-optimal design architecture
Related violations: <none>

TIMING-16#681 Warning
Large setup violation  
There is a large setup violation of -1.551 ns between GEN_OLANES[1].dot8_inst/product0_reg/DSP_M_DATA_INST/CLK (clocked by clk) and GEN_OLANES[1].dot8_inst/sum1_0_reg/DSP_OUTPUT_INST/ALU_OUT[20] (clocked by clk). Large setup violations at the end of those stages might be difficult to fix during the post-placement implementation flow and could be the result of non-optimal XDC constraints or non-optimal design architecture
Related violations: <none>

TIMING-16#682 Warning
Large setup violation  
There is a large setup violation of -1.551 ns between GEN_OLANES[1].dot8_inst/product0_reg/DSP_M_DATA_INST/CLK (clocked by clk) and GEN_OLANES[1].dot8_inst/sum1_0_reg/DSP_OUTPUT_INST/ALU_OUT[21] (clocked by clk). Large setup violations at the end of those stages might be difficult to fix during the post-placement implementation flow and could be the result of non-optimal XDC constraints or non-optimal design architecture
Related violations: <none>

TIMING-16#683 Warning
Large setup violation  
There is a large setup violation of -1.551 ns between GEN_OLANES[1].dot8_inst/product0_reg/DSP_M_DATA_INST/CLK (clocked by clk) and GEN_OLANES[1].dot8_inst/sum1_0_reg/DSP_OUTPUT_INST/ALU_OUT[22] (clocked by clk). Large setup violations at the end of those stages might be difficult to fix during the post-placement implementation flow and could be the result of non-optimal XDC constraints or non-optimal design architecture
Related violations: <none>

TIMING-16#684 Warning
Large setup violation  
There is a large setup violation of -1.551 ns between GEN_OLANES[1].dot8_inst/product0_reg/DSP_M_DATA_INST/CLK (clocked by clk) and GEN_OLANES[1].dot8_inst/sum1_0_reg/DSP_OUTPUT_INST/ALU_OUT[23] (clocked by clk). Large setup violations at the end of those stages might be difficult to fix during the post-placement implementation flow and could be the result of non-optimal XDC constraints or non-optimal design architecture
Related violations: <none>

TIMING-16#685 Warning
Large setup violation  
There is a large setup violation of -1.551 ns between GEN_OLANES[1].dot8_inst/product0_reg/DSP_M_DATA_INST/CLK (clocked by clk) and GEN_OLANES[1].dot8_inst/sum1_0_reg/DSP_OUTPUT_INST/ALU_OUT[24] (clocked by clk). Large setup violations at the end of those stages might be difficult to fix during the post-placement implementation flow and could be the result of non-optimal XDC constraints or non-optimal design architecture
Related violations: <none>

TIMING-16#686 Warning
Large setup violation  
There is a large setup violation of -1.551 ns between GEN_OLANES[1].dot8_inst/product0_reg/DSP_M_DATA_INST/CLK (clocked by clk) and GEN_OLANES[1].dot8_inst/sum1_0_reg/DSP_OUTPUT_INST/ALU_OUT[25] (clocked by clk). Large setup violations at the end of those stages might be difficult to fix during the post-placement implementation flow and could be the result of non-optimal XDC constraints or non-optimal design architecture
Related violations: <none>

TIMING-16#687 Warning
Large setup violation  
There is a large setup violation of -1.551 ns between GEN_OLANES[1].dot8_inst/product0_reg/DSP_M_DATA_INST/CLK (clocked by clk) and GEN_OLANES[1].dot8_inst/sum1_0_reg/DSP_OUTPUT_INST/ALU_OUT[26] (clocked by clk). Large setup violations at the end of those stages might be difficult to fix during the post-placement implementation flow and could be the result of non-optimal XDC constraints or non-optimal design architecture
Related violations: <none>

TIMING-16#688 Warning
Large setup violation  
There is a large setup violation of -1.551 ns between GEN_OLANES[1].dot8_inst/product0_reg/DSP_M_DATA_INST/CLK (clocked by clk) and GEN_OLANES[1].dot8_inst/sum1_0_reg/DSP_OUTPUT_INST/ALU_OUT[27] (clocked by clk). Large setup violations at the end of those stages might be difficult to fix during the post-placement implementation flow and could be the result of non-optimal XDC constraints or non-optimal design architecture
Related violations: <none>

TIMING-16#689 Warning
Large setup violation  
There is a large setup violation of -1.551 ns between GEN_OLANES[1].dot8_inst/product0_reg/DSP_M_DATA_INST/CLK (clocked by clk) and GEN_OLANES[1].dot8_inst/sum1_0_reg/DSP_OUTPUT_INST/ALU_OUT[28] (clocked by clk). Large setup violations at the end of those stages might be difficult to fix during the post-placement implementation flow and could be the result of non-optimal XDC constraints or non-optimal design architecture
Related violations: <none>

TIMING-16#690 Warning
Large setup violation  
There is a large setup violation of -1.551 ns between GEN_OLANES[1].dot8_inst/product0_reg/DSP_M_DATA_INST/CLK (clocked by clk) and GEN_OLANES[1].dot8_inst/sum1_0_reg/DSP_OUTPUT_INST/ALU_OUT[29] (clocked by clk). Large setup violations at the end of those stages might be difficult to fix during the post-placement implementation flow and could be the result of non-optimal XDC constraints or non-optimal design architecture
Related violations: <none>

TIMING-16#691 Warning
Large setup violation  
There is a large setup violation of -1.551 ns between GEN_OLANES[1].dot8_inst/product0_reg/DSP_M_DATA_INST/CLK (clocked by clk) and GEN_OLANES[1].dot8_inst/sum1_0_reg/DSP_OUTPUT_INST/ALU_OUT[30] (clocked by clk). Large setup violations at the end of those stages might be difficult to fix during the post-placement implementation flow and could be the result of non-optimal XDC constraints or non-optimal design architecture
Related violations: <none>

TIMING-16#692 Warning
Large setup violation  
There is a large setup violation of -1.551 ns between GEN_OLANES[1].dot8_inst/product0_reg/DSP_M_DATA_INST/CLK (clocked by clk) and GEN_OLANES[1].dot8_inst/sum1_0_reg/DSP_OUTPUT_INST/ALU_OUT[31] (clocked by clk). Large setup violations at the end of those stages might be difficult to fix during the post-placement implementation flow and could be the result of non-optimal XDC constraints or non-optimal design architecture
Related violations: <none>

TIMING-16#693 Warning
Large setup violation  
There is a large setup violation of -1.551 ns between GEN_OLANES[1].dot8_inst/product0_reg/DSP_M_DATA_INST/CLK (clocked by clk) and GEN_OLANES[1].dot8_inst/sum1_0_reg/DSP_OUTPUT_INST/ALU_OUT[32] (clocked by clk). Large setup violations at the end of those stages might be difficult to fix during the post-placement implementation flow and could be the result of non-optimal XDC constraints or non-optimal design architecture
Related violations: <none>

TIMING-16#694 Warning
Large setup violation  
There is a large setup violation of -1.551 ns between GEN_OLANES[1].dot8_inst/product0_reg/DSP_M_DATA_INST/CLK (clocked by clk) and GEN_OLANES[1].dot8_inst/sum1_0_reg/DSP_OUTPUT_INST/ALU_OUT[33] (clocked by clk). Large setup violations at the end of those stages might be difficult to fix during the post-placement implementation flow and could be the result of non-optimal XDC constraints or non-optimal design architecture
Related violations: <none>

TIMING-16#695 Warning
Large setup violation  
There is a large setup violation of -1.551 ns between GEN_OLANES[1].dot8_inst/product0_reg/DSP_M_DATA_INST/CLK (clocked by clk) and GEN_OLANES[1].dot8_inst/sum1_0_reg/DSP_OUTPUT_INST/ALU_OUT[34] (clocked by clk). Large setup violations at the end of those stages might be difficult to fix during the post-placement implementation flow and could be the result of non-optimal XDC constraints or non-optimal design architecture
Related violations: <none>

TIMING-16#696 Warning
Large setup violation  
There is a large setup violation of -1.551 ns between GEN_OLANES[1].dot8_inst/product0_reg/DSP_M_DATA_INST/CLK (clocked by clk) and GEN_OLANES[1].dot8_inst/sum1_0_reg/DSP_OUTPUT_INST/ALU_OUT[35] (clocked by clk). Large setup violations at the end of those stages might be difficult to fix during the post-placement implementation flow and could be the result of non-optimal XDC constraints or non-optimal design architecture
Related violations: <none>

TIMING-16#697 Warning
Large setup violation  
There is a large setup violation of -1.551 ns between GEN_OLANES[1].dot8_inst/product0_reg/DSP_M_DATA_INST/CLK (clocked by clk) and GEN_OLANES[1].dot8_inst/sum1_0_reg/DSP_OUTPUT_INST/ALU_OUT[36] (clocked by clk). Large setup violations at the end of those stages might be difficult to fix during the post-placement implementation flow and could be the result of non-optimal XDC constraints or non-optimal design architecture
Related violations: <none>

TIMING-16#698 Warning
Large setup violation  
There is a large setup violation of -1.551 ns between GEN_OLANES[1].dot8_inst/product0_reg/DSP_M_DATA_INST/CLK (clocked by clk) and GEN_OLANES[1].dot8_inst/sum1_0_reg/DSP_OUTPUT_INST/ALU_OUT[37] (clocked by clk). Large setup violations at the end of those stages might be difficult to fix during the post-placement implementation flow and could be the result of non-optimal XDC constraints or non-optimal design architecture
Related violations: <none>

TIMING-16#699 Warning
Large setup violation  
There is a large setup violation of -1.551 ns between GEN_OLANES[1].dot8_inst/product0_reg/DSP_M_DATA_INST/CLK (clocked by clk) and GEN_OLANES[1].dot8_inst/sum1_0_reg/DSP_OUTPUT_INST/ALU_OUT[38] (clocked by clk). Large setup violations at the end of those stages might be difficult to fix during the post-placement implementation flow and could be the result of non-optimal XDC constraints or non-optimal design architecture
Related violations: <none>

TIMING-16#700 Warning
Large setup violation  
There is a large setup violation of -1.551 ns between GEN_OLANES[1].dot8_inst/product0_reg/DSP_M_DATA_INST/CLK (clocked by clk) and GEN_OLANES[1].dot8_inst/sum1_0_reg/DSP_OUTPUT_INST/ALU_OUT[39] (clocked by clk). Large setup violations at the end of those stages might be difficult to fix during the post-placement implementation flow and could be the result of non-optimal XDC constraints or non-optimal design architecture
Related violations: <none>

TIMING-16#701 Warning
Large setup violation  
There is a large setup violation of -1.551 ns between GEN_OLANES[1].dot8_inst/product0_reg/DSP_M_DATA_INST/CLK (clocked by clk) and GEN_OLANES[1].dot8_inst/sum1_0_reg/DSP_OUTPUT_INST/ALU_OUT[40] (clocked by clk). Large setup violations at the end of those stages might be difficult to fix during the post-placement implementation flow and could be the result of non-optimal XDC constraints or non-optimal design architecture
Related violations: <none>

TIMING-16#702 Warning
Large setup violation  
There is a large setup violation of -1.551 ns between GEN_OLANES[1].dot8_inst/product0_reg/DSP_M_DATA_INST/CLK (clocked by clk) and GEN_OLANES[1].dot8_inst/sum1_0_reg/DSP_OUTPUT_INST/ALU_OUT[41] (clocked by clk). Large setup violations at the end of those stages might be difficult to fix during the post-placement implementation flow and could be the result of non-optimal XDC constraints or non-optimal design architecture
Related violations: <none>

TIMING-16#703 Warning
Large setup violation  
There is a large setup violation of -1.551 ns between GEN_OLANES[1].dot8_inst/product0_reg/DSP_M_DATA_INST/CLK (clocked by clk) and GEN_OLANES[1].dot8_inst/sum1_0_reg/DSP_OUTPUT_INST/ALU_OUT[42] (clocked by clk). Large setup violations at the end of those stages might be difficult to fix during the post-placement implementation flow and could be the result of non-optimal XDC constraints or non-optimal design architecture
Related violations: <none>

TIMING-16#704 Warning
Large setup violation  
There is a large setup violation of -1.551 ns between GEN_OLANES[1].dot8_inst/product0_reg/DSP_M_DATA_INST/CLK (clocked by clk) and GEN_OLANES[1].dot8_inst/sum1_0_reg/DSP_OUTPUT_INST/ALU_OUT[43] (clocked by clk). Large setup violations at the end of those stages might be difficult to fix during the post-placement implementation flow and could be the result of non-optimal XDC constraints or non-optimal design architecture
Related violations: <none>

TIMING-16#705 Warning
Large setup violation  
There is a large setup violation of -1.551 ns between GEN_OLANES[1].dot8_inst/product0_reg/DSP_M_DATA_INST/CLK (clocked by clk) and GEN_OLANES[1].dot8_inst/sum1_0_reg/DSP_OUTPUT_INST/ALU_OUT[44] (clocked by clk). Large setup violations at the end of those stages might be difficult to fix during the post-placement implementation flow and could be the result of non-optimal XDC constraints or non-optimal design architecture
Related violations: <none>

TIMING-16#706 Warning
Large setup violation  
There is a large setup violation of -1.551 ns between GEN_OLANES[1].dot8_inst/product0_reg/DSP_M_DATA_INST/CLK (clocked by clk) and GEN_OLANES[1].dot8_inst/sum1_0_reg/DSP_OUTPUT_INST/ALU_OUT[45] (clocked by clk). Large setup violations at the end of those stages might be difficult to fix during the post-placement implementation flow and could be the result of non-optimal XDC constraints or non-optimal design architecture
Related violations: <none>

TIMING-16#707 Warning
Large setup violation  
There is a large setup violation of -1.551 ns between GEN_OLANES[1].dot8_inst/product0_reg/DSP_M_DATA_INST/CLK (clocked by clk) and GEN_OLANES[1].dot8_inst/sum1_0_reg/DSP_OUTPUT_INST/ALU_OUT[46] (clocked by clk). Large setup violations at the end of those stages might be difficult to fix during the post-placement implementation flow and could be the result of non-optimal XDC constraints or non-optimal design architecture
Related violations: <none>

TIMING-16#708 Warning
Large setup violation  
There is a large setup violation of -1.551 ns between GEN_OLANES[1].dot8_inst/product0_reg/DSP_M_DATA_INST/CLK (clocked by clk) and GEN_OLANES[1].dot8_inst/sum1_0_reg/DSP_OUTPUT_INST/ALU_OUT[47] (clocked by clk). Large setup violations at the end of those stages might be difficult to fix during the post-placement implementation flow and could be the result of non-optimal XDC constraints or non-optimal design architecture
Related violations: <none>

TIMING-16#709 Warning
Large setup violation  
There is a large setup violation of -1.551 ns between GEN_OLANES[1].dot8_inst/product2_reg/DSP_M_DATA_INST/CLK (clocked by clk) and GEN_OLANES[1].dot8_inst/sum1_1_reg/DSP_OUTPUT_INST/ALU_OUT[16] (clocked by clk). Large setup violations at the end of those stages might be difficult to fix during the post-placement implementation flow and could be the result of non-optimal XDC constraints or non-optimal design architecture
Related violations: <none>

TIMING-16#710 Warning
Large setup violation  
There is a large setup violation of -1.551 ns between GEN_OLANES[1].dot8_inst/product2_reg/DSP_M_DATA_INST/CLK (clocked by clk) and GEN_OLANES[1].dot8_inst/sum1_1_reg/DSP_OUTPUT_INST/ALU_OUT[17] (clocked by clk). Large setup violations at the end of those stages might be difficult to fix during the post-placement implementation flow and could be the result of non-optimal XDC constraints or non-optimal design architecture
Related violations: <none>

TIMING-16#711 Warning
Large setup violation  
There is a large setup violation of -1.551 ns between GEN_OLANES[1].dot8_inst/product2_reg/DSP_M_DATA_INST/CLK (clocked by clk) and GEN_OLANES[1].dot8_inst/sum1_1_reg/DSP_OUTPUT_INST/ALU_OUT[18] (clocked by clk). Large setup violations at the end of those stages might be difficult to fix during the post-placement implementation flow and could be the result of non-optimal XDC constraints or non-optimal design architecture
Related violations: <none>

TIMING-16#712 Warning
Large setup violation  
There is a large setup violation of -1.551 ns between GEN_OLANES[1].dot8_inst/product2_reg/DSP_M_DATA_INST/CLK (clocked by clk) and GEN_OLANES[1].dot8_inst/sum1_1_reg/DSP_OUTPUT_INST/ALU_OUT[19] (clocked by clk). Large setup violations at the end of those stages might be difficult to fix during the post-placement implementation flow and could be the result of non-optimal XDC constraints or non-optimal design architecture
Related violations: <none>

TIMING-16#713 Warning
Large setup violation  
There is a large setup violation of -1.551 ns between GEN_OLANES[1].dot8_inst/product2_reg/DSP_M_DATA_INST/CLK (clocked by clk) and GEN_OLANES[1].dot8_inst/sum1_1_reg/DSP_OUTPUT_INST/ALU_OUT[20] (clocked by clk). Large setup violations at the end of those stages might be difficult to fix during the post-placement implementation flow and could be the result of non-optimal XDC constraints or non-optimal design architecture
Related violations: <none>

TIMING-16#714 Warning
Large setup violation  
There is a large setup violation of -1.551 ns between GEN_OLANES[1].dot8_inst/product2_reg/DSP_M_DATA_INST/CLK (clocked by clk) and GEN_OLANES[1].dot8_inst/sum1_1_reg/DSP_OUTPUT_INST/ALU_OUT[21] (clocked by clk). Large setup violations at the end of those stages might be difficult to fix during the post-placement implementation flow and could be the result of non-optimal XDC constraints or non-optimal design architecture
Related violations: <none>

TIMING-16#715 Warning
Large setup violation  
There is a large setup violation of -1.551 ns between GEN_OLANES[1].dot8_inst/product2_reg/DSP_M_DATA_INST/CLK (clocked by clk) and GEN_OLANES[1].dot8_inst/sum1_1_reg/DSP_OUTPUT_INST/ALU_OUT[22] (clocked by clk). Large setup violations at the end of those stages might be difficult to fix during the post-placement implementation flow and could be the result of non-optimal XDC constraints or non-optimal design architecture
Related violations: <none>

TIMING-16#716 Warning
Large setup violation  
There is a large setup violation of -1.551 ns between GEN_OLANES[1].dot8_inst/product2_reg/DSP_M_DATA_INST/CLK (clocked by clk) and GEN_OLANES[1].dot8_inst/sum1_1_reg/DSP_OUTPUT_INST/ALU_OUT[23] (clocked by clk). Large setup violations at the end of those stages might be difficult to fix during the post-placement implementation flow and could be the result of non-optimal XDC constraints or non-optimal design architecture
Related violations: <none>

TIMING-16#717 Warning
Large setup violation  
There is a large setup violation of -1.551 ns between GEN_OLANES[1].dot8_inst/product2_reg/DSP_M_DATA_INST/CLK (clocked by clk) and GEN_OLANES[1].dot8_inst/sum1_1_reg/DSP_OUTPUT_INST/ALU_OUT[24] (clocked by clk). Large setup violations at the end of those stages might be difficult to fix during the post-placement implementation flow and could be the result of non-optimal XDC constraints or non-optimal design architecture
Related violations: <none>

TIMING-16#718 Warning
Large setup violation  
There is a large setup violation of -1.551 ns between GEN_OLANES[1].dot8_inst/product2_reg/DSP_M_DATA_INST/CLK (clocked by clk) and GEN_OLANES[1].dot8_inst/sum1_1_reg/DSP_OUTPUT_INST/ALU_OUT[25] (clocked by clk). Large setup violations at the end of those stages might be difficult to fix during the post-placement implementation flow and could be the result of non-optimal XDC constraints or non-optimal design architecture
Related violations: <none>

TIMING-16#719 Warning
Large setup violation  
There is a large setup violation of -1.551 ns between GEN_OLANES[1].dot8_inst/product2_reg/DSP_M_DATA_INST/CLK (clocked by clk) and GEN_OLANES[1].dot8_inst/sum1_1_reg/DSP_OUTPUT_INST/ALU_OUT[26] (clocked by clk). Large setup violations at the end of those stages might be difficult to fix during the post-placement implementation flow and could be the result of non-optimal XDC constraints or non-optimal design architecture
Related violations: <none>

TIMING-16#720 Warning
Large setup violation  
There is a large setup violation of -1.551 ns between GEN_OLANES[1].dot8_inst/product2_reg/DSP_M_DATA_INST/CLK (clocked by clk) and GEN_OLANES[1].dot8_inst/sum1_1_reg/DSP_OUTPUT_INST/ALU_OUT[27] (clocked by clk). Large setup violations at the end of those stages might be difficult to fix during the post-placement implementation flow and could be the result of non-optimal XDC constraints or non-optimal design architecture
Related violations: <none>

TIMING-16#721 Warning
Large setup violation  
There is a large setup violation of -1.551 ns between GEN_OLANES[1].dot8_inst/product2_reg/DSP_M_DATA_INST/CLK (clocked by clk) and GEN_OLANES[1].dot8_inst/sum1_1_reg/DSP_OUTPUT_INST/ALU_OUT[28] (clocked by clk). Large setup violations at the end of those stages might be difficult to fix during the post-placement implementation flow and could be the result of non-optimal XDC constraints or non-optimal design architecture
Related violations: <none>

TIMING-16#722 Warning
Large setup violation  
There is a large setup violation of -1.551 ns between GEN_OLANES[1].dot8_inst/product2_reg/DSP_M_DATA_INST/CLK (clocked by clk) and GEN_OLANES[1].dot8_inst/sum1_1_reg/DSP_OUTPUT_INST/ALU_OUT[29] (clocked by clk). Large setup violations at the end of those stages might be difficult to fix during the post-placement implementation flow and could be the result of non-optimal XDC constraints or non-optimal design architecture
Related violations: <none>

TIMING-16#723 Warning
Large setup violation  
There is a large setup violation of -1.551 ns between GEN_OLANES[1].dot8_inst/product2_reg/DSP_M_DATA_INST/CLK (clocked by clk) and GEN_OLANES[1].dot8_inst/sum1_1_reg/DSP_OUTPUT_INST/ALU_OUT[30] (clocked by clk). Large setup violations at the end of those stages might be difficult to fix during the post-placement implementation flow and could be the result of non-optimal XDC constraints or non-optimal design architecture
Related violations: <none>

TIMING-16#724 Warning
Large setup violation  
There is a large setup violation of -1.551 ns between GEN_OLANES[1].dot8_inst/product2_reg/DSP_M_DATA_INST/CLK (clocked by clk) and GEN_OLANES[1].dot8_inst/sum1_1_reg/DSP_OUTPUT_INST/ALU_OUT[31] (clocked by clk). Large setup violations at the end of those stages might be difficult to fix during the post-placement implementation flow and could be the result of non-optimal XDC constraints or non-optimal design architecture
Related violations: <none>

TIMING-16#725 Warning
Large setup violation  
There is a large setup violation of -1.551 ns between GEN_OLANES[1].dot8_inst/product2_reg/DSP_M_DATA_INST/CLK (clocked by clk) and GEN_OLANES[1].dot8_inst/sum1_1_reg/DSP_OUTPUT_INST/ALU_OUT[32] (clocked by clk). Large setup violations at the end of those stages might be difficult to fix during the post-placement implementation flow and could be the result of non-optimal XDC constraints or non-optimal design architecture
Related violations: <none>

TIMING-16#726 Warning
Large setup violation  
There is a large setup violation of -1.551 ns between GEN_OLANES[1].dot8_inst/product2_reg/DSP_M_DATA_INST/CLK (clocked by clk) and GEN_OLANES[1].dot8_inst/sum1_1_reg/DSP_OUTPUT_INST/ALU_OUT[33] (clocked by clk). Large setup violations at the end of those stages might be difficult to fix during the post-placement implementation flow and could be the result of non-optimal XDC constraints or non-optimal design architecture
Related violations: <none>

TIMING-16#727 Warning
Large setup violation  
There is a large setup violation of -1.551 ns between GEN_OLANES[1].dot8_inst/product2_reg/DSP_M_DATA_INST/CLK (clocked by clk) and GEN_OLANES[1].dot8_inst/sum1_1_reg/DSP_OUTPUT_INST/ALU_OUT[34] (clocked by clk). Large setup violations at the end of those stages might be difficult to fix during the post-placement implementation flow and could be the result of non-optimal XDC constraints or non-optimal design architecture
Related violations: <none>

TIMING-16#728 Warning
Large setup violation  
There is a large setup violation of -1.551 ns between GEN_OLANES[1].dot8_inst/product2_reg/DSP_M_DATA_INST/CLK (clocked by clk) and GEN_OLANES[1].dot8_inst/sum1_1_reg/DSP_OUTPUT_INST/ALU_OUT[35] (clocked by clk). Large setup violations at the end of those stages might be difficult to fix during the post-placement implementation flow and could be the result of non-optimal XDC constraints or non-optimal design architecture
Related violations: <none>

TIMING-16#729 Warning
Large setup violation  
There is a large setup violation of -1.551 ns between GEN_OLANES[1].dot8_inst/product2_reg/DSP_M_DATA_INST/CLK (clocked by clk) and GEN_OLANES[1].dot8_inst/sum1_1_reg/DSP_OUTPUT_INST/ALU_OUT[36] (clocked by clk). Large setup violations at the end of those stages might be difficult to fix during the post-placement implementation flow and could be the result of non-optimal XDC constraints or non-optimal design architecture
Related violations: <none>

TIMING-16#730 Warning
Large setup violation  
There is a large setup violation of -1.551 ns between GEN_OLANES[1].dot8_inst/product2_reg/DSP_M_DATA_INST/CLK (clocked by clk) and GEN_OLANES[1].dot8_inst/sum1_1_reg/DSP_OUTPUT_INST/ALU_OUT[37] (clocked by clk). Large setup violations at the end of those stages might be difficult to fix during the post-placement implementation flow and could be the result of non-optimal XDC constraints or non-optimal design architecture
Related violations: <none>

TIMING-16#731 Warning
Large setup violation  
There is a large setup violation of -1.551 ns between GEN_OLANES[1].dot8_inst/product2_reg/DSP_M_DATA_INST/CLK (clocked by clk) and GEN_OLANES[1].dot8_inst/sum1_1_reg/DSP_OUTPUT_INST/ALU_OUT[38] (clocked by clk). Large setup violations at the end of those stages might be difficult to fix during the post-placement implementation flow and could be the result of non-optimal XDC constraints or non-optimal design architecture
Related violations: <none>

TIMING-16#732 Warning
Large setup violation  
There is a large setup violation of -1.551 ns between GEN_OLANES[1].dot8_inst/product2_reg/DSP_M_DATA_INST/CLK (clocked by clk) and GEN_OLANES[1].dot8_inst/sum1_1_reg/DSP_OUTPUT_INST/ALU_OUT[39] (clocked by clk). Large setup violations at the end of those stages might be difficult to fix during the post-placement implementation flow and could be the result of non-optimal XDC constraints or non-optimal design architecture
Related violations: <none>

TIMING-16#733 Warning
Large setup violation  
There is a large setup violation of -1.551 ns between GEN_OLANES[1].dot8_inst/product2_reg/DSP_M_DATA_INST/CLK (clocked by clk) and GEN_OLANES[1].dot8_inst/sum1_1_reg/DSP_OUTPUT_INST/ALU_OUT[40] (clocked by clk). Large setup violations at the end of those stages might be difficult to fix during the post-placement implementation flow and could be the result of non-optimal XDC constraints or non-optimal design architecture
Related violations: <none>

TIMING-16#734 Warning
Large setup violation  
There is a large setup violation of -1.551 ns between GEN_OLANES[1].dot8_inst/product2_reg/DSP_M_DATA_INST/CLK (clocked by clk) and GEN_OLANES[1].dot8_inst/sum1_1_reg/DSP_OUTPUT_INST/ALU_OUT[41] (clocked by clk). Large setup violations at the end of those stages might be difficult to fix during the post-placement implementation flow and could be the result of non-optimal XDC constraints or non-optimal design architecture
Related violations: <none>

TIMING-16#735 Warning
Large setup violation  
There is a large setup violation of -1.551 ns between GEN_OLANES[1].dot8_inst/product2_reg/DSP_M_DATA_INST/CLK (clocked by clk) and GEN_OLANES[1].dot8_inst/sum1_1_reg/DSP_OUTPUT_INST/ALU_OUT[42] (clocked by clk). Large setup violations at the end of those stages might be difficult to fix during the post-placement implementation flow and could be the result of non-optimal XDC constraints or non-optimal design architecture
Related violations: <none>

TIMING-16#736 Warning
Large setup violation  
There is a large setup violation of -1.551 ns between GEN_OLANES[1].dot8_inst/product2_reg/DSP_M_DATA_INST/CLK (clocked by clk) and GEN_OLANES[1].dot8_inst/sum1_1_reg/DSP_OUTPUT_INST/ALU_OUT[43] (clocked by clk). Large setup violations at the end of those stages might be difficult to fix during the post-placement implementation flow and could be the result of non-optimal XDC constraints or non-optimal design architecture
Related violations: <none>

TIMING-16#737 Warning
Large setup violation  
There is a large setup violation of -1.551 ns between GEN_OLANES[1].dot8_inst/product2_reg/DSP_M_DATA_INST/CLK (clocked by clk) and GEN_OLANES[1].dot8_inst/sum1_1_reg/DSP_OUTPUT_INST/ALU_OUT[44] (clocked by clk). Large setup violations at the end of those stages might be difficult to fix during the post-placement implementation flow and could be the result of non-optimal XDC constraints or non-optimal design architecture
Related violations: <none>

TIMING-16#738 Warning
Large setup violation  
There is a large setup violation of -1.551 ns between GEN_OLANES[1].dot8_inst/product2_reg/DSP_M_DATA_INST/CLK (clocked by clk) and GEN_OLANES[1].dot8_inst/sum1_1_reg/DSP_OUTPUT_INST/ALU_OUT[45] (clocked by clk). Large setup violations at the end of those stages might be difficult to fix during the post-placement implementation flow and could be the result of non-optimal XDC constraints or non-optimal design architecture
Related violations: <none>

TIMING-16#739 Warning
Large setup violation  
There is a large setup violation of -1.551 ns between GEN_OLANES[1].dot8_inst/product2_reg/DSP_M_DATA_INST/CLK (clocked by clk) and GEN_OLANES[1].dot8_inst/sum1_1_reg/DSP_OUTPUT_INST/ALU_OUT[46] (clocked by clk). Large setup violations at the end of those stages might be difficult to fix during the post-placement implementation flow and could be the result of non-optimal XDC constraints or non-optimal design architecture
Related violations: <none>

TIMING-16#740 Warning
Large setup violation  
There is a large setup violation of -1.551 ns between GEN_OLANES[1].dot8_inst/product2_reg/DSP_M_DATA_INST/CLK (clocked by clk) and GEN_OLANES[1].dot8_inst/sum1_1_reg/DSP_OUTPUT_INST/ALU_OUT[47] (clocked by clk). Large setup violations at the end of those stages might be difficult to fix during the post-placement implementation flow and could be the result of non-optimal XDC constraints or non-optimal design architecture
Related violations: <none>

TIMING-16#741 Warning
Large setup violation  
There is a large setup violation of -1.551 ns between GEN_OLANES[1].dot8_inst/product4_reg/DSP_M_DATA_INST/CLK (clocked by clk) and GEN_OLANES[1].dot8_inst/sum1_2_reg/DSP_OUTPUT_INST/ALU_OUT[16] (clocked by clk). Large setup violations at the end of those stages might be difficult to fix during the post-placement implementation flow and could be the result of non-optimal XDC constraints or non-optimal design architecture
Related violations: <none>

TIMING-16#742 Warning
Large setup violation  
There is a large setup violation of -1.551 ns between GEN_OLANES[1].dot8_inst/product4_reg/DSP_M_DATA_INST/CLK (clocked by clk) and GEN_OLANES[1].dot8_inst/sum1_2_reg/DSP_OUTPUT_INST/ALU_OUT[17] (clocked by clk). Large setup violations at the end of those stages might be difficult to fix during the post-placement implementation flow and could be the result of non-optimal XDC constraints or non-optimal design architecture
Related violations: <none>

TIMING-16#743 Warning
Large setup violation  
There is a large setup violation of -1.551 ns between GEN_OLANES[1].dot8_inst/product4_reg/DSP_M_DATA_INST/CLK (clocked by clk) and GEN_OLANES[1].dot8_inst/sum1_2_reg/DSP_OUTPUT_INST/ALU_OUT[18] (clocked by clk). Large setup violations at the end of those stages might be difficult to fix during the post-placement implementation flow and could be the result of non-optimal XDC constraints or non-optimal design architecture
Related violations: <none>

TIMING-16#744 Warning
Large setup violation  
There is a large setup violation of -1.551 ns between GEN_OLANES[1].dot8_inst/product4_reg/DSP_M_DATA_INST/CLK (clocked by clk) and GEN_OLANES[1].dot8_inst/sum1_2_reg/DSP_OUTPUT_INST/ALU_OUT[19] (clocked by clk). Large setup violations at the end of those stages might be difficult to fix during the post-placement implementation flow and could be the result of non-optimal XDC constraints or non-optimal design architecture
Related violations: <none>

TIMING-16#745 Warning
Large setup violation  
There is a large setup violation of -1.551 ns between GEN_OLANES[1].dot8_inst/product4_reg/DSP_M_DATA_INST/CLK (clocked by clk) and GEN_OLANES[1].dot8_inst/sum1_2_reg/DSP_OUTPUT_INST/ALU_OUT[20] (clocked by clk). Large setup violations at the end of those stages might be difficult to fix during the post-placement implementation flow and could be the result of non-optimal XDC constraints or non-optimal design architecture
Related violations: <none>

TIMING-16#746 Warning
Large setup violation  
There is a large setup violation of -1.551 ns between GEN_OLANES[1].dot8_inst/product4_reg/DSP_M_DATA_INST/CLK (clocked by clk) and GEN_OLANES[1].dot8_inst/sum1_2_reg/DSP_OUTPUT_INST/ALU_OUT[21] (clocked by clk). Large setup violations at the end of those stages might be difficult to fix during the post-placement implementation flow and could be the result of non-optimal XDC constraints or non-optimal design architecture
Related violations: <none>

TIMING-16#747 Warning
Large setup violation  
There is a large setup violation of -1.551 ns between GEN_OLANES[1].dot8_inst/product4_reg/DSP_M_DATA_INST/CLK (clocked by clk) and GEN_OLANES[1].dot8_inst/sum1_2_reg/DSP_OUTPUT_INST/ALU_OUT[22] (clocked by clk). Large setup violations at the end of those stages might be difficult to fix during the post-placement implementation flow and could be the result of non-optimal XDC constraints or non-optimal design architecture
Related violations: <none>

TIMING-16#748 Warning
Large setup violation  
There is a large setup violation of -1.551 ns between GEN_OLANES[1].dot8_inst/product4_reg/DSP_M_DATA_INST/CLK (clocked by clk) and GEN_OLANES[1].dot8_inst/sum1_2_reg/DSP_OUTPUT_INST/ALU_OUT[23] (clocked by clk). Large setup violations at the end of those stages might be difficult to fix during the post-placement implementation flow and could be the result of non-optimal XDC constraints or non-optimal design architecture
Related violations: <none>

TIMING-16#749 Warning
Large setup violation  
There is a large setup violation of -1.551 ns between GEN_OLANES[1].dot8_inst/product4_reg/DSP_M_DATA_INST/CLK (clocked by clk) and GEN_OLANES[1].dot8_inst/sum1_2_reg/DSP_OUTPUT_INST/ALU_OUT[24] (clocked by clk). Large setup violations at the end of those stages might be difficult to fix during the post-placement implementation flow and could be the result of non-optimal XDC constraints or non-optimal design architecture
Related violations: <none>

TIMING-16#750 Warning
Large setup violation  
There is a large setup violation of -1.551 ns between GEN_OLANES[1].dot8_inst/product4_reg/DSP_M_DATA_INST/CLK (clocked by clk) and GEN_OLANES[1].dot8_inst/sum1_2_reg/DSP_OUTPUT_INST/ALU_OUT[25] (clocked by clk). Large setup violations at the end of those stages might be difficult to fix during the post-placement implementation flow and could be the result of non-optimal XDC constraints or non-optimal design architecture
Related violations: <none>

TIMING-16#751 Warning
Large setup violation  
There is a large setup violation of -1.551 ns between GEN_OLANES[1].dot8_inst/product4_reg/DSP_M_DATA_INST/CLK (clocked by clk) and GEN_OLANES[1].dot8_inst/sum1_2_reg/DSP_OUTPUT_INST/ALU_OUT[26] (clocked by clk). Large setup violations at the end of those stages might be difficult to fix during the post-placement implementation flow and could be the result of non-optimal XDC constraints or non-optimal design architecture
Related violations: <none>

TIMING-16#752 Warning
Large setup violation  
There is a large setup violation of -1.551 ns between GEN_OLANES[1].dot8_inst/product4_reg/DSP_M_DATA_INST/CLK (clocked by clk) and GEN_OLANES[1].dot8_inst/sum1_2_reg/DSP_OUTPUT_INST/ALU_OUT[27] (clocked by clk). Large setup violations at the end of those stages might be difficult to fix during the post-placement implementation flow and could be the result of non-optimal XDC constraints or non-optimal design architecture
Related violations: <none>

TIMING-16#753 Warning
Large setup violation  
There is a large setup violation of -1.551 ns between GEN_OLANES[1].dot8_inst/product4_reg/DSP_M_DATA_INST/CLK (clocked by clk) and GEN_OLANES[1].dot8_inst/sum1_2_reg/DSP_OUTPUT_INST/ALU_OUT[28] (clocked by clk). Large setup violations at the end of those stages might be difficult to fix during the post-placement implementation flow and could be the result of non-optimal XDC constraints or non-optimal design architecture
Related violations: <none>

TIMING-16#754 Warning
Large setup violation  
There is a large setup violation of -1.551 ns between GEN_OLANES[1].dot8_inst/product4_reg/DSP_M_DATA_INST/CLK (clocked by clk) and GEN_OLANES[1].dot8_inst/sum1_2_reg/DSP_OUTPUT_INST/ALU_OUT[29] (clocked by clk). Large setup violations at the end of those stages might be difficult to fix during the post-placement implementation flow and could be the result of non-optimal XDC constraints or non-optimal design architecture
Related violations: <none>

TIMING-16#755 Warning
Large setup violation  
There is a large setup violation of -1.551 ns between GEN_OLANES[1].dot8_inst/product4_reg/DSP_M_DATA_INST/CLK (clocked by clk) and GEN_OLANES[1].dot8_inst/sum1_2_reg/DSP_OUTPUT_INST/ALU_OUT[30] (clocked by clk). Large setup violations at the end of those stages might be difficult to fix during the post-placement implementation flow and could be the result of non-optimal XDC constraints or non-optimal design architecture
Related violations: <none>

TIMING-16#756 Warning
Large setup violation  
There is a large setup violation of -1.551 ns between GEN_OLANES[1].dot8_inst/product4_reg/DSP_M_DATA_INST/CLK (clocked by clk) and GEN_OLANES[1].dot8_inst/sum1_2_reg/DSP_OUTPUT_INST/ALU_OUT[31] (clocked by clk). Large setup violations at the end of those stages might be difficult to fix during the post-placement implementation flow and could be the result of non-optimal XDC constraints or non-optimal design architecture
Related violations: <none>

TIMING-16#757 Warning
Large setup violation  
There is a large setup violation of -1.551 ns between GEN_OLANES[1].dot8_inst/product4_reg/DSP_M_DATA_INST/CLK (clocked by clk) and GEN_OLANES[1].dot8_inst/sum1_2_reg/DSP_OUTPUT_INST/ALU_OUT[32] (clocked by clk). Large setup violations at the end of those stages might be difficult to fix during the post-placement implementation flow and could be the result of non-optimal XDC constraints or non-optimal design architecture
Related violations: <none>

TIMING-16#758 Warning
Large setup violation  
There is a large setup violation of -1.551 ns between GEN_OLANES[1].dot8_inst/product4_reg/DSP_M_DATA_INST/CLK (clocked by clk) and GEN_OLANES[1].dot8_inst/sum1_2_reg/DSP_OUTPUT_INST/ALU_OUT[33] (clocked by clk). Large setup violations at the end of those stages might be difficult to fix during the post-placement implementation flow and could be the result of non-optimal XDC constraints or non-optimal design architecture
Related violations: <none>

TIMING-16#759 Warning
Large setup violation  
There is a large setup violation of -1.551 ns between GEN_OLANES[1].dot8_inst/product4_reg/DSP_M_DATA_INST/CLK (clocked by clk) and GEN_OLANES[1].dot8_inst/sum1_2_reg/DSP_OUTPUT_INST/ALU_OUT[34] (clocked by clk). Large setup violations at the end of those stages might be difficult to fix during the post-placement implementation flow and could be the result of non-optimal XDC constraints or non-optimal design architecture
Related violations: <none>

TIMING-16#760 Warning
Large setup violation  
There is a large setup violation of -1.551 ns between GEN_OLANES[1].dot8_inst/product4_reg/DSP_M_DATA_INST/CLK (clocked by clk) and GEN_OLANES[1].dot8_inst/sum1_2_reg/DSP_OUTPUT_INST/ALU_OUT[35] (clocked by clk). Large setup violations at the end of those stages might be difficult to fix during the post-placement implementation flow and could be the result of non-optimal XDC constraints or non-optimal design architecture
Related violations: <none>

TIMING-16#761 Warning
Large setup violation  
There is a large setup violation of -1.551 ns between GEN_OLANES[1].dot8_inst/product4_reg/DSP_M_DATA_INST/CLK (clocked by clk) and GEN_OLANES[1].dot8_inst/sum1_2_reg/DSP_OUTPUT_INST/ALU_OUT[36] (clocked by clk). Large setup violations at the end of those stages might be difficult to fix during the post-placement implementation flow and could be the result of non-optimal XDC constraints or non-optimal design architecture
Related violations: <none>

TIMING-16#762 Warning
Large setup violation  
There is a large setup violation of -1.551 ns between GEN_OLANES[1].dot8_inst/product4_reg/DSP_M_DATA_INST/CLK (clocked by clk) and GEN_OLANES[1].dot8_inst/sum1_2_reg/DSP_OUTPUT_INST/ALU_OUT[37] (clocked by clk). Large setup violations at the end of those stages might be difficult to fix during the post-placement implementation flow and could be the result of non-optimal XDC constraints or non-optimal design architecture
Related violations: <none>

TIMING-16#763 Warning
Large setup violation  
There is a large setup violation of -1.551 ns between GEN_OLANES[1].dot8_inst/product4_reg/DSP_M_DATA_INST/CLK (clocked by clk) and GEN_OLANES[1].dot8_inst/sum1_2_reg/DSP_OUTPUT_INST/ALU_OUT[38] (clocked by clk). Large setup violations at the end of those stages might be difficult to fix during the post-placement implementation flow and could be the result of non-optimal XDC constraints or non-optimal design architecture
Related violations: <none>

TIMING-16#764 Warning
Large setup violation  
There is a large setup violation of -1.551 ns between GEN_OLANES[1].dot8_inst/product4_reg/DSP_M_DATA_INST/CLK (clocked by clk) and GEN_OLANES[1].dot8_inst/sum1_2_reg/DSP_OUTPUT_INST/ALU_OUT[39] (clocked by clk). Large setup violations at the end of those stages might be difficult to fix during the post-placement implementation flow and could be the result of non-optimal XDC constraints or non-optimal design architecture
Related violations: <none>

TIMING-16#765 Warning
Large setup violation  
There is a large setup violation of -1.551 ns between GEN_OLANES[1].dot8_inst/product4_reg/DSP_M_DATA_INST/CLK (clocked by clk) and GEN_OLANES[1].dot8_inst/sum1_2_reg/DSP_OUTPUT_INST/ALU_OUT[40] (clocked by clk). Large setup violations at the end of those stages might be difficult to fix during the post-placement implementation flow and could be the result of non-optimal XDC constraints or non-optimal design architecture
Related violations: <none>

TIMING-16#766 Warning
Large setup violation  
There is a large setup violation of -1.551 ns between GEN_OLANES[1].dot8_inst/product4_reg/DSP_M_DATA_INST/CLK (clocked by clk) and GEN_OLANES[1].dot8_inst/sum1_2_reg/DSP_OUTPUT_INST/ALU_OUT[41] (clocked by clk). Large setup violations at the end of those stages might be difficult to fix during the post-placement implementation flow and could be the result of non-optimal XDC constraints or non-optimal design architecture
Related violations: <none>

TIMING-16#767 Warning
Large setup violation  
There is a large setup violation of -1.551 ns between GEN_OLANES[1].dot8_inst/product4_reg/DSP_M_DATA_INST/CLK (clocked by clk) and GEN_OLANES[1].dot8_inst/sum1_2_reg/DSP_OUTPUT_INST/ALU_OUT[42] (clocked by clk). Large setup violations at the end of those stages might be difficult to fix during the post-placement implementation flow and could be the result of non-optimal XDC constraints or non-optimal design architecture
Related violations: <none>

TIMING-16#768 Warning
Large setup violation  
There is a large setup violation of -1.551 ns between GEN_OLANES[1].dot8_inst/product4_reg/DSP_M_DATA_INST/CLK (clocked by clk) and GEN_OLANES[1].dot8_inst/sum1_2_reg/DSP_OUTPUT_INST/ALU_OUT[43] (clocked by clk). Large setup violations at the end of those stages might be difficult to fix during the post-placement implementation flow and could be the result of non-optimal XDC constraints or non-optimal design architecture
Related violations: <none>

TIMING-16#769 Warning
Large setup violation  
There is a large setup violation of -1.551 ns between GEN_OLANES[1].dot8_inst/product4_reg/DSP_M_DATA_INST/CLK (clocked by clk) and GEN_OLANES[1].dot8_inst/sum1_2_reg/DSP_OUTPUT_INST/ALU_OUT[44] (clocked by clk). Large setup violations at the end of those stages might be difficult to fix during the post-placement implementation flow and could be the result of non-optimal XDC constraints or non-optimal design architecture
Related violations: <none>

TIMING-16#770 Warning
Large setup violation  
There is a large setup violation of -1.551 ns between GEN_OLANES[1].dot8_inst/product4_reg/DSP_M_DATA_INST/CLK (clocked by clk) and GEN_OLANES[1].dot8_inst/sum1_2_reg/DSP_OUTPUT_INST/ALU_OUT[45] (clocked by clk). Large setup violations at the end of those stages might be difficult to fix during the post-placement implementation flow and could be the result of non-optimal XDC constraints or non-optimal design architecture
Related violations: <none>

TIMING-16#771 Warning
Large setup violation  
There is a large setup violation of -1.551 ns between GEN_OLANES[1].dot8_inst/product4_reg/DSP_M_DATA_INST/CLK (clocked by clk) and GEN_OLANES[1].dot8_inst/sum1_2_reg/DSP_OUTPUT_INST/ALU_OUT[46] (clocked by clk). Large setup violations at the end of those stages might be difficult to fix during the post-placement implementation flow and could be the result of non-optimal XDC constraints or non-optimal design architecture
Related violations: <none>

TIMING-16#772 Warning
Large setup violation  
There is a large setup violation of -1.551 ns between GEN_OLANES[1].dot8_inst/product4_reg/DSP_M_DATA_INST/CLK (clocked by clk) and GEN_OLANES[1].dot8_inst/sum1_2_reg/DSP_OUTPUT_INST/ALU_OUT[47] (clocked by clk). Large setup violations at the end of those stages might be difficult to fix during the post-placement implementation flow and could be the result of non-optimal XDC constraints or non-optimal design architecture
Related violations: <none>

TIMING-16#773 Warning
Large setup violation  
There is a large setup violation of -1.551 ns between GEN_OLANES[1].dot8_inst/product6_reg/DSP_M_DATA_INST/CLK (clocked by clk) and GEN_OLANES[1].dot8_inst/sum1_3_reg/DSP_OUTPUT_INST/ALU_OUT[16] (clocked by clk). Large setup violations at the end of those stages might be difficult to fix during the post-placement implementation flow and could be the result of non-optimal XDC constraints or non-optimal design architecture
Related violations: <none>

TIMING-16#774 Warning
Large setup violation  
There is a large setup violation of -1.551 ns between GEN_OLANES[1].dot8_inst/product6_reg/DSP_M_DATA_INST/CLK (clocked by clk) and GEN_OLANES[1].dot8_inst/sum1_3_reg/DSP_OUTPUT_INST/ALU_OUT[17] (clocked by clk). Large setup violations at the end of those stages might be difficult to fix during the post-placement implementation flow and could be the result of non-optimal XDC constraints or non-optimal design architecture
Related violations: <none>

TIMING-16#775 Warning
Large setup violation  
There is a large setup violation of -1.551 ns between GEN_OLANES[1].dot8_inst/product6_reg/DSP_M_DATA_INST/CLK (clocked by clk) and GEN_OLANES[1].dot8_inst/sum1_3_reg/DSP_OUTPUT_INST/ALU_OUT[18] (clocked by clk). Large setup violations at the end of those stages might be difficult to fix during the post-placement implementation flow and could be the result of non-optimal XDC constraints or non-optimal design architecture
Related violations: <none>

TIMING-16#776 Warning
Large setup violation  
There is a large setup violation of -1.551 ns between GEN_OLANES[1].dot8_inst/product6_reg/DSP_M_DATA_INST/CLK (clocked by clk) and GEN_OLANES[1].dot8_inst/sum1_3_reg/DSP_OUTPUT_INST/ALU_OUT[19] (clocked by clk). Large setup violations at the end of those stages might be difficult to fix during the post-placement implementation flow and could be the result of non-optimal XDC constraints or non-optimal design architecture
Related violations: <none>

TIMING-16#777 Warning
Large setup violation  
There is a large setup violation of -1.551 ns between GEN_OLANES[1].dot8_inst/product6_reg/DSP_M_DATA_INST/CLK (clocked by clk) and GEN_OLANES[1].dot8_inst/sum1_3_reg/DSP_OUTPUT_INST/ALU_OUT[20] (clocked by clk). Large setup violations at the end of those stages might be difficult to fix during the post-placement implementation flow and could be the result of non-optimal XDC constraints or non-optimal design architecture
Related violations: <none>

TIMING-16#778 Warning
Large setup violation  
There is a large setup violation of -1.551 ns between GEN_OLANES[1].dot8_inst/product6_reg/DSP_M_DATA_INST/CLK (clocked by clk) and GEN_OLANES[1].dot8_inst/sum1_3_reg/DSP_OUTPUT_INST/ALU_OUT[21] (clocked by clk). Large setup violations at the end of those stages might be difficult to fix during the post-placement implementation flow and could be the result of non-optimal XDC constraints or non-optimal design architecture
Related violations: <none>

TIMING-16#779 Warning
Large setup violation  
There is a large setup violation of -1.551 ns between GEN_OLANES[1].dot8_inst/product6_reg/DSP_M_DATA_INST/CLK (clocked by clk) and GEN_OLANES[1].dot8_inst/sum1_3_reg/DSP_OUTPUT_INST/ALU_OUT[22] (clocked by clk). Large setup violations at the end of those stages might be difficult to fix during the post-placement implementation flow and could be the result of non-optimal XDC constraints or non-optimal design architecture
Related violations: <none>

TIMING-16#780 Warning
Large setup violation  
There is a large setup violation of -1.551 ns between GEN_OLANES[1].dot8_inst/product6_reg/DSP_M_DATA_INST/CLK (clocked by clk) and GEN_OLANES[1].dot8_inst/sum1_3_reg/DSP_OUTPUT_INST/ALU_OUT[23] (clocked by clk). Large setup violations at the end of those stages might be difficult to fix during the post-placement implementation flow and could be the result of non-optimal XDC constraints or non-optimal design architecture
Related violations: <none>

TIMING-16#781 Warning
Large setup violation  
There is a large setup violation of -1.551 ns between GEN_OLANES[1].dot8_inst/product6_reg/DSP_M_DATA_INST/CLK (clocked by clk) and GEN_OLANES[1].dot8_inst/sum1_3_reg/DSP_OUTPUT_INST/ALU_OUT[24] (clocked by clk). Large setup violations at the end of those stages might be difficult to fix during the post-placement implementation flow and could be the result of non-optimal XDC constraints or non-optimal design architecture
Related violations: <none>

TIMING-16#782 Warning
Large setup violation  
There is a large setup violation of -1.551 ns between GEN_OLANES[1].dot8_inst/product6_reg/DSP_M_DATA_INST/CLK (clocked by clk) and GEN_OLANES[1].dot8_inst/sum1_3_reg/DSP_OUTPUT_INST/ALU_OUT[25] (clocked by clk). Large setup violations at the end of those stages might be difficult to fix during the post-placement implementation flow and could be the result of non-optimal XDC constraints or non-optimal design architecture
Related violations: <none>

TIMING-16#783 Warning
Large setup violation  
There is a large setup violation of -1.551 ns between GEN_OLANES[1].dot8_inst/product6_reg/DSP_M_DATA_INST/CLK (clocked by clk) and GEN_OLANES[1].dot8_inst/sum1_3_reg/DSP_OUTPUT_INST/ALU_OUT[26] (clocked by clk). Large setup violations at the end of those stages might be difficult to fix during the post-placement implementation flow and could be the result of non-optimal XDC constraints or non-optimal design architecture
Related violations: <none>

TIMING-16#784 Warning
Large setup violation  
There is a large setup violation of -1.551 ns between GEN_OLANES[1].dot8_inst/product6_reg/DSP_M_DATA_INST/CLK (clocked by clk) and GEN_OLANES[1].dot8_inst/sum1_3_reg/DSP_OUTPUT_INST/ALU_OUT[27] (clocked by clk). Large setup violations at the end of those stages might be difficult to fix during the post-placement implementation flow and could be the result of non-optimal XDC constraints or non-optimal design architecture
Related violations: <none>

TIMING-16#785 Warning
Large setup violation  
There is a large setup violation of -1.551 ns between GEN_OLANES[1].dot8_inst/product6_reg/DSP_M_DATA_INST/CLK (clocked by clk) and GEN_OLANES[1].dot8_inst/sum1_3_reg/DSP_OUTPUT_INST/ALU_OUT[28] (clocked by clk). Large setup violations at the end of those stages might be difficult to fix during the post-placement implementation flow and could be the result of non-optimal XDC constraints or non-optimal design architecture
Related violations: <none>

TIMING-16#786 Warning
Large setup violation  
There is a large setup violation of -1.551 ns between GEN_OLANES[1].dot8_inst/product6_reg/DSP_M_DATA_INST/CLK (clocked by clk) and GEN_OLANES[1].dot8_inst/sum1_3_reg/DSP_OUTPUT_INST/ALU_OUT[29] (clocked by clk). Large setup violations at the end of those stages might be difficult to fix during the post-placement implementation flow and could be the result of non-optimal XDC constraints or non-optimal design architecture
Related violations: <none>

TIMING-16#787 Warning
Large setup violation  
There is a large setup violation of -1.551 ns between GEN_OLANES[1].dot8_inst/product6_reg/DSP_M_DATA_INST/CLK (clocked by clk) and GEN_OLANES[1].dot8_inst/sum1_3_reg/DSP_OUTPUT_INST/ALU_OUT[30] (clocked by clk). Large setup violations at the end of those stages might be difficult to fix during the post-placement implementation flow and could be the result of non-optimal XDC constraints or non-optimal design architecture
Related violations: <none>

TIMING-16#788 Warning
Large setup violation  
There is a large setup violation of -1.551 ns between GEN_OLANES[1].dot8_inst/product6_reg/DSP_M_DATA_INST/CLK (clocked by clk) and GEN_OLANES[1].dot8_inst/sum1_3_reg/DSP_OUTPUT_INST/ALU_OUT[31] (clocked by clk). Large setup violations at the end of those stages might be difficult to fix during the post-placement implementation flow and could be the result of non-optimal XDC constraints or non-optimal design architecture
Related violations: <none>

TIMING-16#789 Warning
Large setup violation  
There is a large setup violation of -1.551 ns between GEN_OLANES[1].dot8_inst/product6_reg/DSP_M_DATA_INST/CLK (clocked by clk) and GEN_OLANES[1].dot8_inst/sum1_3_reg/DSP_OUTPUT_INST/ALU_OUT[32] (clocked by clk). Large setup violations at the end of those stages might be difficult to fix during the post-placement implementation flow and could be the result of non-optimal XDC constraints or non-optimal design architecture
Related violations: <none>

TIMING-16#790 Warning
Large setup violation  
There is a large setup violation of -1.551 ns between GEN_OLANES[1].dot8_inst/product6_reg/DSP_M_DATA_INST/CLK (clocked by clk) and GEN_OLANES[1].dot8_inst/sum1_3_reg/DSP_OUTPUT_INST/ALU_OUT[33] (clocked by clk). Large setup violations at the end of those stages might be difficult to fix during the post-placement implementation flow and could be the result of non-optimal XDC constraints or non-optimal design architecture
Related violations: <none>

TIMING-16#791 Warning
Large setup violation  
There is a large setup violation of -1.551 ns between GEN_OLANES[1].dot8_inst/product6_reg/DSP_M_DATA_INST/CLK (clocked by clk) and GEN_OLANES[1].dot8_inst/sum1_3_reg/DSP_OUTPUT_INST/ALU_OUT[34] (clocked by clk). Large setup violations at the end of those stages might be difficult to fix during the post-placement implementation flow and could be the result of non-optimal XDC constraints or non-optimal design architecture
Related violations: <none>

TIMING-16#792 Warning
Large setup violation  
There is a large setup violation of -1.551 ns between GEN_OLANES[1].dot8_inst/product6_reg/DSP_M_DATA_INST/CLK (clocked by clk) and GEN_OLANES[1].dot8_inst/sum1_3_reg/DSP_OUTPUT_INST/ALU_OUT[35] (clocked by clk). Large setup violations at the end of those stages might be difficult to fix during the post-placement implementation flow and could be the result of non-optimal XDC constraints or non-optimal design architecture
Related violations: <none>

TIMING-16#793 Warning
Large setup violation  
There is a large setup violation of -1.551 ns between GEN_OLANES[1].dot8_inst/product6_reg/DSP_M_DATA_INST/CLK (clocked by clk) and GEN_OLANES[1].dot8_inst/sum1_3_reg/DSP_OUTPUT_INST/ALU_OUT[36] (clocked by clk). Large setup violations at the end of those stages might be difficult to fix during the post-placement implementation flow and could be the result of non-optimal XDC constraints or non-optimal design architecture
Related violations: <none>

TIMING-16#794 Warning
Large setup violation  
There is a large setup violation of -1.551 ns between GEN_OLANES[1].dot8_inst/product6_reg/DSP_M_DATA_INST/CLK (clocked by clk) and GEN_OLANES[1].dot8_inst/sum1_3_reg/DSP_OUTPUT_INST/ALU_OUT[37] (clocked by clk). Large setup violations at the end of those stages might be difficult to fix during the post-placement implementation flow and could be the result of non-optimal XDC constraints or non-optimal design architecture
Related violations: <none>

TIMING-16#795 Warning
Large setup violation  
There is a large setup violation of -1.551 ns between GEN_OLANES[1].dot8_inst/product6_reg/DSP_M_DATA_INST/CLK (clocked by clk) and GEN_OLANES[1].dot8_inst/sum1_3_reg/DSP_OUTPUT_INST/ALU_OUT[38] (clocked by clk). Large setup violations at the end of those stages might be difficult to fix during the post-placement implementation flow and could be the result of non-optimal XDC constraints or non-optimal design architecture
Related violations: <none>

TIMING-16#796 Warning
Large setup violation  
There is a large setup violation of -1.551 ns between GEN_OLANES[1].dot8_inst/product6_reg/DSP_M_DATA_INST/CLK (clocked by clk) and GEN_OLANES[1].dot8_inst/sum1_3_reg/DSP_OUTPUT_INST/ALU_OUT[39] (clocked by clk). Large setup violations at the end of those stages might be difficult to fix during the post-placement implementation flow and could be the result of non-optimal XDC constraints or non-optimal design architecture
Related violations: <none>

TIMING-16#797 Warning
Large setup violation  
There is a large setup violation of -1.551 ns between GEN_OLANES[1].dot8_inst/product6_reg/DSP_M_DATA_INST/CLK (clocked by clk) and GEN_OLANES[1].dot8_inst/sum1_3_reg/DSP_OUTPUT_INST/ALU_OUT[40] (clocked by clk). Large setup violations at the end of those stages might be difficult to fix during the post-placement implementation flow and could be the result of non-optimal XDC constraints or non-optimal design architecture
Related violations: <none>

TIMING-16#798 Warning
Large setup violation  
There is a large setup violation of -1.551 ns between GEN_OLANES[1].dot8_inst/product6_reg/DSP_M_DATA_INST/CLK (clocked by clk) and GEN_OLANES[1].dot8_inst/sum1_3_reg/DSP_OUTPUT_INST/ALU_OUT[41] (clocked by clk). Large setup violations at the end of those stages might be difficult to fix during the post-placement implementation flow and could be the result of non-optimal XDC constraints or non-optimal design architecture
Related violations: <none>

TIMING-16#799 Warning
Large setup violation  
There is a large setup violation of -1.551 ns between GEN_OLANES[1].dot8_inst/product6_reg/DSP_M_DATA_INST/CLK (clocked by clk) and GEN_OLANES[1].dot8_inst/sum1_3_reg/DSP_OUTPUT_INST/ALU_OUT[42] (clocked by clk). Large setup violations at the end of those stages might be difficult to fix during the post-placement implementation flow and could be the result of non-optimal XDC constraints or non-optimal design architecture
Related violations: <none>

TIMING-16#800 Warning
Large setup violation  
There is a large setup violation of -1.551 ns between GEN_OLANES[1].dot8_inst/product6_reg/DSP_M_DATA_INST/CLK (clocked by clk) and GEN_OLANES[1].dot8_inst/sum1_3_reg/DSP_OUTPUT_INST/ALU_OUT[43] (clocked by clk). Large setup violations at the end of those stages might be difficult to fix during the post-placement implementation flow and could be the result of non-optimal XDC constraints or non-optimal design architecture
Related violations: <none>

TIMING-16#801 Warning
Large setup violation  
There is a large setup violation of -1.551 ns between GEN_OLANES[1].dot8_inst/product6_reg/DSP_M_DATA_INST/CLK (clocked by clk) and GEN_OLANES[1].dot8_inst/sum1_3_reg/DSP_OUTPUT_INST/ALU_OUT[44] (clocked by clk). Large setup violations at the end of those stages might be difficult to fix during the post-placement implementation flow and could be the result of non-optimal XDC constraints or non-optimal design architecture
Related violations: <none>

TIMING-16#802 Warning
Large setup violation  
There is a large setup violation of -1.551 ns between GEN_OLANES[1].dot8_inst/product6_reg/DSP_M_DATA_INST/CLK (clocked by clk) and GEN_OLANES[1].dot8_inst/sum1_3_reg/DSP_OUTPUT_INST/ALU_OUT[45] (clocked by clk). Large setup violations at the end of those stages might be difficult to fix during the post-placement implementation flow and could be the result of non-optimal XDC constraints or non-optimal design architecture
Related violations: <none>

TIMING-16#803 Warning
Large setup violation  
There is a large setup violation of -1.551 ns between GEN_OLANES[1].dot8_inst/product6_reg/DSP_M_DATA_INST/CLK (clocked by clk) and GEN_OLANES[1].dot8_inst/sum1_3_reg/DSP_OUTPUT_INST/ALU_OUT[46] (clocked by clk). Large setup violations at the end of those stages might be difficult to fix during the post-placement implementation flow and could be the result of non-optimal XDC constraints or non-optimal design architecture
Related violations: <none>

TIMING-16#804 Warning
Large setup violation  
There is a large setup violation of -1.551 ns between GEN_OLANES[1].dot8_inst/product6_reg/DSP_M_DATA_INST/CLK (clocked by clk) and GEN_OLANES[1].dot8_inst/sum1_3_reg/DSP_OUTPUT_INST/ALU_OUT[47] (clocked by clk). Large setup violations at the end of those stages might be difficult to fix during the post-placement implementation flow and could be the result of non-optimal XDC constraints or non-optimal design architecture
Related violations: <none>

TIMING-16#805 Warning
Large setup violation  
There is a large setup violation of -1.551 ns between GEN_OLANES[2].dot8_inst/product0_reg/DSP_M_DATA_INST/CLK (clocked by clk) and GEN_OLANES[2].dot8_inst/sum1_0_reg/DSP_OUTPUT_INST/ALU_OUT[16] (clocked by clk). Large setup violations at the end of those stages might be difficult to fix during the post-placement implementation flow and could be the result of non-optimal XDC constraints or non-optimal design architecture
Related violations: <none>

TIMING-16#806 Warning
Large setup violation  
There is a large setup violation of -1.551 ns between GEN_OLANES[2].dot8_inst/product0_reg/DSP_M_DATA_INST/CLK (clocked by clk) and GEN_OLANES[2].dot8_inst/sum1_0_reg/DSP_OUTPUT_INST/ALU_OUT[17] (clocked by clk). Large setup violations at the end of those stages might be difficult to fix during the post-placement implementation flow and could be the result of non-optimal XDC constraints or non-optimal design architecture
Related violations: <none>

TIMING-16#807 Warning
Large setup violation  
There is a large setup violation of -1.551 ns between GEN_OLANES[2].dot8_inst/product0_reg/DSP_M_DATA_INST/CLK (clocked by clk) and GEN_OLANES[2].dot8_inst/sum1_0_reg/DSP_OUTPUT_INST/ALU_OUT[18] (clocked by clk). Large setup violations at the end of those stages might be difficult to fix during the post-placement implementation flow and could be the result of non-optimal XDC constraints or non-optimal design architecture
Related violations: <none>

TIMING-16#808 Warning
Large setup violation  
There is a large setup violation of -1.551 ns between GEN_OLANES[2].dot8_inst/product0_reg/DSP_M_DATA_INST/CLK (clocked by clk) and GEN_OLANES[2].dot8_inst/sum1_0_reg/DSP_OUTPUT_INST/ALU_OUT[19] (clocked by clk). Large setup violations at the end of those stages might be difficult to fix during the post-placement implementation flow and could be the result of non-optimal XDC constraints or non-optimal design architecture
Related violations: <none>

TIMING-16#809 Warning
Large setup violation  
There is a large setup violation of -1.551 ns between GEN_OLANES[2].dot8_inst/product0_reg/DSP_M_DATA_INST/CLK (clocked by clk) and GEN_OLANES[2].dot8_inst/sum1_0_reg/DSP_OUTPUT_INST/ALU_OUT[20] (clocked by clk). Large setup violations at the end of those stages might be difficult to fix during the post-placement implementation flow and could be the result of non-optimal XDC constraints or non-optimal design architecture
Related violations: <none>

TIMING-16#810 Warning
Large setup violation  
There is a large setup violation of -1.551 ns between GEN_OLANES[2].dot8_inst/product0_reg/DSP_M_DATA_INST/CLK (clocked by clk) and GEN_OLANES[2].dot8_inst/sum1_0_reg/DSP_OUTPUT_INST/ALU_OUT[21] (clocked by clk). Large setup violations at the end of those stages might be difficult to fix during the post-placement implementation flow and could be the result of non-optimal XDC constraints or non-optimal design architecture
Related violations: <none>

TIMING-16#811 Warning
Large setup violation  
There is a large setup violation of -1.551 ns between GEN_OLANES[2].dot8_inst/product0_reg/DSP_M_DATA_INST/CLK (clocked by clk) and GEN_OLANES[2].dot8_inst/sum1_0_reg/DSP_OUTPUT_INST/ALU_OUT[22] (clocked by clk). Large setup violations at the end of those stages might be difficult to fix during the post-placement implementation flow and could be the result of non-optimal XDC constraints or non-optimal design architecture
Related violations: <none>

TIMING-16#812 Warning
Large setup violation  
There is a large setup violation of -1.551 ns between GEN_OLANES[2].dot8_inst/product0_reg/DSP_M_DATA_INST/CLK (clocked by clk) and GEN_OLANES[2].dot8_inst/sum1_0_reg/DSP_OUTPUT_INST/ALU_OUT[23] (clocked by clk). Large setup violations at the end of those stages might be difficult to fix during the post-placement implementation flow and could be the result of non-optimal XDC constraints or non-optimal design architecture
Related violations: <none>

TIMING-16#813 Warning
Large setup violation  
There is a large setup violation of -1.551 ns between GEN_OLANES[2].dot8_inst/product0_reg/DSP_M_DATA_INST/CLK (clocked by clk) and GEN_OLANES[2].dot8_inst/sum1_0_reg/DSP_OUTPUT_INST/ALU_OUT[24] (clocked by clk). Large setup violations at the end of those stages might be difficult to fix during the post-placement implementation flow and could be the result of non-optimal XDC constraints or non-optimal design architecture
Related violations: <none>

TIMING-16#814 Warning
Large setup violation  
There is a large setup violation of -1.551 ns between GEN_OLANES[2].dot8_inst/product0_reg/DSP_M_DATA_INST/CLK (clocked by clk) and GEN_OLANES[2].dot8_inst/sum1_0_reg/DSP_OUTPUT_INST/ALU_OUT[25] (clocked by clk). Large setup violations at the end of those stages might be difficult to fix during the post-placement implementation flow and could be the result of non-optimal XDC constraints or non-optimal design architecture
Related violations: <none>

TIMING-16#815 Warning
Large setup violation  
There is a large setup violation of -1.551 ns between GEN_OLANES[2].dot8_inst/product0_reg/DSP_M_DATA_INST/CLK (clocked by clk) and GEN_OLANES[2].dot8_inst/sum1_0_reg/DSP_OUTPUT_INST/ALU_OUT[26] (clocked by clk). Large setup violations at the end of those stages might be difficult to fix during the post-placement implementation flow and could be the result of non-optimal XDC constraints or non-optimal design architecture
Related violations: <none>

TIMING-16#816 Warning
Large setup violation  
There is a large setup violation of -1.551 ns between GEN_OLANES[2].dot8_inst/product0_reg/DSP_M_DATA_INST/CLK (clocked by clk) and GEN_OLANES[2].dot8_inst/sum1_0_reg/DSP_OUTPUT_INST/ALU_OUT[27] (clocked by clk). Large setup violations at the end of those stages might be difficult to fix during the post-placement implementation flow and could be the result of non-optimal XDC constraints or non-optimal design architecture
Related violations: <none>

TIMING-16#817 Warning
Large setup violation  
There is a large setup violation of -1.551 ns between GEN_OLANES[2].dot8_inst/product0_reg/DSP_M_DATA_INST/CLK (clocked by clk) and GEN_OLANES[2].dot8_inst/sum1_0_reg/DSP_OUTPUT_INST/ALU_OUT[28] (clocked by clk). Large setup violations at the end of those stages might be difficult to fix during the post-placement implementation flow and could be the result of non-optimal XDC constraints or non-optimal design architecture
Related violations: <none>

TIMING-16#818 Warning
Large setup violation  
There is a large setup violation of -1.551 ns between GEN_OLANES[2].dot8_inst/product0_reg/DSP_M_DATA_INST/CLK (clocked by clk) and GEN_OLANES[2].dot8_inst/sum1_0_reg/DSP_OUTPUT_INST/ALU_OUT[29] (clocked by clk). Large setup violations at the end of those stages might be difficult to fix during the post-placement implementation flow and could be the result of non-optimal XDC constraints or non-optimal design architecture
Related violations: <none>

TIMING-16#819 Warning
Large setup violation  
There is a large setup violation of -1.551 ns between GEN_OLANES[2].dot8_inst/product0_reg/DSP_M_DATA_INST/CLK (clocked by clk) and GEN_OLANES[2].dot8_inst/sum1_0_reg/DSP_OUTPUT_INST/ALU_OUT[30] (clocked by clk). Large setup violations at the end of those stages might be difficult to fix during the post-placement implementation flow and could be the result of non-optimal XDC constraints or non-optimal design architecture
Related violations: <none>

TIMING-16#820 Warning
Large setup violation  
There is a large setup violation of -1.551 ns between GEN_OLANES[2].dot8_inst/product0_reg/DSP_M_DATA_INST/CLK (clocked by clk) and GEN_OLANES[2].dot8_inst/sum1_0_reg/DSP_OUTPUT_INST/ALU_OUT[31] (clocked by clk). Large setup violations at the end of those stages might be difficult to fix during the post-placement implementation flow and could be the result of non-optimal XDC constraints or non-optimal design architecture
Related violations: <none>

TIMING-16#821 Warning
Large setup violation  
There is a large setup violation of -1.551 ns between GEN_OLANES[2].dot8_inst/product0_reg/DSP_M_DATA_INST/CLK (clocked by clk) and GEN_OLANES[2].dot8_inst/sum1_0_reg/DSP_OUTPUT_INST/ALU_OUT[32] (clocked by clk). Large setup violations at the end of those stages might be difficult to fix during the post-placement implementation flow and could be the result of non-optimal XDC constraints or non-optimal design architecture
Related violations: <none>

TIMING-16#822 Warning
Large setup violation  
There is a large setup violation of -1.551 ns between GEN_OLANES[2].dot8_inst/product0_reg/DSP_M_DATA_INST/CLK (clocked by clk) and GEN_OLANES[2].dot8_inst/sum1_0_reg/DSP_OUTPUT_INST/ALU_OUT[33] (clocked by clk). Large setup violations at the end of those stages might be difficult to fix during the post-placement implementation flow and could be the result of non-optimal XDC constraints or non-optimal design architecture
Related violations: <none>

TIMING-16#823 Warning
Large setup violation  
There is a large setup violation of -1.551 ns between GEN_OLANES[2].dot8_inst/product0_reg/DSP_M_DATA_INST/CLK (clocked by clk) and GEN_OLANES[2].dot8_inst/sum1_0_reg/DSP_OUTPUT_INST/ALU_OUT[34] (clocked by clk). Large setup violations at the end of those stages might be difficult to fix during the post-placement implementation flow and could be the result of non-optimal XDC constraints or non-optimal design architecture
Related violations: <none>

TIMING-16#824 Warning
Large setup violation  
There is a large setup violation of -1.551 ns between GEN_OLANES[2].dot8_inst/product0_reg/DSP_M_DATA_INST/CLK (clocked by clk) and GEN_OLANES[2].dot8_inst/sum1_0_reg/DSP_OUTPUT_INST/ALU_OUT[35] (clocked by clk). Large setup violations at the end of those stages might be difficult to fix during the post-placement implementation flow and could be the result of non-optimal XDC constraints or non-optimal design architecture
Related violations: <none>

TIMING-16#825 Warning
Large setup violation  
There is a large setup violation of -1.551 ns between GEN_OLANES[2].dot8_inst/product0_reg/DSP_M_DATA_INST/CLK (clocked by clk) and GEN_OLANES[2].dot8_inst/sum1_0_reg/DSP_OUTPUT_INST/ALU_OUT[36] (clocked by clk). Large setup violations at the end of those stages might be difficult to fix during the post-placement implementation flow and could be the result of non-optimal XDC constraints or non-optimal design architecture
Related violations: <none>

TIMING-16#826 Warning
Large setup violation  
There is a large setup violation of -1.551 ns between GEN_OLANES[2].dot8_inst/product0_reg/DSP_M_DATA_INST/CLK (clocked by clk) and GEN_OLANES[2].dot8_inst/sum1_0_reg/DSP_OUTPUT_INST/ALU_OUT[37] (clocked by clk). Large setup violations at the end of those stages might be difficult to fix during the post-placement implementation flow and could be the result of non-optimal XDC constraints or non-optimal design architecture
Related violations: <none>

TIMING-16#827 Warning
Large setup violation  
There is a large setup violation of -1.551 ns between GEN_OLANES[2].dot8_inst/product0_reg/DSP_M_DATA_INST/CLK (clocked by clk) and GEN_OLANES[2].dot8_inst/sum1_0_reg/DSP_OUTPUT_INST/ALU_OUT[38] (clocked by clk). Large setup violations at the end of those stages might be difficult to fix during the post-placement implementation flow and could be the result of non-optimal XDC constraints or non-optimal design architecture
Related violations: <none>

TIMING-16#828 Warning
Large setup violation  
There is a large setup violation of -1.551 ns between GEN_OLANES[2].dot8_inst/product0_reg/DSP_M_DATA_INST/CLK (clocked by clk) and GEN_OLANES[2].dot8_inst/sum1_0_reg/DSP_OUTPUT_INST/ALU_OUT[39] (clocked by clk). Large setup violations at the end of those stages might be difficult to fix during the post-placement implementation flow and could be the result of non-optimal XDC constraints or non-optimal design architecture
Related violations: <none>

TIMING-16#829 Warning
Large setup violation  
There is a large setup violation of -1.551 ns between GEN_OLANES[2].dot8_inst/product0_reg/DSP_M_DATA_INST/CLK (clocked by clk) and GEN_OLANES[2].dot8_inst/sum1_0_reg/DSP_OUTPUT_INST/ALU_OUT[40] (clocked by clk). Large setup violations at the end of those stages might be difficult to fix during the post-placement implementation flow and could be the result of non-optimal XDC constraints or non-optimal design architecture
Related violations: <none>

TIMING-16#830 Warning
Large setup violation  
There is a large setup violation of -1.551 ns between GEN_OLANES[2].dot8_inst/product0_reg/DSP_M_DATA_INST/CLK (clocked by clk) and GEN_OLANES[2].dot8_inst/sum1_0_reg/DSP_OUTPUT_INST/ALU_OUT[41] (clocked by clk). Large setup violations at the end of those stages might be difficult to fix during the post-placement implementation flow and could be the result of non-optimal XDC constraints or non-optimal design architecture
Related violations: <none>

TIMING-16#831 Warning
Large setup violation  
There is a large setup violation of -1.551 ns between GEN_OLANES[2].dot8_inst/product0_reg/DSP_M_DATA_INST/CLK (clocked by clk) and GEN_OLANES[2].dot8_inst/sum1_0_reg/DSP_OUTPUT_INST/ALU_OUT[42] (clocked by clk). Large setup violations at the end of those stages might be difficult to fix during the post-placement implementation flow and could be the result of non-optimal XDC constraints or non-optimal design architecture
Related violations: <none>

TIMING-16#832 Warning
Large setup violation  
There is a large setup violation of -1.551 ns between GEN_OLANES[2].dot8_inst/product0_reg/DSP_M_DATA_INST/CLK (clocked by clk) and GEN_OLANES[2].dot8_inst/sum1_0_reg/DSP_OUTPUT_INST/ALU_OUT[43] (clocked by clk). Large setup violations at the end of those stages might be difficult to fix during the post-placement implementation flow and could be the result of non-optimal XDC constraints or non-optimal design architecture
Related violations: <none>

TIMING-16#833 Warning
Large setup violation  
There is a large setup violation of -1.551 ns between GEN_OLANES[2].dot8_inst/product0_reg/DSP_M_DATA_INST/CLK (clocked by clk) and GEN_OLANES[2].dot8_inst/sum1_0_reg/DSP_OUTPUT_INST/ALU_OUT[44] (clocked by clk). Large setup violations at the end of those stages might be difficult to fix during the post-placement implementation flow and could be the result of non-optimal XDC constraints or non-optimal design architecture
Related violations: <none>

TIMING-16#834 Warning
Large setup violation  
There is a large setup violation of -1.551 ns between GEN_OLANES[2].dot8_inst/product0_reg/DSP_M_DATA_INST/CLK (clocked by clk) and GEN_OLANES[2].dot8_inst/sum1_0_reg/DSP_OUTPUT_INST/ALU_OUT[45] (clocked by clk). Large setup violations at the end of those stages might be difficult to fix during the post-placement implementation flow and could be the result of non-optimal XDC constraints or non-optimal design architecture
Related violations: <none>

TIMING-16#835 Warning
Large setup violation  
There is a large setup violation of -1.551 ns between GEN_OLANES[2].dot8_inst/product0_reg/DSP_M_DATA_INST/CLK (clocked by clk) and GEN_OLANES[2].dot8_inst/sum1_0_reg/DSP_OUTPUT_INST/ALU_OUT[46] (clocked by clk). Large setup violations at the end of those stages might be difficult to fix during the post-placement implementation flow and could be the result of non-optimal XDC constraints or non-optimal design architecture
Related violations: <none>

TIMING-16#836 Warning
Large setup violation  
There is a large setup violation of -1.551 ns between GEN_OLANES[2].dot8_inst/product0_reg/DSP_M_DATA_INST/CLK (clocked by clk) and GEN_OLANES[2].dot8_inst/sum1_0_reg/DSP_OUTPUT_INST/ALU_OUT[47] (clocked by clk). Large setup violations at the end of those stages might be difficult to fix during the post-placement implementation flow and could be the result of non-optimal XDC constraints or non-optimal design architecture
Related violations: <none>

TIMING-16#837 Warning
Large setup violation  
There is a large setup violation of -1.551 ns between GEN_OLANES[2].dot8_inst/product2_reg/DSP_M_DATA_INST/CLK (clocked by clk) and GEN_OLANES[2].dot8_inst/sum1_1_reg/DSP_OUTPUT_INST/ALU_OUT[16] (clocked by clk). Large setup violations at the end of those stages might be difficult to fix during the post-placement implementation flow and could be the result of non-optimal XDC constraints or non-optimal design architecture
Related violations: <none>

TIMING-16#838 Warning
Large setup violation  
There is a large setup violation of -1.551 ns between GEN_OLANES[2].dot8_inst/product2_reg/DSP_M_DATA_INST/CLK (clocked by clk) and GEN_OLANES[2].dot8_inst/sum1_1_reg/DSP_OUTPUT_INST/ALU_OUT[17] (clocked by clk). Large setup violations at the end of those stages might be difficult to fix during the post-placement implementation flow and could be the result of non-optimal XDC constraints or non-optimal design architecture
Related violations: <none>

TIMING-16#839 Warning
Large setup violation  
There is a large setup violation of -1.551 ns between GEN_OLANES[2].dot8_inst/product2_reg/DSP_M_DATA_INST/CLK (clocked by clk) and GEN_OLANES[2].dot8_inst/sum1_1_reg/DSP_OUTPUT_INST/ALU_OUT[18] (clocked by clk). Large setup violations at the end of those stages might be difficult to fix during the post-placement implementation flow and could be the result of non-optimal XDC constraints or non-optimal design architecture
Related violations: <none>

TIMING-16#840 Warning
Large setup violation  
There is a large setup violation of -1.551 ns between GEN_OLANES[2].dot8_inst/product2_reg/DSP_M_DATA_INST/CLK (clocked by clk) and GEN_OLANES[2].dot8_inst/sum1_1_reg/DSP_OUTPUT_INST/ALU_OUT[19] (clocked by clk). Large setup violations at the end of those stages might be difficult to fix during the post-placement implementation flow and could be the result of non-optimal XDC constraints or non-optimal design architecture
Related violations: <none>

TIMING-16#841 Warning
Large setup violation  
There is a large setup violation of -1.551 ns between GEN_OLANES[2].dot8_inst/product2_reg/DSP_M_DATA_INST/CLK (clocked by clk) and GEN_OLANES[2].dot8_inst/sum1_1_reg/DSP_OUTPUT_INST/ALU_OUT[20] (clocked by clk). Large setup violations at the end of those stages might be difficult to fix during the post-placement implementation flow and could be the result of non-optimal XDC constraints or non-optimal design architecture
Related violations: <none>

TIMING-16#842 Warning
Large setup violation  
There is a large setup violation of -1.551 ns between GEN_OLANES[2].dot8_inst/product2_reg/DSP_M_DATA_INST/CLK (clocked by clk) and GEN_OLANES[2].dot8_inst/sum1_1_reg/DSP_OUTPUT_INST/ALU_OUT[21] (clocked by clk). Large setup violations at the end of those stages might be difficult to fix during the post-placement implementation flow and could be the result of non-optimal XDC constraints or non-optimal design architecture
Related violations: <none>

TIMING-16#843 Warning
Large setup violation  
There is a large setup violation of -1.551 ns between GEN_OLANES[2].dot8_inst/product2_reg/DSP_M_DATA_INST/CLK (clocked by clk) and GEN_OLANES[2].dot8_inst/sum1_1_reg/DSP_OUTPUT_INST/ALU_OUT[22] (clocked by clk). Large setup violations at the end of those stages might be difficult to fix during the post-placement implementation flow and could be the result of non-optimal XDC constraints or non-optimal design architecture
Related violations: <none>

TIMING-16#844 Warning
Large setup violation  
There is a large setup violation of -1.551 ns between GEN_OLANES[2].dot8_inst/product2_reg/DSP_M_DATA_INST/CLK (clocked by clk) and GEN_OLANES[2].dot8_inst/sum1_1_reg/DSP_OUTPUT_INST/ALU_OUT[23] (clocked by clk). Large setup violations at the end of those stages might be difficult to fix during the post-placement implementation flow and could be the result of non-optimal XDC constraints or non-optimal design architecture
Related violations: <none>

TIMING-16#845 Warning
Large setup violation  
There is a large setup violation of -1.551 ns between GEN_OLANES[2].dot8_inst/product2_reg/DSP_M_DATA_INST/CLK (clocked by clk) and GEN_OLANES[2].dot8_inst/sum1_1_reg/DSP_OUTPUT_INST/ALU_OUT[24] (clocked by clk). Large setup violations at the end of those stages might be difficult to fix during the post-placement implementation flow and could be the result of non-optimal XDC constraints or non-optimal design architecture
Related violations: <none>

TIMING-16#846 Warning
Large setup violation  
There is a large setup violation of -1.551 ns between GEN_OLANES[2].dot8_inst/product2_reg/DSP_M_DATA_INST/CLK (clocked by clk) and GEN_OLANES[2].dot8_inst/sum1_1_reg/DSP_OUTPUT_INST/ALU_OUT[25] (clocked by clk). Large setup violations at the end of those stages might be difficult to fix during the post-placement implementation flow and could be the result of non-optimal XDC constraints or non-optimal design architecture
Related violations: <none>

TIMING-16#847 Warning
Large setup violation  
There is a large setup violation of -1.551 ns between GEN_OLANES[2].dot8_inst/product2_reg/DSP_M_DATA_INST/CLK (clocked by clk) and GEN_OLANES[2].dot8_inst/sum1_1_reg/DSP_OUTPUT_INST/ALU_OUT[26] (clocked by clk). Large setup violations at the end of those stages might be difficult to fix during the post-placement implementation flow and could be the result of non-optimal XDC constraints or non-optimal design architecture
Related violations: <none>

TIMING-16#848 Warning
Large setup violation  
There is a large setup violation of -1.551 ns between GEN_OLANES[2].dot8_inst/product2_reg/DSP_M_DATA_INST/CLK (clocked by clk) and GEN_OLANES[2].dot8_inst/sum1_1_reg/DSP_OUTPUT_INST/ALU_OUT[27] (clocked by clk). Large setup violations at the end of those stages might be difficult to fix during the post-placement implementation flow and could be the result of non-optimal XDC constraints or non-optimal design architecture
Related violations: <none>

TIMING-16#849 Warning
Large setup violation  
There is a large setup violation of -1.551 ns between GEN_OLANES[2].dot8_inst/product2_reg/DSP_M_DATA_INST/CLK (clocked by clk) and GEN_OLANES[2].dot8_inst/sum1_1_reg/DSP_OUTPUT_INST/ALU_OUT[28] (clocked by clk). Large setup violations at the end of those stages might be difficult to fix during the post-placement implementation flow and could be the result of non-optimal XDC constraints or non-optimal design architecture
Related violations: <none>

TIMING-16#850 Warning
Large setup violation  
There is a large setup violation of -1.551 ns between GEN_OLANES[2].dot8_inst/product2_reg/DSP_M_DATA_INST/CLK (clocked by clk) and GEN_OLANES[2].dot8_inst/sum1_1_reg/DSP_OUTPUT_INST/ALU_OUT[29] (clocked by clk). Large setup violations at the end of those stages might be difficult to fix during the post-placement implementation flow and could be the result of non-optimal XDC constraints or non-optimal design architecture
Related violations: <none>

TIMING-16#851 Warning
Large setup violation  
There is a large setup violation of -1.551 ns between GEN_OLANES[2].dot8_inst/product2_reg/DSP_M_DATA_INST/CLK (clocked by clk) and GEN_OLANES[2].dot8_inst/sum1_1_reg/DSP_OUTPUT_INST/ALU_OUT[30] (clocked by clk). Large setup violations at the end of those stages might be difficult to fix during the post-placement implementation flow and could be the result of non-optimal XDC constraints or non-optimal design architecture
Related violations: <none>

TIMING-16#852 Warning
Large setup violation  
There is a large setup violation of -1.551 ns between GEN_OLANES[2].dot8_inst/product2_reg/DSP_M_DATA_INST/CLK (clocked by clk) and GEN_OLANES[2].dot8_inst/sum1_1_reg/DSP_OUTPUT_INST/ALU_OUT[31] (clocked by clk). Large setup violations at the end of those stages might be difficult to fix during the post-placement implementation flow and could be the result of non-optimal XDC constraints or non-optimal design architecture
Related violations: <none>

TIMING-16#853 Warning
Large setup violation  
There is a large setup violation of -1.551 ns between GEN_OLANES[2].dot8_inst/product2_reg/DSP_M_DATA_INST/CLK (clocked by clk) and GEN_OLANES[2].dot8_inst/sum1_1_reg/DSP_OUTPUT_INST/ALU_OUT[32] (clocked by clk). Large setup violations at the end of those stages might be difficult to fix during the post-placement implementation flow and could be the result of non-optimal XDC constraints or non-optimal design architecture
Related violations: <none>

TIMING-16#854 Warning
Large setup violation  
There is a large setup violation of -1.551 ns between GEN_OLANES[2].dot8_inst/product2_reg/DSP_M_DATA_INST/CLK (clocked by clk) and GEN_OLANES[2].dot8_inst/sum1_1_reg/DSP_OUTPUT_INST/ALU_OUT[33] (clocked by clk). Large setup violations at the end of those stages might be difficult to fix during the post-placement implementation flow and could be the result of non-optimal XDC constraints or non-optimal design architecture
Related violations: <none>

TIMING-16#855 Warning
Large setup violation  
There is a large setup violation of -1.551 ns between GEN_OLANES[2].dot8_inst/product2_reg/DSP_M_DATA_INST/CLK (clocked by clk) and GEN_OLANES[2].dot8_inst/sum1_1_reg/DSP_OUTPUT_INST/ALU_OUT[34] (clocked by clk). Large setup violations at the end of those stages might be difficult to fix during the post-placement implementation flow and could be the result of non-optimal XDC constraints or non-optimal design architecture
Related violations: <none>

TIMING-16#856 Warning
Large setup violation  
There is a large setup violation of -1.551 ns between GEN_OLANES[2].dot8_inst/product2_reg/DSP_M_DATA_INST/CLK (clocked by clk) and GEN_OLANES[2].dot8_inst/sum1_1_reg/DSP_OUTPUT_INST/ALU_OUT[35] (clocked by clk). Large setup violations at the end of those stages might be difficult to fix during the post-placement implementation flow and could be the result of non-optimal XDC constraints or non-optimal design architecture
Related violations: <none>

TIMING-16#857 Warning
Large setup violation  
There is a large setup violation of -1.551 ns between GEN_OLANES[2].dot8_inst/product2_reg/DSP_M_DATA_INST/CLK (clocked by clk) and GEN_OLANES[2].dot8_inst/sum1_1_reg/DSP_OUTPUT_INST/ALU_OUT[36] (clocked by clk). Large setup violations at the end of those stages might be difficult to fix during the post-placement implementation flow and could be the result of non-optimal XDC constraints or non-optimal design architecture
Related violations: <none>

TIMING-16#858 Warning
Large setup violation  
There is a large setup violation of -1.551 ns between GEN_OLANES[2].dot8_inst/product2_reg/DSP_M_DATA_INST/CLK (clocked by clk) and GEN_OLANES[2].dot8_inst/sum1_1_reg/DSP_OUTPUT_INST/ALU_OUT[37] (clocked by clk). Large setup violations at the end of those stages might be difficult to fix during the post-placement implementation flow and could be the result of non-optimal XDC constraints or non-optimal design architecture
Related violations: <none>

TIMING-16#859 Warning
Large setup violation  
There is a large setup violation of -1.551 ns between GEN_OLANES[2].dot8_inst/product2_reg/DSP_M_DATA_INST/CLK (clocked by clk) and GEN_OLANES[2].dot8_inst/sum1_1_reg/DSP_OUTPUT_INST/ALU_OUT[38] (clocked by clk). Large setup violations at the end of those stages might be difficult to fix during the post-placement implementation flow and could be the result of non-optimal XDC constraints or non-optimal design architecture
Related violations: <none>

TIMING-16#860 Warning
Large setup violation  
There is a large setup violation of -1.551 ns between GEN_OLANES[2].dot8_inst/product2_reg/DSP_M_DATA_INST/CLK (clocked by clk) and GEN_OLANES[2].dot8_inst/sum1_1_reg/DSP_OUTPUT_INST/ALU_OUT[39] (clocked by clk). Large setup violations at the end of those stages might be difficult to fix during the post-placement implementation flow and could be the result of non-optimal XDC constraints or non-optimal design architecture
Related violations: <none>

TIMING-16#861 Warning
Large setup violation  
There is a large setup violation of -1.551 ns between GEN_OLANES[2].dot8_inst/product2_reg/DSP_M_DATA_INST/CLK (clocked by clk) and GEN_OLANES[2].dot8_inst/sum1_1_reg/DSP_OUTPUT_INST/ALU_OUT[40] (clocked by clk). Large setup violations at the end of those stages might be difficult to fix during the post-placement implementation flow and could be the result of non-optimal XDC constraints or non-optimal design architecture
Related violations: <none>

TIMING-16#862 Warning
Large setup violation  
There is a large setup violation of -1.551 ns between GEN_OLANES[2].dot8_inst/product2_reg/DSP_M_DATA_INST/CLK (clocked by clk) and GEN_OLANES[2].dot8_inst/sum1_1_reg/DSP_OUTPUT_INST/ALU_OUT[41] (clocked by clk). Large setup violations at the end of those stages might be difficult to fix during the post-placement implementation flow and could be the result of non-optimal XDC constraints or non-optimal design architecture
Related violations: <none>

TIMING-16#863 Warning
Large setup violation  
There is a large setup violation of -1.551 ns between GEN_OLANES[2].dot8_inst/product2_reg/DSP_M_DATA_INST/CLK (clocked by clk) and GEN_OLANES[2].dot8_inst/sum1_1_reg/DSP_OUTPUT_INST/ALU_OUT[42] (clocked by clk). Large setup violations at the end of those stages might be difficult to fix during the post-placement implementation flow and could be the result of non-optimal XDC constraints or non-optimal design architecture
Related violations: <none>

TIMING-16#864 Warning
Large setup violation  
There is a large setup violation of -1.551 ns between GEN_OLANES[2].dot8_inst/product2_reg/DSP_M_DATA_INST/CLK (clocked by clk) and GEN_OLANES[2].dot8_inst/sum1_1_reg/DSP_OUTPUT_INST/ALU_OUT[43] (clocked by clk). Large setup violations at the end of those stages might be difficult to fix during the post-placement implementation flow and could be the result of non-optimal XDC constraints or non-optimal design architecture
Related violations: <none>

TIMING-16#865 Warning
Large setup violation  
There is a large setup violation of -1.551 ns between GEN_OLANES[2].dot8_inst/product2_reg/DSP_M_DATA_INST/CLK (clocked by clk) and GEN_OLANES[2].dot8_inst/sum1_1_reg/DSP_OUTPUT_INST/ALU_OUT[44] (clocked by clk). Large setup violations at the end of those stages might be difficult to fix during the post-placement implementation flow and could be the result of non-optimal XDC constraints or non-optimal design architecture
Related violations: <none>

TIMING-16#866 Warning
Large setup violation  
There is a large setup violation of -1.551 ns between GEN_OLANES[2].dot8_inst/product2_reg/DSP_M_DATA_INST/CLK (clocked by clk) and GEN_OLANES[2].dot8_inst/sum1_1_reg/DSP_OUTPUT_INST/ALU_OUT[45] (clocked by clk). Large setup violations at the end of those stages might be difficult to fix during the post-placement implementation flow and could be the result of non-optimal XDC constraints or non-optimal design architecture
Related violations: <none>

TIMING-16#867 Warning
Large setup violation  
There is a large setup violation of -1.551 ns between GEN_OLANES[2].dot8_inst/product2_reg/DSP_M_DATA_INST/CLK (clocked by clk) and GEN_OLANES[2].dot8_inst/sum1_1_reg/DSP_OUTPUT_INST/ALU_OUT[46] (clocked by clk). Large setup violations at the end of those stages might be difficult to fix during the post-placement implementation flow and could be the result of non-optimal XDC constraints or non-optimal design architecture
Related violations: <none>

TIMING-16#868 Warning
Large setup violation  
There is a large setup violation of -1.551 ns between GEN_OLANES[2].dot8_inst/product2_reg/DSP_M_DATA_INST/CLK (clocked by clk) and GEN_OLANES[2].dot8_inst/sum1_1_reg/DSP_OUTPUT_INST/ALU_OUT[47] (clocked by clk). Large setup violations at the end of those stages might be difficult to fix during the post-placement implementation flow and could be the result of non-optimal XDC constraints or non-optimal design architecture
Related violations: <none>

TIMING-16#869 Warning
Large setup violation  
There is a large setup violation of -1.551 ns between GEN_OLANES[2].dot8_inst/product4_reg/DSP_M_DATA_INST/CLK (clocked by clk) and GEN_OLANES[2].dot8_inst/sum1_2_reg/DSP_OUTPUT_INST/ALU_OUT[16] (clocked by clk). Large setup violations at the end of those stages might be difficult to fix during the post-placement implementation flow and could be the result of non-optimal XDC constraints or non-optimal design architecture
Related violations: <none>

TIMING-16#870 Warning
Large setup violation  
There is a large setup violation of -1.551 ns between GEN_OLANES[2].dot8_inst/product4_reg/DSP_M_DATA_INST/CLK (clocked by clk) and GEN_OLANES[2].dot8_inst/sum1_2_reg/DSP_OUTPUT_INST/ALU_OUT[17] (clocked by clk). Large setup violations at the end of those stages might be difficult to fix during the post-placement implementation flow and could be the result of non-optimal XDC constraints or non-optimal design architecture
Related violations: <none>

TIMING-16#871 Warning
Large setup violation  
There is a large setup violation of -1.551 ns between GEN_OLANES[2].dot8_inst/product4_reg/DSP_M_DATA_INST/CLK (clocked by clk) and GEN_OLANES[2].dot8_inst/sum1_2_reg/DSP_OUTPUT_INST/ALU_OUT[18] (clocked by clk). Large setup violations at the end of those stages might be difficult to fix during the post-placement implementation flow and could be the result of non-optimal XDC constraints or non-optimal design architecture
Related violations: <none>

TIMING-16#872 Warning
Large setup violation  
There is a large setup violation of -1.551 ns between GEN_OLANES[2].dot8_inst/product4_reg/DSP_M_DATA_INST/CLK (clocked by clk) and GEN_OLANES[2].dot8_inst/sum1_2_reg/DSP_OUTPUT_INST/ALU_OUT[19] (clocked by clk). Large setup violations at the end of those stages might be difficult to fix during the post-placement implementation flow and could be the result of non-optimal XDC constraints or non-optimal design architecture
Related violations: <none>

TIMING-16#873 Warning
Large setup violation  
There is a large setup violation of -1.551 ns between GEN_OLANES[2].dot8_inst/product4_reg/DSP_M_DATA_INST/CLK (clocked by clk) and GEN_OLANES[2].dot8_inst/sum1_2_reg/DSP_OUTPUT_INST/ALU_OUT[20] (clocked by clk). Large setup violations at the end of those stages might be difficult to fix during the post-placement implementation flow and could be the result of non-optimal XDC constraints or non-optimal design architecture
Related violations: <none>

TIMING-16#874 Warning
Large setup violation  
There is a large setup violation of -1.551 ns between GEN_OLANES[2].dot8_inst/product4_reg/DSP_M_DATA_INST/CLK (clocked by clk) and GEN_OLANES[2].dot8_inst/sum1_2_reg/DSP_OUTPUT_INST/ALU_OUT[21] (clocked by clk). Large setup violations at the end of those stages might be difficult to fix during the post-placement implementation flow and could be the result of non-optimal XDC constraints or non-optimal design architecture
Related violations: <none>

TIMING-16#875 Warning
Large setup violation  
There is a large setup violation of -1.551 ns between GEN_OLANES[2].dot8_inst/product4_reg/DSP_M_DATA_INST/CLK (clocked by clk) and GEN_OLANES[2].dot8_inst/sum1_2_reg/DSP_OUTPUT_INST/ALU_OUT[22] (clocked by clk). Large setup violations at the end of those stages might be difficult to fix during the post-placement implementation flow and could be the result of non-optimal XDC constraints or non-optimal design architecture
Related violations: <none>

TIMING-16#876 Warning
Large setup violation  
There is a large setup violation of -1.551 ns between GEN_OLANES[2].dot8_inst/product4_reg/DSP_M_DATA_INST/CLK (clocked by clk) and GEN_OLANES[2].dot8_inst/sum1_2_reg/DSP_OUTPUT_INST/ALU_OUT[23] (clocked by clk). Large setup violations at the end of those stages might be difficult to fix during the post-placement implementation flow and could be the result of non-optimal XDC constraints or non-optimal design architecture
Related violations: <none>

TIMING-16#877 Warning
Large setup violation  
There is a large setup violation of -1.551 ns between GEN_OLANES[2].dot8_inst/product4_reg/DSP_M_DATA_INST/CLK (clocked by clk) and GEN_OLANES[2].dot8_inst/sum1_2_reg/DSP_OUTPUT_INST/ALU_OUT[24] (clocked by clk). Large setup violations at the end of those stages might be difficult to fix during the post-placement implementation flow and could be the result of non-optimal XDC constraints or non-optimal design architecture
Related violations: <none>

TIMING-16#878 Warning
Large setup violation  
There is a large setup violation of -1.551 ns between GEN_OLANES[2].dot8_inst/product4_reg/DSP_M_DATA_INST/CLK (clocked by clk) and GEN_OLANES[2].dot8_inst/sum1_2_reg/DSP_OUTPUT_INST/ALU_OUT[25] (clocked by clk). Large setup violations at the end of those stages might be difficult to fix during the post-placement implementation flow and could be the result of non-optimal XDC constraints or non-optimal design architecture
Related violations: <none>

TIMING-16#879 Warning
Large setup violation  
There is a large setup violation of -1.551 ns between GEN_OLANES[2].dot8_inst/product4_reg/DSP_M_DATA_INST/CLK (clocked by clk) and GEN_OLANES[2].dot8_inst/sum1_2_reg/DSP_OUTPUT_INST/ALU_OUT[26] (clocked by clk). Large setup violations at the end of those stages might be difficult to fix during the post-placement implementation flow and could be the result of non-optimal XDC constraints or non-optimal design architecture
Related violations: <none>

TIMING-16#880 Warning
Large setup violation  
There is a large setup violation of -1.551 ns between GEN_OLANES[2].dot8_inst/product4_reg/DSP_M_DATA_INST/CLK (clocked by clk) and GEN_OLANES[2].dot8_inst/sum1_2_reg/DSP_OUTPUT_INST/ALU_OUT[27] (clocked by clk). Large setup violations at the end of those stages might be difficult to fix during the post-placement implementation flow and could be the result of non-optimal XDC constraints or non-optimal design architecture
Related violations: <none>

TIMING-16#881 Warning
Large setup violation  
There is a large setup violation of -1.551 ns between GEN_OLANES[2].dot8_inst/product4_reg/DSP_M_DATA_INST/CLK (clocked by clk) and GEN_OLANES[2].dot8_inst/sum1_2_reg/DSP_OUTPUT_INST/ALU_OUT[28] (clocked by clk). Large setup violations at the end of those stages might be difficult to fix during the post-placement implementation flow and could be the result of non-optimal XDC constraints or non-optimal design architecture
Related violations: <none>

TIMING-16#882 Warning
Large setup violation  
There is a large setup violation of -1.551 ns between GEN_OLANES[2].dot8_inst/product4_reg/DSP_M_DATA_INST/CLK (clocked by clk) and GEN_OLANES[2].dot8_inst/sum1_2_reg/DSP_OUTPUT_INST/ALU_OUT[29] (clocked by clk). Large setup violations at the end of those stages might be difficult to fix during the post-placement implementation flow and could be the result of non-optimal XDC constraints or non-optimal design architecture
Related violations: <none>

TIMING-16#883 Warning
Large setup violation  
There is a large setup violation of -1.551 ns between GEN_OLANES[2].dot8_inst/product4_reg/DSP_M_DATA_INST/CLK (clocked by clk) and GEN_OLANES[2].dot8_inst/sum1_2_reg/DSP_OUTPUT_INST/ALU_OUT[30] (clocked by clk). Large setup violations at the end of those stages might be difficult to fix during the post-placement implementation flow and could be the result of non-optimal XDC constraints or non-optimal design architecture
Related violations: <none>

TIMING-16#884 Warning
Large setup violation  
There is a large setup violation of -1.551 ns between GEN_OLANES[2].dot8_inst/product4_reg/DSP_M_DATA_INST/CLK (clocked by clk) and GEN_OLANES[2].dot8_inst/sum1_2_reg/DSP_OUTPUT_INST/ALU_OUT[31] (clocked by clk). Large setup violations at the end of those stages might be difficult to fix during the post-placement implementation flow and could be the result of non-optimal XDC constraints or non-optimal design architecture
Related violations: <none>

TIMING-16#885 Warning
Large setup violation  
There is a large setup violation of -1.551 ns between GEN_OLANES[2].dot8_inst/product4_reg/DSP_M_DATA_INST/CLK (clocked by clk) and GEN_OLANES[2].dot8_inst/sum1_2_reg/DSP_OUTPUT_INST/ALU_OUT[32] (clocked by clk). Large setup violations at the end of those stages might be difficult to fix during the post-placement implementation flow and could be the result of non-optimal XDC constraints or non-optimal design architecture
Related violations: <none>

TIMING-16#886 Warning
Large setup violation  
There is a large setup violation of -1.551 ns between GEN_OLANES[2].dot8_inst/product4_reg/DSP_M_DATA_INST/CLK (clocked by clk) and GEN_OLANES[2].dot8_inst/sum1_2_reg/DSP_OUTPUT_INST/ALU_OUT[33] (clocked by clk). Large setup violations at the end of those stages might be difficult to fix during the post-placement implementation flow and could be the result of non-optimal XDC constraints or non-optimal design architecture
Related violations: <none>

TIMING-16#887 Warning
Large setup violation  
There is a large setup violation of -1.551 ns between GEN_OLANES[2].dot8_inst/product4_reg/DSP_M_DATA_INST/CLK (clocked by clk) and GEN_OLANES[2].dot8_inst/sum1_2_reg/DSP_OUTPUT_INST/ALU_OUT[34] (clocked by clk). Large setup violations at the end of those stages might be difficult to fix during the post-placement implementation flow and could be the result of non-optimal XDC constraints or non-optimal design architecture
Related violations: <none>

TIMING-16#888 Warning
Large setup violation  
There is a large setup violation of -1.551 ns between GEN_OLANES[2].dot8_inst/product4_reg/DSP_M_DATA_INST/CLK (clocked by clk) and GEN_OLANES[2].dot8_inst/sum1_2_reg/DSP_OUTPUT_INST/ALU_OUT[35] (clocked by clk). Large setup violations at the end of those stages might be difficult to fix during the post-placement implementation flow and could be the result of non-optimal XDC constraints or non-optimal design architecture
Related violations: <none>

TIMING-16#889 Warning
Large setup violation  
There is a large setup violation of -1.551 ns between GEN_OLANES[2].dot8_inst/product4_reg/DSP_M_DATA_INST/CLK (clocked by clk) and GEN_OLANES[2].dot8_inst/sum1_2_reg/DSP_OUTPUT_INST/ALU_OUT[36] (clocked by clk). Large setup violations at the end of those stages might be difficult to fix during the post-placement implementation flow and could be the result of non-optimal XDC constraints or non-optimal design architecture
Related violations: <none>

TIMING-16#890 Warning
Large setup violation  
There is a large setup violation of -1.551 ns between GEN_OLANES[2].dot8_inst/product4_reg/DSP_M_DATA_INST/CLK (clocked by clk) and GEN_OLANES[2].dot8_inst/sum1_2_reg/DSP_OUTPUT_INST/ALU_OUT[37] (clocked by clk). Large setup violations at the end of those stages might be difficult to fix during the post-placement implementation flow and could be the result of non-optimal XDC constraints or non-optimal design architecture
Related violations: <none>

TIMING-16#891 Warning
Large setup violation  
There is a large setup violation of -1.551 ns between GEN_OLANES[2].dot8_inst/product4_reg/DSP_M_DATA_INST/CLK (clocked by clk) and GEN_OLANES[2].dot8_inst/sum1_2_reg/DSP_OUTPUT_INST/ALU_OUT[38] (clocked by clk). Large setup violations at the end of those stages might be difficult to fix during the post-placement implementation flow and could be the result of non-optimal XDC constraints or non-optimal design architecture
Related violations: <none>

TIMING-16#892 Warning
Large setup violation  
There is a large setup violation of -1.551 ns between GEN_OLANES[2].dot8_inst/product4_reg/DSP_M_DATA_INST/CLK (clocked by clk) and GEN_OLANES[2].dot8_inst/sum1_2_reg/DSP_OUTPUT_INST/ALU_OUT[39] (clocked by clk). Large setup violations at the end of those stages might be difficult to fix during the post-placement implementation flow and could be the result of non-optimal XDC constraints or non-optimal design architecture
Related violations: <none>

TIMING-16#893 Warning
Large setup violation  
There is a large setup violation of -1.551 ns between GEN_OLANES[2].dot8_inst/product4_reg/DSP_M_DATA_INST/CLK (clocked by clk) and GEN_OLANES[2].dot8_inst/sum1_2_reg/DSP_OUTPUT_INST/ALU_OUT[40] (clocked by clk). Large setup violations at the end of those stages might be difficult to fix during the post-placement implementation flow and could be the result of non-optimal XDC constraints or non-optimal design architecture
Related violations: <none>

TIMING-16#894 Warning
Large setup violation  
There is a large setup violation of -1.551 ns between GEN_OLANES[2].dot8_inst/product4_reg/DSP_M_DATA_INST/CLK (clocked by clk) and GEN_OLANES[2].dot8_inst/sum1_2_reg/DSP_OUTPUT_INST/ALU_OUT[41] (clocked by clk). Large setup violations at the end of those stages might be difficult to fix during the post-placement implementation flow and could be the result of non-optimal XDC constraints or non-optimal design architecture
Related violations: <none>

TIMING-16#895 Warning
Large setup violation  
There is a large setup violation of -1.551 ns between GEN_OLANES[2].dot8_inst/product4_reg/DSP_M_DATA_INST/CLK (clocked by clk) and GEN_OLANES[2].dot8_inst/sum1_2_reg/DSP_OUTPUT_INST/ALU_OUT[42] (clocked by clk). Large setup violations at the end of those stages might be difficult to fix during the post-placement implementation flow and could be the result of non-optimal XDC constraints or non-optimal design architecture
Related violations: <none>

TIMING-16#896 Warning
Large setup violation  
There is a large setup violation of -1.551 ns between GEN_OLANES[2].dot8_inst/product4_reg/DSP_M_DATA_INST/CLK (clocked by clk) and GEN_OLANES[2].dot8_inst/sum1_2_reg/DSP_OUTPUT_INST/ALU_OUT[43] (clocked by clk). Large setup violations at the end of those stages might be difficult to fix during the post-placement implementation flow and could be the result of non-optimal XDC constraints or non-optimal design architecture
Related violations: <none>

TIMING-16#897 Warning
Large setup violation  
There is a large setup violation of -1.551 ns between GEN_OLANES[2].dot8_inst/product4_reg/DSP_M_DATA_INST/CLK (clocked by clk) and GEN_OLANES[2].dot8_inst/sum1_2_reg/DSP_OUTPUT_INST/ALU_OUT[44] (clocked by clk). Large setup violations at the end of those stages might be difficult to fix during the post-placement implementation flow and could be the result of non-optimal XDC constraints or non-optimal design architecture
Related violations: <none>

TIMING-16#898 Warning
Large setup violation  
There is a large setup violation of -1.551 ns between GEN_OLANES[2].dot8_inst/product4_reg/DSP_M_DATA_INST/CLK (clocked by clk) and GEN_OLANES[2].dot8_inst/sum1_2_reg/DSP_OUTPUT_INST/ALU_OUT[45] (clocked by clk). Large setup violations at the end of those stages might be difficult to fix during the post-placement implementation flow and could be the result of non-optimal XDC constraints or non-optimal design architecture
Related violations: <none>

TIMING-16#899 Warning
Large setup violation  
There is a large setup violation of -1.551 ns between GEN_OLANES[2].dot8_inst/product4_reg/DSP_M_DATA_INST/CLK (clocked by clk) and GEN_OLANES[2].dot8_inst/sum1_2_reg/DSP_OUTPUT_INST/ALU_OUT[46] (clocked by clk). Large setup violations at the end of those stages might be difficult to fix during the post-placement implementation flow and could be the result of non-optimal XDC constraints or non-optimal design architecture
Related violations: <none>

TIMING-16#900 Warning
Large setup violation  
There is a large setup violation of -1.551 ns between GEN_OLANES[2].dot8_inst/product4_reg/DSP_M_DATA_INST/CLK (clocked by clk) and GEN_OLANES[2].dot8_inst/sum1_2_reg/DSP_OUTPUT_INST/ALU_OUT[47] (clocked by clk). Large setup violations at the end of those stages might be difficult to fix during the post-placement implementation flow and could be the result of non-optimal XDC constraints or non-optimal design architecture
Related violations: <none>

TIMING-16#901 Warning
Large setup violation  
There is a large setup violation of -1.551 ns between GEN_OLANES[2].dot8_inst/product6_reg/DSP_M_DATA_INST/CLK (clocked by clk) and GEN_OLANES[2].dot8_inst/sum1_3_reg/DSP_OUTPUT_INST/ALU_OUT[16] (clocked by clk). Large setup violations at the end of those stages might be difficult to fix during the post-placement implementation flow and could be the result of non-optimal XDC constraints or non-optimal design architecture
Related violations: <none>

TIMING-16#902 Warning
Large setup violation  
There is a large setup violation of -1.551 ns between GEN_OLANES[2].dot8_inst/product6_reg/DSP_M_DATA_INST/CLK (clocked by clk) and GEN_OLANES[2].dot8_inst/sum1_3_reg/DSP_OUTPUT_INST/ALU_OUT[17] (clocked by clk). Large setup violations at the end of those stages might be difficult to fix during the post-placement implementation flow and could be the result of non-optimal XDC constraints or non-optimal design architecture
Related violations: <none>

TIMING-16#903 Warning
Large setup violation  
There is a large setup violation of -1.551 ns between GEN_OLANES[2].dot8_inst/product6_reg/DSP_M_DATA_INST/CLK (clocked by clk) and GEN_OLANES[2].dot8_inst/sum1_3_reg/DSP_OUTPUT_INST/ALU_OUT[18] (clocked by clk). Large setup violations at the end of those stages might be difficult to fix during the post-placement implementation flow and could be the result of non-optimal XDC constraints or non-optimal design architecture
Related violations: <none>

TIMING-16#904 Warning
Large setup violation  
There is a large setup violation of -1.551 ns between GEN_OLANES[2].dot8_inst/product6_reg/DSP_M_DATA_INST/CLK (clocked by clk) and GEN_OLANES[2].dot8_inst/sum1_3_reg/DSP_OUTPUT_INST/ALU_OUT[19] (clocked by clk). Large setup violations at the end of those stages might be difficult to fix during the post-placement implementation flow and could be the result of non-optimal XDC constraints or non-optimal design architecture
Related violations: <none>

TIMING-16#905 Warning
Large setup violation  
There is a large setup violation of -1.551 ns between GEN_OLANES[2].dot8_inst/product6_reg/DSP_M_DATA_INST/CLK (clocked by clk) and GEN_OLANES[2].dot8_inst/sum1_3_reg/DSP_OUTPUT_INST/ALU_OUT[20] (clocked by clk). Large setup violations at the end of those stages might be difficult to fix during the post-placement implementation flow and could be the result of non-optimal XDC constraints or non-optimal design architecture
Related violations: <none>

TIMING-16#906 Warning
Large setup violation  
There is a large setup violation of -1.551 ns between GEN_OLANES[2].dot8_inst/product6_reg/DSP_M_DATA_INST/CLK (clocked by clk) and GEN_OLANES[2].dot8_inst/sum1_3_reg/DSP_OUTPUT_INST/ALU_OUT[21] (clocked by clk). Large setup violations at the end of those stages might be difficult to fix during the post-placement implementation flow and could be the result of non-optimal XDC constraints or non-optimal design architecture
Related violations: <none>

TIMING-16#907 Warning
Large setup violation  
There is a large setup violation of -1.551 ns between GEN_OLANES[2].dot8_inst/product6_reg/DSP_M_DATA_INST/CLK (clocked by clk) and GEN_OLANES[2].dot8_inst/sum1_3_reg/DSP_OUTPUT_INST/ALU_OUT[22] (clocked by clk). Large setup violations at the end of those stages might be difficult to fix during the post-placement implementation flow and could be the result of non-optimal XDC constraints or non-optimal design architecture
Related violations: <none>

TIMING-16#908 Warning
Large setup violation  
There is a large setup violation of -1.551 ns between GEN_OLANES[2].dot8_inst/product6_reg/DSP_M_DATA_INST/CLK (clocked by clk) and GEN_OLANES[2].dot8_inst/sum1_3_reg/DSP_OUTPUT_INST/ALU_OUT[23] (clocked by clk). Large setup violations at the end of those stages might be difficult to fix during the post-placement implementation flow and could be the result of non-optimal XDC constraints or non-optimal design architecture
Related violations: <none>

TIMING-16#909 Warning
Large setup violation  
There is a large setup violation of -1.551 ns between GEN_OLANES[2].dot8_inst/product6_reg/DSP_M_DATA_INST/CLK (clocked by clk) and GEN_OLANES[2].dot8_inst/sum1_3_reg/DSP_OUTPUT_INST/ALU_OUT[24] (clocked by clk). Large setup violations at the end of those stages might be difficult to fix during the post-placement implementation flow and could be the result of non-optimal XDC constraints or non-optimal design architecture
Related violations: <none>

TIMING-16#910 Warning
Large setup violation  
There is a large setup violation of -1.551 ns between GEN_OLANES[2].dot8_inst/product6_reg/DSP_M_DATA_INST/CLK (clocked by clk) and GEN_OLANES[2].dot8_inst/sum1_3_reg/DSP_OUTPUT_INST/ALU_OUT[25] (clocked by clk). Large setup violations at the end of those stages might be difficult to fix during the post-placement implementation flow and could be the result of non-optimal XDC constraints or non-optimal design architecture
Related violations: <none>

TIMING-16#911 Warning
Large setup violation  
There is a large setup violation of -1.551 ns between GEN_OLANES[2].dot8_inst/product6_reg/DSP_M_DATA_INST/CLK (clocked by clk) and GEN_OLANES[2].dot8_inst/sum1_3_reg/DSP_OUTPUT_INST/ALU_OUT[26] (clocked by clk). Large setup violations at the end of those stages might be difficult to fix during the post-placement implementation flow and could be the result of non-optimal XDC constraints or non-optimal design architecture
Related violations: <none>

TIMING-16#912 Warning
Large setup violation  
There is a large setup violation of -1.551 ns between GEN_OLANES[2].dot8_inst/product6_reg/DSP_M_DATA_INST/CLK (clocked by clk) and GEN_OLANES[2].dot8_inst/sum1_3_reg/DSP_OUTPUT_INST/ALU_OUT[27] (clocked by clk). Large setup violations at the end of those stages might be difficult to fix during the post-placement implementation flow and could be the result of non-optimal XDC constraints or non-optimal design architecture
Related violations: <none>

TIMING-16#913 Warning
Large setup violation  
There is a large setup violation of -1.551 ns between GEN_OLANES[2].dot8_inst/product6_reg/DSP_M_DATA_INST/CLK (clocked by clk) and GEN_OLANES[2].dot8_inst/sum1_3_reg/DSP_OUTPUT_INST/ALU_OUT[28] (clocked by clk). Large setup violations at the end of those stages might be difficult to fix during the post-placement implementation flow and could be the result of non-optimal XDC constraints or non-optimal design architecture
Related violations: <none>

TIMING-16#914 Warning
Large setup violation  
There is a large setup violation of -1.551 ns between GEN_OLANES[2].dot8_inst/product6_reg/DSP_M_DATA_INST/CLK (clocked by clk) and GEN_OLANES[2].dot8_inst/sum1_3_reg/DSP_OUTPUT_INST/ALU_OUT[29] (clocked by clk). Large setup violations at the end of those stages might be difficult to fix during the post-placement implementation flow and could be the result of non-optimal XDC constraints or non-optimal design architecture
Related violations: <none>

TIMING-16#915 Warning
Large setup violation  
There is a large setup violation of -1.551 ns between GEN_OLANES[2].dot8_inst/product6_reg/DSP_M_DATA_INST/CLK (clocked by clk) and GEN_OLANES[2].dot8_inst/sum1_3_reg/DSP_OUTPUT_INST/ALU_OUT[30] (clocked by clk). Large setup violations at the end of those stages might be difficult to fix during the post-placement implementation flow and could be the result of non-optimal XDC constraints or non-optimal design architecture
Related violations: <none>

TIMING-16#916 Warning
Large setup violation  
There is a large setup violation of -1.551 ns between GEN_OLANES[2].dot8_inst/product6_reg/DSP_M_DATA_INST/CLK (clocked by clk) and GEN_OLANES[2].dot8_inst/sum1_3_reg/DSP_OUTPUT_INST/ALU_OUT[31] (clocked by clk). Large setup violations at the end of those stages might be difficult to fix during the post-placement implementation flow and could be the result of non-optimal XDC constraints or non-optimal design architecture
Related violations: <none>

TIMING-16#917 Warning
Large setup violation  
There is a large setup violation of -1.551 ns between GEN_OLANES[2].dot8_inst/product6_reg/DSP_M_DATA_INST/CLK (clocked by clk) and GEN_OLANES[2].dot8_inst/sum1_3_reg/DSP_OUTPUT_INST/ALU_OUT[32] (clocked by clk). Large setup violations at the end of those stages might be difficult to fix during the post-placement implementation flow and could be the result of non-optimal XDC constraints or non-optimal design architecture
Related violations: <none>

TIMING-16#918 Warning
Large setup violation  
There is a large setup violation of -1.551 ns between GEN_OLANES[2].dot8_inst/product6_reg/DSP_M_DATA_INST/CLK (clocked by clk) and GEN_OLANES[2].dot8_inst/sum1_3_reg/DSP_OUTPUT_INST/ALU_OUT[33] (clocked by clk). Large setup violations at the end of those stages might be difficult to fix during the post-placement implementation flow and could be the result of non-optimal XDC constraints or non-optimal design architecture
Related violations: <none>

TIMING-16#919 Warning
Large setup violation  
There is a large setup violation of -1.551 ns between GEN_OLANES[2].dot8_inst/product6_reg/DSP_M_DATA_INST/CLK (clocked by clk) and GEN_OLANES[2].dot8_inst/sum1_3_reg/DSP_OUTPUT_INST/ALU_OUT[34] (clocked by clk). Large setup violations at the end of those stages might be difficult to fix during the post-placement implementation flow and could be the result of non-optimal XDC constraints or non-optimal design architecture
Related violations: <none>

TIMING-16#920 Warning
Large setup violation  
There is a large setup violation of -1.551 ns between GEN_OLANES[2].dot8_inst/product6_reg/DSP_M_DATA_INST/CLK (clocked by clk) and GEN_OLANES[2].dot8_inst/sum1_3_reg/DSP_OUTPUT_INST/ALU_OUT[35] (clocked by clk). Large setup violations at the end of those stages might be difficult to fix during the post-placement implementation flow and could be the result of non-optimal XDC constraints or non-optimal design architecture
Related violations: <none>

TIMING-16#921 Warning
Large setup violation  
There is a large setup violation of -1.551 ns between GEN_OLANES[2].dot8_inst/product6_reg/DSP_M_DATA_INST/CLK (clocked by clk) and GEN_OLANES[2].dot8_inst/sum1_3_reg/DSP_OUTPUT_INST/ALU_OUT[36] (clocked by clk). Large setup violations at the end of those stages might be difficult to fix during the post-placement implementation flow and could be the result of non-optimal XDC constraints or non-optimal design architecture
Related violations: <none>

TIMING-16#922 Warning
Large setup violation  
There is a large setup violation of -1.551 ns between GEN_OLANES[2].dot8_inst/product6_reg/DSP_M_DATA_INST/CLK (clocked by clk) and GEN_OLANES[2].dot8_inst/sum1_3_reg/DSP_OUTPUT_INST/ALU_OUT[37] (clocked by clk). Large setup violations at the end of those stages might be difficult to fix during the post-placement implementation flow and could be the result of non-optimal XDC constraints or non-optimal design architecture
Related violations: <none>

TIMING-16#923 Warning
Large setup violation  
There is a large setup violation of -1.551 ns between GEN_OLANES[2].dot8_inst/product6_reg/DSP_M_DATA_INST/CLK (clocked by clk) and GEN_OLANES[2].dot8_inst/sum1_3_reg/DSP_OUTPUT_INST/ALU_OUT[38] (clocked by clk). Large setup violations at the end of those stages might be difficult to fix during the post-placement implementation flow and could be the result of non-optimal XDC constraints or non-optimal design architecture
Related violations: <none>

TIMING-16#924 Warning
Large setup violation  
There is a large setup violation of -1.551 ns between GEN_OLANES[2].dot8_inst/product6_reg/DSP_M_DATA_INST/CLK (clocked by clk) and GEN_OLANES[2].dot8_inst/sum1_3_reg/DSP_OUTPUT_INST/ALU_OUT[39] (clocked by clk). Large setup violations at the end of those stages might be difficult to fix during the post-placement implementation flow and could be the result of non-optimal XDC constraints or non-optimal design architecture
Related violations: <none>

TIMING-16#925 Warning
Large setup violation  
There is a large setup violation of -1.551 ns between GEN_OLANES[2].dot8_inst/product6_reg/DSP_M_DATA_INST/CLK (clocked by clk) and GEN_OLANES[2].dot8_inst/sum1_3_reg/DSP_OUTPUT_INST/ALU_OUT[40] (clocked by clk). Large setup violations at the end of those stages might be difficult to fix during the post-placement implementation flow and could be the result of non-optimal XDC constraints or non-optimal design architecture
Related violations: <none>

TIMING-16#926 Warning
Large setup violation  
There is a large setup violation of -1.551 ns between GEN_OLANES[2].dot8_inst/product6_reg/DSP_M_DATA_INST/CLK (clocked by clk) and GEN_OLANES[2].dot8_inst/sum1_3_reg/DSP_OUTPUT_INST/ALU_OUT[41] (clocked by clk). Large setup violations at the end of those stages might be difficult to fix during the post-placement implementation flow and could be the result of non-optimal XDC constraints or non-optimal design architecture
Related violations: <none>

TIMING-16#927 Warning
Large setup violation  
There is a large setup violation of -1.551 ns between GEN_OLANES[2].dot8_inst/product6_reg/DSP_M_DATA_INST/CLK (clocked by clk) and GEN_OLANES[2].dot8_inst/sum1_3_reg/DSP_OUTPUT_INST/ALU_OUT[42] (clocked by clk). Large setup violations at the end of those stages might be difficult to fix during the post-placement implementation flow and could be the result of non-optimal XDC constraints or non-optimal design architecture
Related violations: <none>

TIMING-16#928 Warning
Large setup violation  
There is a large setup violation of -1.551 ns between GEN_OLANES[2].dot8_inst/product6_reg/DSP_M_DATA_INST/CLK (clocked by clk) and GEN_OLANES[2].dot8_inst/sum1_3_reg/DSP_OUTPUT_INST/ALU_OUT[43] (clocked by clk). Large setup violations at the end of those stages might be difficult to fix during the post-placement implementation flow and could be the result of non-optimal XDC constraints or non-optimal design architecture
Related violations: <none>

TIMING-16#929 Warning
Large setup violation  
There is a large setup violation of -1.551 ns between GEN_OLANES[2].dot8_inst/product6_reg/DSP_M_DATA_INST/CLK (clocked by clk) and GEN_OLANES[2].dot8_inst/sum1_3_reg/DSP_OUTPUT_INST/ALU_OUT[44] (clocked by clk). Large setup violations at the end of those stages might be difficult to fix during the post-placement implementation flow and could be the result of non-optimal XDC constraints or non-optimal design architecture
Related violations: <none>

TIMING-16#930 Warning
Large setup violation  
There is a large setup violation of -1.551 ns between GEN_OLANES[2].dot8_inst/product6_reg/DSP_M_DATA_INST/CLK (clocked by clk) and GEN_OLANES[2].dot8_inst/sum1_3_reg/DSP_OUTPUT_INST/ALU_OUT[45] (clocked by clk). Large setup violations at the end of those stages might be difficult to fix during the post-placement implementation flow and could be the result of non-optimal XDC constraints or non-optimal design architecture
Related violations: <none>

TIMING-16#931 Warning
Large setup violation  
There is a large setup violation of -1.551 ns between GEN_OLANES[2].dot8_inst/product6_reg/DSP_M_DATA_INST/CLK (clocked by clk) and GEN_OLANES[2].dot8_inst/sum1_3_reg/DSP_OUTPUT_INST/ALU_OUT[46] (clocked by clk). Large setup violations at the end of those stages might be difficult to fix during the post-placement implementation flow and could be the result of non-optimal XDC constraints or non-optimal design architecture
Related violations: <none>

TIMING-16#932 Warning
Large setup violation  
There is a large setup violation of -1.551 ns between GEN_OLANES[2].dot8_inst/product6_reg/DSP_M_DATA_INST/CLK (clocked by clk) and GEN_OLANES[2].dot8_inst/sum1_3_reg/DSP_OUTPUT_INST/ALU_OUT[47] (clocked by clk). Large setup violations at the end of those stages might be difficult to fix during the post-placement implementation flow and could be the result of non-optimal XDC constraints or non-optimal design architecture
Related violations: <none>

TIMING-16#933 Warning
Large setup violation  
There is a large setup violation of -1.551 ns between GEN_OLANES[3].dot8_inst/product0_reg/DSP_M_DATA_INST/CLK (clocked by clk) and GEN_OLANES[3].dot8_inst/sum1_0_reg/DSP_OUTPUT_INST/ALU_OUT[16] (clocked by clk). Large setup violations at the end of those stages might be difficult to fix during the post-placement implementation flow and could be the result of non-optimal XDC constraints or non-optimal design architecture
Related violations: <none>

TIMING-16#934 Warning
Large setup violation  
There is a large setup violation of -1.551 ns between GEN_OLANES[3].dot8_inst/product0_reg/DSP_M_DATA_INST/CLK (clocked by clk) and GEN_OLANES[3].dot8_inst/sum1_0_reg/DSP_OUTPUT_INST/ALU_OUT[17] (clocked by clk). Large setup violations at the end of those stages might be difficult to fix during the post-placement implementation flow and could be the result of non-optimal XDC constraints or non-optimal design architecture
Related violations: <none>

TIMING-16#935 Warning
Large setup violation  
There is a large setup violation of -1.551 ns between GEN_OLANES[3].dot8_inst/product0_reg/DSP_M_DATA_INST/CLK (clocked by clk) and GEN_OLANES[3].dot8_inst/sum1_0_reg/DSP_OUTPUT_INST/ALU_OUT[18] (clocked by clk). Large setup violations at the end of those stages might be difficult to fix during the post-placement implementation flow and could be the result of non-optimal XDC constraints or non-optimal design architecture
Related violations: <none>

TIMING-16#936 Warning
Large setup violation  
There is a large setup violation of -1.551 ns between GEN_OLANES[3].dot8_inst/product0_reg/DSP_M_DATA_INST/CLK (clocked by clk) and GEN_OLANES[3].dot8_inst/sum1_0_reg/DSP_OUTPUT_INST/ALU_OUT[19] (clocked by clk). Large setup violations at the end of those stages might be difficult to fix during the post-placement implementation flow and could be the result of non-optimal XDC constraints or non-optimal design architecture
Related violations: <none>

TIMING-16#937 Warning
Large setup violation  
There is a large setup violation of -1.551 ns between GEN_OLANES[3].dot8_inst/product0_reg/DSP_M_DATA_INST/CLK (clocked by clk) and GEN_OLANES[3].dot8_inst/sum1_0_reg/DSP_OUTPUT_INST/ALU_OUT[20] (clocked by clk). Large setup violations at the end of those stages might be difficult to fix during the post-placement implementation flow and could be the result of non-optimal XDC constraints or non-optimal design architecture
Related violations: <none>

TIMING-16#938 Warning
Large setup violation  
There is a large setup violation of -1.551 ns between GEN_OLANES[3].dot8_inst/product0_reg/DSP_M_DATA_INST/CLK (clocked by clk) and GEN_OLANES[3].dot8_inst/sum1_0_reg/DSP_OUTPUT_INST/ALU_OUT[21] (clocked by clk). Large setup violations at the end of those stages might be difficult to fix during the post-placement implementation flow and could be the result of non-optimal XDC constraints or non-optimal design architecture
Related violations: <none>

TIMING-16#939 Warning
Large setup violation  
There is a large setup violation of -1.551 ns between GEN_OLANES[3].dot8_inst/product0_reg/DSP_M_DATA_INST/CLK (clocked by clk) and GEN_OLANES[3].dot8_inst/sum1_0_reg/DSP_OUTPUT_INST/ALU_OUT[22] (clocked by clk). Large setup violations at the end of those stages might be difficult to fix during the post-placement implementation flow and could be the result of non-optimal XDC constraints or non-optimal design architecture
Related violations: <none>

TIMING-16#940 Warning
Large setup violation  
There is a large setup violation of -1.551 ns between GEN_OLANES[3].dot8_inst/product0_reg/DSP_M_DATA_INST/CLK (clocked by clk) and GEN_OLANES[3].dot8_inst/sum1_0_reg/DSP_OUTPUT_INST/ALU_OUT[23] (clocked by clk). Large setup violations at the end of those stages might be difficult to fix during the post-placement implementation flow and could be the result of non-optimal XDC constraints or non-optimal design architecture
Related violations: <none>

TIMING-16#941 Warning
Large setup violation  
There is a large setup violation of -1.551 ns between GEN_OLANES[3].dot8_inst/product0_reg/DSP_M_DATA_INST/CLK (clocked by clk) and GEN_OLANES[3].dot8_inst/sum1_0_reg/DSP_OUTPUT_INST/ALU_OUT[24] (clocked by clk). Large setup violations at the end of those stages might be difficult to fix during the post-placement implementation flow and could be the result of non-optimal XDC constraints or non-optimal design architecture
Related violations: <none>

TIMING-16#942 Warning
Large setup violation  
There is a large setup violation of -1.551 ns between GEN_OLANES[3].dot8_inst/product0_reg/DSP_M_DATA_INST/CLK (clocked by clk) and GEN_OLANES[3].dot8_inst/sum1_0_reg/DSP_OUTPUT_INST/ALU_OUT[25] (clocked by clk). Large setup violations at the end of those stages might be difficult to fix during the post-placement implementation flow and could be the result of non-optimal XDC constraints or non-optimal design architecture
Related violations: <none>

TIMING-16#943 Warning
Large setup violation  
There is a large setup violation of -1.551 ns between GEN_OLANES[3].dot8_inst/product0_reg/DSP_M_DATA_INST/CLK (clocked by clk) and GEN_OLANES[3].dot8_inst/sum1_0_reg/DSP_OUTPUT_INST/ALU_OUT[26] (clocked by clk). Large setup violations at the end of those stages might be difficult to fix during the post-placement implementation flow and could be the result of non-optimal XDC constraints or non-optimal design architecture
Related violations: <none>

TIMING-16#944 Warning
Large setup violation  
There is a large setup violation of -1.551 ns between GEN_OLANES[3].dot8_inst/product0_reg/DSP_M_DATA_INST/CLK (clocked by clk) and GEN_OLANES[3].dot8_inst/sum1_0_reg/DSP_OUTPUT_INST/ALU_OUT[27] (clocked by clk). Large setup violations at the end of those stages might be difficult to fix during the post-placement implementation flow and could be the result of non-optimal XDC constraints or non-optimal design architecture
Related violations: <none>

TIMING-16#945 Warning
Large setup violation  
There is a large setup violation of -1.551 ns between GEN_OLANES[3].dot8_inst/product0_reg/DSP_M_DATA_INST/CLK (clocked by clk) and GEN_OLANES[3].dot8_inst/sum1_0_reg/DSP_OUTPUT_INST/ALU_OUT[28] (clocked by clk). Large setup violations at the end of those stages might be difficult to fix during the post-placement implementation flow and could be the result of non-optimal XDC constraints or non-optimal design architecture
Related violations: <none>

TIMING-16#946 Warning
Large setup violation  
There is a large setup violation of -1.551 ns between GEN_OLANES[3].dot8_inst/product0_reg/DSP_M_DATA_INST/CLK (clocked by clk) and GEN_OLANES[3].dot8_inst/sum1_0_reg/DSP_OUTPUT_INST/ALU_OUT[29] (clocked by clk). Large setup violations at the end of those stages might be difficult to fix during the post-placement implementation flow and could be the result of non-optimal XDC constraints or non-optimal design architecture
Related violations: <none>

TIMING-16#947 Warning
Large setup violation  
There is a large setup violation of -1.551 ns between GEN_OLANES[3].dot8_inst/product0_reg/DSP_M_DATA_INST/CLK (clocked by clk) and GEN_OLANES[3].dot8_inst/sum1_0_reg/DSP_OUTPUT_INST/ALU_OUT[30] (clocked by clk). Large setup violations at the end of those stages might be difficult to fix during the post-placement implementation flow and could be the result of non-optimal XDC constraints or non-optimal design architecture
Related violations: <none>

TIMING-16#948 Warning
Large setup violation  
There is a large setup violation of -1.551 ns between GEN_OLANES[3].dot8_inst/product0_reg/DSP_M_DATA_INST/CLK (clocked by clk) and GEN_OLANES[3].dot8_inst/sum1_0_reg/DSP_OUTPUT_INST/ALU_OUT[31] (clocked by clk). Large setup violations at the end of those stages might be difficult to fix during the post-placement implementation flow and could be the result of non-optimal XDC constraints or non-optimal design architecture
Related violations: <none>

TIMING-16#949 Warning
Large setup violation  
There is a large setup violation of -1.551 ns between GEN_OLANES[3].dot8_inst/product0_reg/DSP_M_DATA_INST/CLK (clocked by clk) and GEN_OLANES[3].dot8_inst/sum1_0_reg/DSP_OUTPUT_INST/ALU_OUT[32] (clocked by clk). Large setup violations at the end of those stages might be difficult to fix during the post-placement implementation flow and could be the result of non-optimal XDC constraints or non-optimal design architecture
Related violations: <none>

TIMING-16#950 Warning
Large setup violation  
There is a large setup violation of -1.551 ns between GEN_OLANES[3].dot8_inst/product0_reg/DSP_M_DATA_INST/CLK (clocked by clk) and GEN_OLANES[3].dot8_inst/sum1_0_reg/DSP_OUTPUT_INST/ALU_OUT[33] (clocked by clk). Large setup violations at the end of those stages might be difficult to fix during the post-placement implementation flow and could be the result of non-optimal XDC constraints or non-optimal design architecture
Related violations: <none>

TIMING-16#951 Warning
Large setup violation  
There is a large setup violation of -1.551 ns between GEN_OLANES[3].dot8_inst/product0_reg/DSP_M_DATA_INST/CLK (clocked by clk) and GEN_OLANES[3].dot8_inst/sum1_0_reg/DSP_OUTPUT_INST/ALU_OUT[34] (clocked by clk). Large setup violations at the end of those stages might be difficult to fix during the post-placement implementation flow and could be the result of non-optimal XDC constraints or non-optimal design architecture
Related violations: <none>

TIMING-16#952 Warning
Large setup violation  
There is a large setup violation of -1.551 ns between GEN_OLANES[3].dot8_inst/product0_reg/DSP_M_DATA_INST/CLK (clocked by clk) and GEN_OLANES[3].dot8_inst/sum1_0_reg/DSP_OUTPUT_INST/ALU_OUT[35] (clocked by clk). Large setup violations at the end of those stages might be difficult to fix during the post-placement implementation flow and could be the result of non-optimal XDC constraints or non-optimal design architecture
Related violations: <none>

TIMING-16#953 Warning
Large setup violation  
There is a large setup violation of -1.551 ns between GEN_OLANES[3].dot8_inst/product0_reg/DSP_M_DATA_INST/CLK (clocked by clk) and GEN_OLANES[3].dot8_inst/sum1_0_reg/DSP_OUTPUT_INST/ALU_OUT[36] (clocked by clk). Large setup violations at the end of those stages might be difficult to fix during the post-placement implementation flow and could be the result of non-optimal XDC constraints or non-optimal design architecture
Related violations: <none>

TIMING-16#954 Warning
Large setup violation  
There is a large setup violation of -1.551 ns between GEN_OLANES[3].dot8_inst/product0_reg/DSP_M_DATA_INST/CLK (clocked by clk) and GEN_OLANES[3].dot8_inst/sum1_0_reg/DSP_OUTPUT_INST/ALU_OUT[37] (clocked by clk). Large setup violations at the end of those stages might be difficult to fix during the post-placement implementation flow and could be the result of non-optimal XDC constraints or non-optimal design architecture
Related violations: <none>

TIMING-16#955 Warning
Large setup violation  
There is a large setup violation of -1.551 ns between GEN_OLANES[3].dot8_inst/product0_reg/DSP_M_DATA_INST/CLK (clocked by clk) and GEN_OLANES[3].dot8_inst/sum1_0_reg/DSP_OUTPUT_INST/ALU_OUT[38] (clocked by clk). Large setup violations at the end of those stages might be difficult to fix during the post-placement implementation flow and could be the result of non-optimal XDC constraints or non-optimal design architecture
Related violations: <none>

TIMING-16#956 Warning
Large setup violation  
There is a large setup violation of -1.551 ns between GEN_OLANES[3].dot8_inst/product0_reg/DSP_M_DATA_INST/CLK (clocked by clk) and GEN_OLANES[3].dot8_inst/sum1_0_reg/DSP_OUTPUT_INST/ALU_OUT[39] (clocked by clk). Large setup violations at the end of those stages might be difficult to fix during the post-placement implementation flow and could be the result of non-optimal XDC constraints or non-optimal design architecture
Related violations: <none>

TIMING-16#957 Warning
Large setup violation  
There is a large setup violation of -1.551 ns between GEN_OLANES[3].dot8_inst/product0_reg/DSP_M_DATA_INST/CLK (clocked by clk) and GEN_OLANES[3].dot8_inst/sum1_0_reg/DSP_OUTPUT_INST/ALU_OUT[40] (clocked by clk). Large setup violations at the end of those stages might be difficult to fix during the post-placement implementation flow and could be the result of non-optimal XDC constraints or non-optimal design architecture
Related violations: <none>

TIMING-16#958 Warning
Large setup violation  
There is a large setup violation of -1.551 ns between GEN_OLANES[3].dot8_inst/product0_reg/DSP_M_DATA_INST/CLK (clocked by clk) and GEN_OLANES[3].dot8_inst/sum1_0_reg/DSP_OUTPUT_INST/ALU_OUT[41] (clocked by clk). Large setup violations at the end of those stages might be difficult to fix during the post-placement implementation flow and could be the result of non-optimal XDC constraints or non-optimal design architecture
Related violations: <none>

TIMING-16#959 Warning
Large setup violation  
There is a large setup violation of -1.551 ns between GEN_OLANES[3].dot8_inst/product0_reg/DSP_M_DATA_INST/CLK (clocked by clk) and GEN_OLANES[3].dot8_inst/sum1_0_reg/DSP_OUTPUT_INST/ALU_OUT[42] (clocked by clk). Large setup violations at the end of those stages might be difficult to fix during the post-placement implementation flow and could be the result of non-optimal XDC constraints or non-optimal design architecture
Related violations: <none>

TIMING-16#960 Warning
Large setup violation  
There is a large setup violation of -1.551 ns between GEN_OLANES[3].dot8_inst/product0_reg/DSP_M_DATA_INST/CLK (clocked by clk) and GEN_OLANES[3].dot8_inst/sum1_0_reg/DSP_OUTPUT_INST/ALU_OUT[43] (clocked by clk). Large setup violations at the end of those stages might be difficult to fix during the post-placement implementation flow and could be the result of non-optimal XDC constraints or non-optimal design architecture
Related violations: <none>

TIMING-16#961 Warning
Large setup violation  
There is a large setup violation of -1.551 ns between GEN_OLANES[3].dot8_inst/product0_reg/DSP_M_DATA_INST/CLK (clocked by clk) and GEN_OLANES[3].dot8_inst/sum1_0_reg/DSP_OUTPUT_INST/ALU_OUT[44] (clocked by clk). Large setup violations at the end of those stages might be difficult to fix during the post-placement implementation flow and could be the result of non-optimal XDC constraints or non-optimal design architecture
Related violations: <none>

TIMING-16#962 Warning
Large setup violation  
There is a large setup violation of -1.551 ns between GEN_OLANES[3].dot8_inst/product0_reg/DSP_M_DATA_INST/CLK (clocked by clk) and GEN_OLANES[3].dot8_inst/sum1_0_reg/DSP_OUTPUT_INST/ALU_OUT[45] (clocked by clk). Large setup violations at the end of those stages might be difficult to fix during the post-placement implementation flow and could be the result of non-optimal XDC constraints or non-optimal design architecture
Related violations: <none>

TIMING-16#963 Warning
Large setup violation  
There is a large setup violation of -1.551 ns between GEN_OLANES[3].dot8_inst/product0_reg/DSP_M_DATA_INST/CLK (clocked by clk) and GEN_OLANES[3].dot8_inst/sum1_0_reg/DSP_OUTPUT_INST/ALU_OUT[46] (clocked by clk). Large setup violations at the end of those stages might be difficult to fix during the post-placement implementation flow and could be the result of non-optimal XDC constraints or non-optimal design architecture
Related violations: <none>

TIMING-16#964 Warning
Large setup violation  
There is a large setup violation of -1.551 ns between GEN_OLANES[3].dot8_inst/product0_reg/DSP_M_DATA_INST/CLK (clocked by clk) and GEN_OLANES[3].dot8_inst/sum1_0_reg/DSP_OUTPUT_INST/ALU_OUT[47] (clocked by clk). Large setup violations at the end of those stages might be difficult to fix during the post-placement implementation flow and could be the result of non-optimal XDC constraints or non-optimal design architecture
Related violations: <none>

TIMING-16#965 Warning
Large setup violation  
There is a large setup violation of -1.551 ns between GEN_OLANES[3].dot8_inst/product2_reg/DSP_M_DATA_INST/CLK (clocked by clk) and GEN_OLANES[3].dot8_inst/sum1_1_reg/DSP_OUTPUT_INST/ALU_OUT[16] (clocked by clk). Large setup violations at the end of those stages might be difficult to fix during the post-placement implementation flow and could be the result of non-optimal XDC constraints or non-optimal design architecture
Related violations: <none>

TIMING-16#966 Warning
Large setup violation  
There is a large setup violation of -1.551 ns between GEN_OLANES[3].dot8_inst/product2_reg/DSP_M_DATA_INST/CLK (clocked by clk) and GEN_OLANES[3].dot8_inst/sum1_1_reg/DSP_OUTPUT_INST/ALU_OUT[17] (clocked by clk). Large setup violations at the end of those stages might be difficult to fix during the post-placement implementation flow and could be the result of non-optimal XDC constraints or non-optimal design architecture
Related violations: <none>

TIMING-16#967 Warning
Large setup violation  
There is a large setup violation of -1.551 ns between GEN_OLANES[3].dot8_inst/product2_reg/DSP_M_DATA_INST/CLK (clocked by clk) and GEN_OLANES[3].dot8_inst/sum1_1_reg/DSP_OUTPUT_INST/ALU_OUT[18] (clocked by clk). Large setup violations at the end of those stages might be difficult to fix during the post-placement implementation flow and could be the result of non-optimal XDC constraints or non-optimal design architecture
Related violations: <none>

TIMING-16#968 Warning
Large setup violation  
There is a large setup violation of -1.551 ns between GEN_OLANES[3].dot8_inst/product2_reg/DSP_M_DATA_INST/CLK (clocked by clk) and GEN_OLANES[3].dot8_inst/sum1_1_reg/DSP_OUTPUT_INST/ALU_OUT[19] (clocked by clk). Large setup violations at the end of those stages might be difficult to fix during the post-placement implementation flow and could be the result of non-optimal XDC constraints or non-optimal design architecture
Related violations: <none>

TIMING-16#969 Warning
Large setup violation  
There is a large setup violation of -1.551 ns between GEN_OLANES[3].dot8_inst/product2_reg/DSP_M_DATA_INST/CLK (clocked by clk) and GEN_OLANES[3].dot8_inst/sum1_1_reg/DSP_OUTPUT_INST/ALU_OUT[20] (clocked by clk). Large setup violations at the end of those stages might be difficult to fix during the post-placement implementation flow and could be the result of non-optimal XDC constraints or non-optimal design architecture
Related violations: <none>

TIMING-16#970 Warning
Large setup violation  
There is a large setup violation of -1.551 ns between GEN_OLANES[3].dot8_inst/product2_reg/DSP_M_DATA_INST/CLK (clocked by clk) and GEN_OLANES[3].dot8_inst/sum1_1_reg/DSP_OUTPUT_INST/ALU_OUT[21] (clocked by clk). Large setup violations at the end of those stages might be difficult to fix during the post-placement implementation flow and could be the result of non-optimal XDC constraints or non-optimal design architecture
Related violations: <none>

TIMING-16#971 Warning
Large setup violation  
There is a large setup violation of -1.551 ns between GEN_OLANES[3].dot8_inst/product2_reg/DSP_M_DATA_INST/CLK (clocked by clk) and GEN_OLANES[3].dot8_inst/sum1_1_reg/DSP_OUTPUT_INST/ALU_OUT[22] (clocked by clk). Large setup violations at the end of those stages might be difficult to fix during the post-placement implementation flow and could be the result of non-optimal XDC constraints or non-optimal design architecture
Related violations: <none>

TIMING-16#972 Warning
Large setup violation  
There is a large setup violation of -1.551 ns between GEN_OLANES[3].dot8_inst/product2_reg/DSP_M_DATA_INST/CLK (clocked by clk) and GEN_OLANES[3].dot8_inst/sum1_1_reg/DSP_OUTPUT_INST/ALU_OUT[23] (clocked by clk). Large setup violations at the end of those stages might be difficult to fix during the post-placement implementation flow and could be the result of non-optimal XDC constraints or non-optimal design architecture
Related violations: <none>

TIMING-16#973 Warning
Large setup violation  
There is a large setup violation of -1.551 ns between GEN_OLANES[3].dot8_inst/product2_reg/DSP_M_DATA_INST/CLK (clocked by clk) and GEN_OLANES[3].dot8_inst/sum1_1_reg/DSP_OUTPUT_INST/ALU_OUT[24] (clocked by clk). Large setup violations at the end of those stages might be difficult to fix during the post-placement implementation flow and could be the result of non-optimal XDC constraints or non-optimal design architecture
Related violations: <none>

TIMING-16#974 Warning
Large setup violation  
There is a large setup violation of -1.551 ns between GEN_OLANES[3].dot8_inst/product2_reg/DSP_M_DATA_INST/CLK (clocked by clk) and GEN_OLANES[3].dot8_inst/sum1_1_reg/DSP_OUTPUT_INST/ALU_OUT[25] (clocked by clk). Large setup violations at the end of those stages might be difficult to fix during the post-placement implementation flow and could be the result of non-optimal XDC constraints or non-optimal design architecture
Related violations: <none>

TIMING-16#975 Warning
Large setup violation  
There is a large setup violation of -1.551 ns between GEN_OLANES[3].dot8_inst/product2_reg/DSP_M_DATA_INST/CLK (clocked by clk) and GEN_OLANES[3].dot8_inst/sum1_1_reg/DSP_OUTPUT_INST/ALU_OUT[26] (clocked by clk). Large setup violations at the end of those stages might be difficult to fix during the post-placement implementation flow and could be the result of non-optimal XDC constraints or non-optimal design architecture
Related violations: <none>

TIMING-16#976 Warning
Large setup violation  
There is a large setup violation of -1.551 ns between GEN_OLANES[3].dot8_inst/product2_reg/DSP_M_DATA_INST/CLK (clocked by clk) and GEN_OLANES[3].dot8_inst/sum1_1_reg/DSP_OUTPUT_INST/ALU_OUT[27] (clocked by clk). Large setup violations at the end of those stages might be difficult to fix during the post-placement implementation flow and could be the result of non-optimal XDC constraints or non-optimal design architecture
Related violations: <none>

TIMING-16#977 Warning
Large setup violation  
There is a large setup violation of -1.551 ns between GEN_OLANES[3].dot8_inst/product2_reg/DSP_M_DATA_INST/CLK (clocked by clk) and GEN_OLANES[3].dot8_inst/sum1_1_reg/DSP_OUTPUT_INST/ALU_OUT[28] (clocked by clk). Large setup violations at the end of those stages might be difficult to fix during the post-placement implementation flow and could be the result of non-optimal XDC constraints or non-optimal design architecture
Related violations: <none>

TIMING-16#978 Warning
Large setup violation  
There is a large setup violation of -1.551 ns between GEN_OLANES[3].dot8_inst/product2_reg/DSP_M_DATA_INST/CLK (clocked by clk) and GEN_OLANES[3].dot8_inst/sum1_1_reg/DSP_OUTPUT_INST/ALU_OUT[29] (clocked by clk). Large setup violations at the end of those stages might be difficult to fix during the post-placement implementation flow and could be the result of non-optimal XDC constraints or non-optimal design architecture
Related violations: <none>

TIMING-16#979 Warning
Large setup violation  
There is a large setup violation of -1.551 ns between GEN_OLANES[3].dot8_inst/product2_reg/DSP_M_DATA_INST/CLK (clocked by clk) and GEN_OLANES[3].dot8_inst/sum1_1_reg/DSP_OUTPUT_INST/ALU_OUT[30] (clocked by clk). Large setup violations at the end of those stages might be difficult to fix during the post-placement implementation flow and could be the result of non-optimal XDC constraints or non-optimal design architecture
Related violations: <none>

TIMING-16#980 Warning
Large setup violation  
There is a large setup violation of -1.551 ns between GEN_OLANES[3].dot8_inst/product2_reg/DSP_M_DATA_INST/CLK (clocked by clk) and GEN_OLANES[3].dot8_inst/sum1_1_reg/DSP_OUTPUT_INST/ALU_OUT[31] (clocked by clk). Large setup violations at the end of those stages might be difficult to fix during the post-placement implementation flow and could be the result of non-optimal XDC constraints or non-optimal design architecture
Related violations: <none>

TIMING-16#981 Warning
Large setup violation  
There is a large setup violation of -1.551 ns between GEN_OLANES[3].dot8_inst/product2_reg/DSP_M_DATA_INST/CLK (clocked by clk) and GEN_OLANES[3].dot8_inst/sum1_1_reg/DSP_OUTPUT_INST/ALU_OUT[32] (clocked by clk). Large setup violations at the end of those stages might be difficult to fix during the post-placement implementation flow and could be the result of non-optimal XDC constraints or non-optimal design architecture
Related violations: <none>

TIMING-16#982 Warning
Large setup violation  
There is a large setup violation of -1.551 ns between GEN_OLANES[3].dot8_inst/product2_reg/DSP_M_DATA_INST/CLK (clocked by clk) and GEN_OLANES[3].dot8_inst/sum1_1_reg/DSP_OUTPUT_INST/ALU_OUT[33] (clocked by clk). Large setup violations at the end of those stages might be difficult to fix during the post-placement implementation flow and could be the result of non-optimal XDC constraints or non-optimal design architecture
Related violations: <none>

TIMING-16#983 Warning
Large setup violation  
There is a large setup violation of -1.551 ns between GEN_OLANES[3].dot8_inst/product2_reg/DSP_M_DATA_INST/CLK (clocked by clk) and GEN_OLANES[3].dot8_inst/sum1_1_reg/DSP_OUTPUT_INST/ALU_OUT[34] (clocked by clk). Large setup violations at the end of those stages might be difficult to fix during the post-placement implementation flow and could be the result of non-optimal XDC constraints or non-optimal design architecture
Related violations: <none>

TIMING-16#984 Warning
Large setup violation  
There is a large setup violation of -1.551 ns between GEN_OLANES[3].dot8_inst/product2_reg/DSP_M_DATA_INST/CLK (clocked by clk) and GEN_OLANES[3].dot8_inst/sum1_1_reg/DSP_OUTPUT_INST/ALU_OUT[35] (clocked by clk). Large setup violations at the end of those stages might be difficult to fix during the post-placement implementation flow and could be the result of non-optimal XDC constraints or non-optimal design architecture
Related violations: <none>

TIMING-16#985 Warning
Large setup violation  
There is a large setup violation of -1.551 ns between GEN_OLANES[3].dot8_inst/product2_reg/DSP_M_DATA_INST/CLK (clocked by clk) and GEN_OLANES[3].dot8_inst/sum1_1_reg/DSP_OUTPUT_INST/ALU_OUT[36] (clocked by clk). Large setup violations at the end of those stages might be difficult to fix during the post-placement implementation flow and could be the result of non-optimal XDC constraints or non-optimal design architecture
Related violations: <none>

TIMING-16#986 Warning
Large setup violation  
There is a large setup violation of -1.551 ns between GEN_OLANES[3].dot8_inst/product2_reg/DSP_M_DATA_INST/CLK (clocked by clk) and GEN_OLANES[3].dot8_inst/sum1_1_reg/DSP_OUTPUT_INST/ALU_OUT[37] (clocked by clk). Large setup violations at the end of those stages might be difficult to fix during the post-placement implementation flow and could be the result of non-optimal XDC constraints or non-optimal design architecture
Related violations: <none>

TIMING-16#987 Warning
Large setup violation  
There is a large setup violation of -1.551 ns between GEN_OLANES[3].dot8_inst/product2_reg/DSP_M_DATA_INST/CLK (clocked by clk) and GEN_OLANES[3].dot8_inst/sum1_1_reg/DSP_OUTPUT_INST/ALU_OUT[38] (clocked by clk). Large setup violations at the end of those stages might be difficult to fix during the post-placement implementation flow and could be the result of non-optimal XDC constraints or non-optimal design architecture
Related violations: <none>

TIMING-16#988 Warning
Large setup violation  
There is a large setup violation of -1.551 ns between GEN_OLANES[3].dot8_inst/product2_reg/DSP_M_DATA_INST/CLK (clocked by clk) and GEN_OLANES[3].dot8_inst/sum1_1_reg/DSP_OUTPUT_INST/ALU_OUT[39] (clocked by clk). Large setup violations at the end of those stages might be difficult to fix during the post-placement implementation flow and could be the result of non-optimal XDC constraints or non-optimal design architecture
Related violations: <none>

TIMING-16#989 Warning
Large setup violation  
There is a large setup violation of -1.551 ns between GEN_OLANES[3].dot8_inst/product2_reg/DSP_M_DATA_INST/CLK (clocked by clk) and GEN_OLANES[3].dot8_inst/sum1_1_reg/DSP_OUTPUT_INST/ALU_OUT[40] (clocked by clk). Large setup violations at the end of those stages might be difficult to fix during the post-placement implementation flow and could be the result of non-optimal XDC constraints or non-optimal design architecture
Related violations: <none>

TIMING-16#990 Warning
Large setup violation  
There is a large setup violation of -1.551 ns between GEN_OLANES[3].dot8_inst/product2_reg/DSP_M_DATA_INST/CLK (clocked by clk) and GEN_OLANES[3].dot8_inst/sum1_1_reg/DSP_OUTPUT_INST/ALU_OUT[41] (clocked by clk). Large setup violations at the end of those stages might be difficult to fix during the post-placement implementation flow and could be the result of non-optimal XDC constraints or non-optimal design architecture
Related violations: <none>

TIMING-16#991 Warning
Large setup violation  
There is a large setup violation of -1.551 ns between GEN_OLANES[3].dot8_inst/product2_reg/DSP_M_DATA_INST/CLK (clocked by clk) and GEN_OLANES[3].dot8_inst/sum1_1_reg/DSP_OUTPUT_INST/ALU_OUT[42] (clocked by clk). Large setup violations at the end of those stages might be difficult to fix during the post-placement implementation flow and could be the result of non-optimal XDC constraints or non-optimal design architecture
Related violations: <none>

TIMING-16#992 Warning
Large setup violation  
There is a large setup violation of -1.551 ns between GEN_OLANES[3].dot8_inst/product2_reg/DSP_M_DATA_INST/CLK (clocked by clk) and GEN_OLANES[3].dot8_inst/sum1_1_reg/DSP_OUTPUT_INST/ALU_OUT[43] (clocked by clk). Large setup violations at the end of those stages might be difficult to fix during the post-placement implementation flow and could be the result of non-optimal XDC constraints or non-optimal design architecture
Related violations: <none>

TIMING-16#993 Warning
Large setup violation  
There is a large setup violation of -1.551 ns between GEN_OLANES[3].dot8_inst/product2_reg/DSP_M_DATA_INST/CLK (clocked by clk) and GEN_OLANES[3].dot8_inst/sum1_1_reg/DSP_OUTPUT_INST/ALU_OUT[44] (clocked by clk). Large setup violations at the end of those stages might be difficult to fix during the post-placement implementation flow and could be the result of non-optimal XDC constraints or non-optimal design architecture
Related violations: <none>

TIMING-16#994 Warning
Large setup violation  
There is a large setup violation of -1.551 ns between GEN_OLANES[3].dot8_inst/product2_reg/DSP_M_DATA_INST/CLK (clocked by clk) and GEN_OLANES[3].dot8_inst/sum1_1_reg/DSP_OUTPUT_INST/ALU_OUT[45] (clocked by clk). Large setup violations at the end of those stages might be difficult to fix during the post-placement implementation flow and could be the result of non-optimal XDC constraints or non-optimal design architecture
Related violations: <none>

TIMING-16#995 Warning
Large setup violation  
There is a large setup violation of -1.551 ns between GEN_OLANES[3].dot8_inst/product2_reg/DSP_M_DATA_INST/CLK (clocked by clk) and GEN_OLANES[3].dot8_inst/sum1_1_reg/DSP_OUTPUT_INST/ALU_OUT[46] (clocked by clk). Large setup violations at the end of those stages might be difficult to fix during the post-placement implementation flow and could be the result of non-optimal XDC constraints or non-optimal design architecture
Related violations: <none>

TIMING-16#996 Warning
Large setup violation  
There is a large setup violation of -1.551 ns between GEN_OLANES[3].dot8_inst/product2_reg/DSP_M_DATA_INST/CLK (clocked by clk) and GEN_OLANES[3].dot8_inst/sum1_1_reg/DSP_OUTPUT_INST/ALU_OUT[47] (clocked by clk). Large setup violations at the end of those stages might be difficult to fix during the post-placement implementation flow and could be the result of non-optimal XDC constraints or non-optimal design architecture
Related violations: <none>

TIMING-16#997 Warning
Large setup violation  
There is a large setup violation of -1.551 ns between GEN_OLANES[3].dot8_inst/product4_reg/DSP_M_DATA_INST/CLK (clocked by clk) and GEN_OLANES[3].dot8_inst/sum1_2_reg/DSP_OUTPUT_INST/ALU_OUT[16] (clocked by clk). Large setup violations at the end of those stages might be difficult to fix during the post-placement implementation flow and could be the result of non-optimal XDC constraints or non-optimal design architecture
Related violations: <none>

TIMING-16#998 Warning
Large setup violation  
There is a large setup violation of -1.551 ns between GEN_OLANES[3].dot8_inst/product4_reg/DSP_M_DATA_INST/CLK (clocked by clk) and GEN_OLANES[3].dot8_inst/sum1_2_reg/DSP_OUTPUT_INST/ALU_OUT[17] (clocked by clk). Large setup violations at the end of those stages might be difficult to fix during the post-placement implementation flow and could be the result of non-optimal XDC constraints or non-optimal design architecture
Related violations: <none>

TIMING-16#999 Warning
Large setup violation  
There is a large setup violation of -1.551 ns between GEN_OLANES[3].dot8_inst/product4_reg/DSP_M_DATA_INST/CLK (clocked by clk) and GEN_OLANES[3].dot8_inst/sum1_2_reg/DSP_OUTPUT_INST/ALU_OUT[18] (clocked by clk). Large setup violations at the end of those stages might be difficult to fix during the post-placement implementation flow and could be the result of non-optimal XDC constraints or non-optimal design architecture
Related violations: <none>

TIMING-16#1000 Warning
Large setup violation  
There is a large setup violation of -1.551 ns between GEN_OLANES[3].dot8_inst/product4_reg/DSP_M_DATA_INST/CLK (clocked by clk) and GEN_OLANES[3].dot8_inst/sum1_2_reg/DSP_OUTPUT_INST/ALU_OUT[19] (clocked by clk). Large setup violations at the end of those stages might be difficult to fix during the post-placement implementation flow and could be the result of non-optimal XDC constraints or non-optimal design architecture
Related violations: <none>

TIMING-18#1 Warning
Missing input or output delay  
An input delay is missing on i_mat_num_rows_per_olane[0] relative to the rising and/or falling clock edge(s) of clk.
Related violations: <none>

TIMING-18#2 Warning
Missing input or output delay  
An input delay is missing on i_mat_num_rows_per_olane[1] relative to the rising and/or falling clock edge(s) of clk.
Related violations: <none>

TIMING-18#3 Warning
Missing input or output delay  
An input delay is missing on i_mat_num_rows_per_olane[2] relative to the rising and/or falling clock edge(s) of clk.
Related violations: <none>

TIMING-18#4 Warning
Missing input or output delay  
An input delay is missing on i_mat_num_rows_per_olane[3] relative to the rising and/or falling clock edge(s) of clk.
Related violations: <none>

TIMING-18#5 Warning
Missing input or output delay  
An input delay is missing on i_mat_num_rows_per_olane[4] relative to the rising and/or falling clock edge(s) of clk.
Related violations: <none>

TIMING-18#6 Warning
Missing input or output delay  
An input delay is missing on i_mat_num_rows_per_olane[5] relative to the rising and/or falling clock edge(s) of clk.
Related violations: <none>

TIMING-18#7 Warning
Missing input or output delay  
An input delay is missing on i_mat_num_rows_per_olane[6] relative to the rising and/or falling clock edge(s) of clk.
Related violations: <none>

TIMING-18#8 Warning
Missing input or output delay  
An input delay is missing on i_mat_num_rows_per_olane[7] relative to the rising and/or falling clock edge(s) of clk.
Related violations: <none>

TIMING-18#9 Warning
Missing input or output delay  
An input delay is missing on i_mat_num_rows_per_olane[8] relative to the rising and/or falling clock edge(s) of clk.
Related violations: <none>

TIMING-18#10 Warning
Missing input or output delay  
An input delay is missing on i_mat_num_rows_per_olane[9] relative to the rising and/or falling clock edge(s) of clk.
Related violations: <none>

TIMING-18#11 Warning
Missing input or output delay  
An input delay is missing on i_mat_start_addr[0] relative to the rising and/or falling clock edge(s) of clk.
Related violations: <none>

TIMING-18#12 Warning
Missing input or output delay  
An input delay is missing on i_mat_start_addr[1] relative to the rising and/or falling clock edge(s) of clk.
Related violations: <none>

TIMING-18#13 Warning
Missing input or output delay  
An input delay is missing on i_mat_start_addr[2] relative to the rising and/or falling clock edge(s) of clk.
Related violations: <none>

TIMING-18#14 Warning
Missing input or output delay  
An input delay is missing on i_mat_start_addr[3] relative to the rising and/or falling clock edge(s) of clk.
Related violations: <none>

TIMING-18#15 Warning
Missing input or output delay  
An input delay is missing on i_mat_start_addr[4] relative to the rising and/or falling clock edge(s) of clk.
Related violations: <none>

TIMING-18#16 Warning
Missing input or output delay  
An input delay is missing on i_mat_start_addr[5] relative to the rising and/or falling clock edge(s) of clk.
Related violations: <none>

TIMING-18#17 Warning
Missing input or output delay  
An input delay is missing on i_mat_start_addr[6] relative to the rising and/or falling clock edge(s) of clk.
Related violations: <none>

TIMING-18#18 Warning
Missing input or output delay  
An input delay is missing on i_mat_start_addr[7] relative to the rising and/or falling clock edge(s) of clk.
Related violations: <none>

TIMING-18#19 Warning
Missing input or output delay  
An input delay is missing on i_mat_start_addr[8] relative to the rising and/or falling clock edge(s) of clk.
Related violations: <none>

TIMING-18#20 Warning
Missing input or output delay  
An input delay is missing on i_mat_waddr[0] relative to the rising and/or falling clock edge(s) of clk.
Related violations: <none>

TIMING-18#21 Warning
Missing input or output delay  
An input delay is missing on i_mat_waddr[1] relative to the rising and/or falling clock edge(s) of clk.
Related violations: <none>

TIMING-18#22 Warning
Missing input or output delay  
An input delay is missing on i_mat_waddr[2] relative to the rising and/or falling clock edge(s) of clk.
Related violations: <none>

TIMING-18#23 Warning
Missing input or output delay  
An input delay is missing on i_mat_waddr[3] relative to the rising and/or falling clock edge(s) of clk.
Related violations: <none>

TIMING-18#24 Warning
Missing input or output delay  
An input delay is missing on i_mat_waddr[4] relative to the rising and/or falling clock edge(s) of clk.
Related violations: <none>

TIMING-18#25 Warning
Missing input or output delay  
An input delay is missing on i_mat_waddr[5] relative to the rising and/or falling clock edge(s) of clk.
Related violations: <none>

TIMING-18#26 Warning
Missing input or output delay  
An input delay is missing on i_mat_waddr[6] relative to the rising and/or falling clock edge(s) of clk.
Related violations: <none>

TIMING-18#27 Warning
Missing input or output delay  
An input delay is missing on i_mat_waddr[7] relative to the rising and/or falling clock edge(s) of clk.
Related violations: <none>

TIMING-18#28 Warning
Missing input or output delay  
An input delay is missing on i_mat_waddr[8] relative to the rising and/or falling clock edge(s) of clk.
Related violations: <none>

TIMING-18#29 Warning
Missing input or output delay  
An input delay is missing on i_mat_wdata[0] relative to the rising and/or falling clock edge(s) of clk.
Related violations: <none>

TIMING-18#30 Warning
Missing input or output delay  
An input delay is missing on i_mat_wdata[10] relative to the rising and/or falling clock edge(s) of clk.
Related violations: <none>

TIMING-18#31 Warning
Missing input or output delay  
An input delay is missing on i_mat_wdata[11] relative to the rising and/or falling clock edge(s) of clk.
Related violations: <none>

TIMING-18#32 Warning
Missing input or output delay  
An input delay is missing on i_mat_wdata[12] relative to the rising and/or falling clock edge(s) of clk.
Related violations: <none>

TIMING-18#33 Warning
Missing input or output delay  
An input delay is missing on i_mat_wdata[13] relative to the rising and/or falling clock edge(s) of clk.
Related violations: <none>

TIMING-18#34 Warning
Missing input or output delay  
An input delay is missing on i_mat_wdata[14] relative to the rising and/or falling clock edge(s) of clk.
Related violations: <none>

TIMING-18#35 Warning
Missing input or output delay  
An input delay is missing on i_mat_wdata[15] relative to the rising and/or falling clock edge(s) of clk.
Related violations: <none>

TIMING-18#36 Warning
Missing input or output delay  
An input delay is missing on i_mat_wdata[16] relative to the rising and/or falling clock edge(s) of clk.
Related violations: <none>

TIMING-18#37 Warning
Missing input or output delay  
An input delay is missing on i_mat_wdata[17] relative to the rising and/or falling clock edge(s) of clk.
Related violations: <none>

TIMING-18#38 Warning
Missing input or output delay  
An input delay is missing on i_mat_wdata[18] relative to the rising and/or falling clock edge(s) of clk.
Related violations: <none>

TIMING-18#39 Warning
Missing input or output delay  
An input delay is missing on i_mat_wdata[19] relative to the rising and/or falling clock edge(s) of clk.
Related violations: <none>

TIMING-18#40 Warning
Missing input or output delay  
An input delay is missing on i_mat_wdata[1] relative to the rising and/or falling clock edge(s) of clk.
Related violations: <none>

TIMING-18#41 Warning
Missing input or output delay  
An input delay is missing on i_mat_wdata[20] relative to the rising and/or falling clock edge(s) of clk.
Related violations: <none>

TIMING-18#42 Warning
Missing input or output delay  
An input delay is missing on i_mat_wdata[21] relative to the rising and/or falling clock edge(s) of clk.
Related violations: <none>

TIMING-18#43 Warning
Missing input or output delay  
An input delay is missing on i_mat_wdata[22] relative to the rising and/or falling clock edge(s) of clk.
Related violations: <none>

TIMING-18#44 Warning
Missing input or output delay  
An input delay is missing on i_mat_wdata[23] relative to the rising and/or falling clock edge(s) of clk.
Related violations: <none>

TIMING-18#45 Warning
Missing input or output delay  
An input delay is missing on i_mat_wdata[24] relative to the rising and/or falling clock edge(s) of clk.
Related violations: <none>

TIMING-18#46 Warning
Missing input or output delay  
An input delay is missing on i_mat_wdata[25] relative to the rising and/or falling clock edge(s) of clk.
Related violations: <none>

TIMING-18#47 Warning
Missing input or output delay  
An input delay is missing on i_mat_wdata[26] relative to the rising and/or falling clock edge(s) of clk.
Related violations: <none>

TIMING-18#48 Warning
Missing input or output delay  
An input delay is missing on i_mat_wdata[27] relative to the rising and/or falling clock edge(s) of clk.
Related violations: <none>

TIMING-18#49 Warning
Missing input or output delay  
An input delay is missing on i_mat_wdata[28] relative to the rising and/or falling clock edge(s) of clk.
Related violations: <none>

TIMING-18#50 Warning
Missing input or output delay  
An input delay is missing on i_mat_wdata[29] relative to the rising and/or falling clock edge(s) of clk.
Related violations: <none>

TIMING-18#51 Warning
Missing input or output delay  
An input delay is missing on i_mat_wdata[2] relative to the rising and/or falling clock edge(s) of clk.
Related violations: <none>

TIMING-18#52 Warning
Missing input or output delay  
An input delay is missing on i_mat_wdata[30] relative to the rising and/or falling clock edge(s) of clk.
Related violations: <none>

TIMING-18#53 Warning
Missing input or output delay  
An input delay is missing on i_mat_wdata[31] relative to the rising and/or falling clock edge(s) of clk.
Related violations: <none>

TIMING-18#54 Warning
Missing input or output delay  
An input delay is missing on i_mat_wdata[32] relative to the rising and/or falling clock edge(s) of clk.
Related violations: <none>

TIMING-18#55 Warning
Missing input or output delay  
An input delay is missing on i_mat_wdata[33] relative to the rising and/or falling clock edge(s) of clk.
Related violations: <none>

TIMING-18#56 Warning
Missing input or output delay  
An input delay is missing on i_mat_wdata[34] relative to the rising and/or falling clock edge(s) of clk.
Related violations: <none>

TIMING-18#57 Warning
Missing input or output delay  
An input delay is missing on i_mat_wdata[35] relative to the rising and/or falling clock edge(s) of clk.
Related violations: <none>

TIMING-18#58 Warning
Missing input or output delay  
An input delay is missing on i_mat_wdata[36] relative to the rising and/or falling clock edge(s) of clk.
Related violations: <none>

TIMING-18#59 Warning
Missing input or output delay  
An input delay is missing on i_mat_wdata[37] relative to the rising and/or falling clock edge(s) of clk.
Related violations: <none>

TIMING-18#60 Warning
Missing input or output delay  
An input delay is missing on i_mat_wdata[38] relative to the rising and/or falling clock edge(s) of clk.
Related violations: <none>

TIMING-18#61 Warning
Missing input or output delay  
An input delay is missing on i_mat_wdata[39] relative to the rising and/or falling clock edge(s) of clk.
Related violations: <none>

TIMING-18#62 Warning
Missing input or output delay  
An input delay is missing on i_mat_wdata[3] relative to the rising and/or falling clock edge(s) of clk.
Related violations: <none>

TIMING-18#63 Warning
Missing input or output delay  
An input delay is missing on i_mat_wdata[40] relative to the rising and/or falling clock edge(s) of clk.
Related violations: <none>

TIMING-18#64 Warning
Missing input or output delay  
An input delay is missing on i_mat_wdata[41] relative to the rising and/or falling clock edge(s) of clk.
Related violations: <none>

TIMING-18#65 Warning
Missing input or output delay  
An input delay is missing on i_mat_wdata[42] relative to the rising and/or falling clock edge(s) of clk.
Related violations: <none>

TIMING-18#66 Warning
Missing input or output delay  
An input delay is missing on i_mat_wdata[43] relative to the rising and/or falling clock edge(s) of clk.
Related violations: <none>

TIMING-18#67 Warning
Missing input or output delay  
An input delay is missing on i_mat_wdata[44] relative to the rising and/or falling clock edge(s) of clk.
Related violations: <none>

TIMING-18#68 Warning
Missing input or output delay  
An input delay is missing on i_mat_wdata[45] relative to the rising and/or falling clock edge(s) of clk.
Related violations: <none>

TIMING-18#69 Warning
Missing input or output delay  
An input delay is missing on i_mat_wdata[46] relative to the rising and/or falling clock edge(s) of clk.
Related violations: <none>

TIMING-18#70 Warning
Missing input or output delay  
An input delay is missing on i_mat_wdata[47] relative to the rising and/or falling clock edge(s) of clk.
Related violations: <none>

TIMING-18#71 Warning
Missing input or output delay  
An input delay is missing on i_mat_wdata[48] relative to the rising and/or falling clock edge(s) of clk.
Related violations: <none>

TIMING-18#72 Warning
Missing input or output delay  
An input delay is missing on i_mat_wdata[49] relative to the rising and/or falling clock edge(s) of clk.
Related violations: <none>

TIMING-18#73 Warning
Missing input or output delay  
An input delay is missing on i_mat_wdata[4] relative to the rising and/or falling clock edge(s) of clk.
Related violations: <none>

TIMING-18#74 Warning
Missing input or output delay  
An input delay is missing on i_mat_wdata[50] relative to the rising and/or falling clock edge(s) of clk.
Related violations: <none>

TIMING-18#75 Warning
Missing input or output delay  
An input delay is missing on i_mat_wdata[51] relative to the rising and/or falling clock edge(s) of clk.
Related violations: <none>

TIMING-18#76 Warning
Missing input or output delay  
An input delay is missing on i_mat_wdata[52] relative to the rising and/or falling clock edge(s) of clk.
Related violations: <none>

TIMING-18#77 Warning
Missing input or output delay  
An input delay is missing on i_mat_wdata[53] relative to the rising and/or falling clock edge(s) of clk.
Related violations: <none>

TIMING-18#78 Warning
Missing input or output delay  
An input delay is missing on i_mat_wdata[54] relative to the rising and/or falling clock edge(s) of clk.
Related violations: <none>

TIMING-18#79 Warning
Missing input or output delay  
An input delay is missing on i_mat_wdata[55] relative to the rising and/or falling clock edge(s) of clk.
Related violations: <none>

TIMING-18#80 Warning
Missing input or output delay  
An input delay is missing on i_mat_wdata[56] relative to the rising and/or falling clock edge(s) of clk.
Related violations: <none>

TIMING-18#81 Warning
Missing input or output delay  
An input delay is missing on i_mat_wdata[57] relative to the rising and/or falling clock edge(s) of clk.
Related violations: <none>

TIMING-18#82 Warning
Missing input or output delay  
An input delay is missing on i_mat_wdata[58] relative to the rising and/or falling clock edge(s) of clk.
Related violations: <none>

TIMING-18#83 Warning
Missing input or output delay  
An input delay is missing on i_mat_wdata[59] relative to the rising and/or falling clock edge(s) of clk.
Related violations: <none>

TIMING-18#84 Warning
Missing input or output delay  
An input delay is missing on i_mat_wdata[5] relative to the rising and/or falling clock edge(s) of clk.
Related violations: <none>

TIMING-18#85 Warning
Missing input or output delay  
An input delay is missing on i_mat_wdata[60] relative to the rising and/or falling clock edge(s) of clk.
Related violations: <none>

TIMING-18#86 Warning
Missing input or output delay  
An input delay is missing on i_mat_wdata[61] relative to the rising and/or falling clock edge(s) of clk.
Related violations: <none>

TIMING-18#87 Warning
Missing input or output delay  
An input delay is missing on i_mat_wdata[62] relative to the rising and/or falling clock edge(s) of clk.
Related violations: <none>

TIMING-18#88 Warning
Missing input or output delay  
An input delay is missing on i_mat_wdata[63] relative to the rising and/or falling clock edge(s) of clk.
Related violations: <none>

TIMING-18#89 Warning
Missing input or output delay  
An input delay is missing on i_mat_wdata[6] relative to the rising and/or falling clock edge(s) of clk.
Related violations: <none>

TIMING-18#90 Warning
Missing input or output delay  
An input delay is missing on i_mat_wdata[7] relative to the rising and/or falling clock edge(s) of clk.
Related violations: <none>

TIMING-18#91 Warning
Missing input or output delay  
An input delay is missing on i_mat_wdata[8] relative to the rising and/or falling clock edge(s) of clk.
Related violations: <none>

TIMING-18#92 Warning
Missing input or output delay  
An input delay is missing on i_mat_wdata[9] relative to the rising and/or falling clock edge(s) of clk.
Related violations: <none>

TIMING-18#93 Warning
Missing input or output delay  
An input delay is missing on i_mat_wen[0] relative to the rising and/or falling clock edge(s) of clk.
Related violations: <none>

TIMING-18#94 Warning
Missing input or output delay  
An input delay is missing on i_mat_wen[1] relative to the rising and/or falling clock edge(s) of clk.
Related violations: <none>

TIMING-18#95 Warning
Missing input or output delay  
An input delay is missing on i_mat_wen[2] relative to the rising and/or falling clock edge(s) of clk.
Related violations: <none>

TIMING-18#96 Warning
Missing input or output delay  
An input delay is missing on i_mat_wen[3] relative to the rising and/or falling clock edge(s) of clk.
Related violations: <none>

TIMING-18#97 Warning
Missing input or output delay  
An input delay is missing on i_mat_wen[4] relative to the rising and/or falling clock edge(s) of clk.
Related violations: <none>

TIMING-18#98 Warning
Missing input or output delay  
An input delay is missing on i_mat_wen[5] relative to the rising and/or falling clock edge(s) of clk.
Related violations: <none>

TIMING-18#99 Warning
Missing input or output delay  
An input delay is missing on i_mat_wen[6] relative to the rising and/or falling clock edge(s) of clk.
Related violations: <none>

TIMING-18#100 Warning
Missing input or output delay  
An input delay is missing on i_mat_wen[7] relative to the rising and/or falling clock edge(s) of clk.
Related violations: <none>

TIMING-18#101 Warning
Missing input or output delay  
An input delay is missing on i_start relative to the rising and/or falling clock edge(s) of clk.
Related violations: <none>

TIMING-18#102 Warning
Missing input or output delay  
An input delay is missing on i_vec_num_words[0] relative to the rising and/or falling clock edge(s) of clk.
Related violations: <none>

TIMING-18#103 Warning
Missing input or output delay  
An input delay is missing on i_vec_num_words[1] relative to the rising and/or falling clock edge(s) of clk.
Related violations: <none>

TIMING-18#104 Warning
Missing input or output delay  
An input delay is missing on i_vec_num_words[2] relative to the rising and/or falling clock edge(s) of clk.
Related violations: <none>

TIMING-18#105 Warning
Missing input or output delay  
An input delay is missing on i_vec_num_words[3] relative to the rising and/or falling clock edge(s) of clk.
Related violations: <none>

TIMING-18#106 Warning
Missing input or output delay  
An input delay is missing on i_vec_num_words[4] relative to the rising and/or falling clock edge(s) of clk.
Related violations: <none>

TIMING-18#107 Warning
Missing input or output delay  
An input delay is missing on i_vec_num_words[5] relative to the rising and/or falling clock edge(s) of clk.
Related violations: <none>

TIMING-18#108 Warning
Missing input or output delay  
An input delay is missing on i_vec_num_words[6] relative to the rising and/or falling clock edge(s) of clk.
Related violations: <none>

TIMING-18#109 Warning
Missing input or output delay  
An input delay is missing on i_vec_num_words[7] relative to the rising and/or falling clock edge(s) of clk.
Related violations: <none>

TIMING-18#110 Warning
Missing input or output delay  
An input delay is missing on i_vec_num_words[8] relative to the rising and/or falling clock edge(s) of clk.
Related violations: <none>

TIMING-18#111 Warning
Missing input or output delay  
An input delay is missing on i_vec_start_addr[0] relative to the rising and/or falling clock edge(s) of clk.
Related violations: <none>

TIMING-18#112 Warning
Missing input or output delay  
An input delay is missing on i_vec_start_addr[1] relative to the rising and/or falling clock edge(s) of clk.
Related violations: <none>

TIMING-18#113 Warning
Missing input or output delay  
An input delay is missing on i_vec_start_addr[2] relative to the rising and/or falling clock edge(s) of clk.
Related violations: <none>

TIMING-18#114 Warning
Missing input or output delay  
An input delay is missing on i_vec_start_addr[3] relative to the rising and/or falling clock edge(s) of clk.
Related violations: <none>

TIMING-18#115 Warning
Missing input or output delay  
An input delay is missing on i_vec_start_addr[4] relative to the rising and/or falling clock edge(s) of clk.
Related violations: <none>

TIMING-18#116 Warning
Missing input or output delay  
An input delay is missing on i_vec_start_addr[5] relative to the rising and/or falling clock edge(s) of clk.
Related violations: <none>

TIMING-18#117 Warning
Missing input or output delay  
An input delay is missing on i_vec_start_addr[6] relative to the rising and/or falling clock edge(s) of clk.
Related violations: <none>

TIMING-18#118 Warning
Missing input or output delay  
An input delay is missing on i_vec_start_addr[7] relative to the rising and/or falling clock edge(s) of clk.
Related violations: <none>

TIMING-18#119 Warning
Missing input or output delay  
An input delay is missing on i_vec_waddr[0] relative to the rising and/or falling clock edge(s) of clk.
Related violations: <none>

TIMING-18#120 Warning
Missing input or output delay  
An input delay is missing on i_vec_waddr[1] relative to the rising and/or falling clock edge(s) of clk.
Related violations: <none>

TIMING-18#121 Warning
Missing input or output delay  
An input delay is missing on i_vec_waddr[2] relative to the rising and/or falling clock edge(s) of clk.
Related violations: <none>

TIMING-18#122 Warning
Missing input or output delay  
An input delay is missing on i_vec_waddr[3] relative to the rising and/or falling clock edge(s) of clk.
Related violations: <none>

TIMING-18#123 Warning
Missing input or output delay  
An input delay is missing on i_vec_waddr[4] relative to the rising and/or falling clock edge(s) of clk.
Related violations: <none>

TIMING-18#124 Warning
Missing input or output delay  
An input delay is missing on i_vec_waddr[5] relative to the rising and/or falling clock edge(s) of clk.
Related violations: <none>

TIMING-18#125 Warning
Missing input or output delay  
An input delay is missing on i_vec_waddr[6] relative to the rising and/or falling clock edge(s) of clk.
Related violations: <none>

TIMING-18#126 Warning
Missing input or output delay  
An input delay is missing on i_vec_waddr[7] relative to the rising and/or falling clock edge(s) of clk.
Related violations: <none>

TIMING-18#127 Warning
Missing input or output delay  
An input delay is missing on i_vec_wdata[0] relative to the rising and/or falling clock edge(s) of clk.
Related violations: <none>

TIMING-18#128 Warning
Missing input or output delay  
An input delay is missing on i_vec_wdata[10] relative to the rising and/or falling clock edge(s) of clk.
Related violations: <none>

TIMING-18#129 Warning
Missing input or output delay  
An input delay is missing on i_vec_wdata[11] relative to the rising and/or falling clock edge(s) of clk.
Related violations: <none>

TIMING-18#130 Warning
Missing input or output delay  
An input delay is missing on i_vec_wdata[12] relative to the rising and/or falling clock edge(s) of clk.
Related violations: <none>

TIMING-18#131 Warning
Missing input or output delay  
An input delay is missing on i_vec_wdata[13] relative to the rising and/or falling clock edge(s) of clk.
Related violations: <none>

TIMING-18#132 Warning
Missing input or output delay  
An input delay is missing on i_vec_wdata[14] relative to the rising and/or falling clock edge(s) of clk.
Related violations: <none>

TIMING-18#133 Warning
Missing input or output delay  
An input delay is missing on i_vec_wdata[15] relative to the rising and/or falling clock edge(s) of clk.
Related violations: <none>

TIMING-18#134 Warning
Missing input or output delay  
An input delay is missing on i_vec_wdata[16] relative to the rising and/or falling clock edge(s) of clk.
Related violations: <none>

TIMING-18#135 Warning
Missing input or output delay  
An input delay is missing on i_vec_wdata[17] relative to the rising and/or falling clock edge(s) of clk.
Related violations: <none>

TIMING-18#136 Warning
Missing input or output delay  
An input delay is missing on i_vec_wdata[18] relative to the rising and/or falling clock edge(s) of clk.
Related violations: <none>

TIMING-18#137 Warning
Missing input or output delay  
An input delay is missing on i_vec_wdata[19] relative to the rising and/or falling clock edge(s) of clk.
Related violations: <none>

TIMING-18#138 Warning
Missing input or output delay  
An input delay is missing on i_vec_wdata[1] relative to the rising and/or falling clock edge(s) of clk.
Related violations: <none>

TIMING-18#139 Warning
Missing input or output delay  
An input delay is missing on i_vec_wdata[20] relative to the rising and/or falling clock edge(s) of clk.
Related violations: <none>

TIMING-18#140 Warning
Missing input or output delay  
An input delay is missing on i_vec_wdata[21] relative to the rising and/or falling clock edge(s) of clk.
Related violations: <none>

TIMING-18#141 Warning
Missing input or output delay  
An input delay is missing on i_vec_wdata[22] relative to the rising and/or falling clock edge(s) of clk.
Related violations: <none>

TIMING-18#142 Warning
Missing input or output delay  
An input delay is missing on i_vec_wdata[23] relative to the rising and/or falling clock edge(s) of clk.
Related violations: <none>

TIMING-18#143 Warning
Missing input or output delay  
An input delay is missing on i_vec_wdata[24] relative to the rising and/or falling clock edge(s) of clk.
Related violations: <none>

TIMING-18#144 Warning
Missing input or output delay  
An input delay is missing on i_vec_wdata[25] relative to the rising and/or falling clock edge(s) of clk.
Related violations: <none>

TIMING-18#145 Warning
Missing input or output delay  
An input delay is missing on i_vec_wdata[26] relative to the rising and/or falling clock edge(s) of clk.
Related violations: <none>

TIMING-18#146 Warning
Missing input or output delay  
An input delay is missing on i_vec_wdata[27] relative to the rising and/or falling clock edge(s) of clk.
Related violations: <none>

TIMING-18#147 Warning
Missing input or output delay  
An input delay is missing on i_vec_wdata[28] relative to the rising and/or falling clock edge(s) of clk.
Related violations: <none>

TIMING-18#148 Warning
Missing input or output delay  
An input delay is missing on i_vec_wdata[29] relative to the rising and/or falling clock edge(s) of clk.
Related violations: <none>

TIMING-18#149 Warning
Missing input or output delay  
An input delay is missing on i_vec_wdata[2] relative to the rising and/or falling clock edge(s) of clk.
Related violations: <none>

TIMING-18#150 Warning
Missing input or output delay  
An input delay is missing on i_vec_wdata[30] relative to the rising and/or falling clock edge(s) of clk.
Related violations: <none>

TIMING-18#151 Warning
Missing input or output delay  
An input delay is missing on i_vec_wdata[31] relative to the rising and/or falling clock edge(s) of clk.
Related violations: <none>

TIMING-18#152 Warning
Missing input or output delay  
An input delay is missing on i_vec_wdata[32] relative to the rising and/or falling clock edge(s) of clk.
Related violations: <none>

TIMING-18#153 Warning
Missing input or output delay  
An input delay is missing on i_vec_wdata[33] relative to the rising and/or falling clock edge(s) of clk.
Related violations: <none>

TIMING-18#154 Warning
Missing input or output delay  
An input delay is missing on i_vec_wdata[34] relative to the rising and/or falling clock edge(s) of clk.
Related violations: <none>

TIMING-18#155 Warning
Missing input or output delay  
An input delay is missing on i_vec_wdata[35] relative to the rising and/or falling clock edge(s) of clk.
Related violations: <none>

TIMING-18#156 Warning
Missing input or output delay  
An input delay is missing on i_vec_wdata[36] relative to the rising and/or falling clock edge(s) of clk.
Related violations: <none>

TIMING-18#157 Warning
Missing input or output delay  
An input delay is missing on i_vec_wdata[37] relative to the rising and/or falling clock edge(s) of clk.
Related violations: <none>

TIMING-18#158 Warning
Missing input or output delay  
An input delay is missing on i_vec_wdata[38] relative to the rising and/or falling clock edge(s) of clk.
Related violations: <none>

TIMING-18#159 Warning
Missing input or output delay  
An input delay is missing on i_vec_wdata[39] relative to the rising and/or falling clock edge(s) of clk.
Related violations: <none>

TIMING-18#160 Warning
Missing input or output delay  
An input delay is missing on i_vec_wdata[3] relative to the rising and/or falling clock edge(s) of clk.
Related violations: <none>

TIMING-18#161 Warning
Missing input or output delay  
An input delay is missing on i_vec_wdata[40] relative to the rising and/or falling clock edge(s) of clk.
Related violations: <none>

TIMING-18#162 Warning
Missing input or output delay  
An input delay is missing on i_vec_wdata[41] relative to the rising and/or falling clock edge(s) of clk.
Related violations: <none>

TIMING-18#163 Warning
Missing input or output delay  
An input delay is missing on i_vec_wdata[42] relative to the rising and/or falling clock edge(s) of clk.
Related violations: <none>

TIMING-18#164 Warning
Missing input or output delay  
An input delay is missing on i_vec_wdata[43] relative to the rising and/or falling clock edge(s) of clk.
Related violations: <none>

TIMING-18#165 Warning
Missing input or output delay  
An input delay is missing on i_vec_wdata[44] relative to the rising and/or falling clock edge(s) of clk.
Related violations: <none>

TIMING-18#166 Warning
Missing input or output delay  
An input delay is missing on i_vec_wdata[45] relative to the rising and/or falling clock edge(s) of clk.
Related violations: <none>

TIMING-18#167 Warning
Missing input or output delay  
An input delay is missing on i_vec_wdata[46] relative to the rising and/or falling clock edge(s) of clk.
Related violations: <none>

TIMING-18#168 Warning
Missing input or output delay  
An input delay is missing on i_vec_wdata[47] relative to the rising and/or falling clock edge(s) of clk.
Related violations: <none>

TIMING-18#169 Warning
Missing input or output delay  
An input delay is missing on i_vec_wdata[48] relative to the rising and/or falling clock edge(s) of clk.
Related violations: <none>

TIMING-18#170 Warning
Missing input or output delay  
An input delay is missing on i_vec_wdata[49] relative to the rising and/or falling clock edge(s) of clk.
Related violations: <none>

TIMING-18#171 Warning
Missing input or output delay  
An input delay is missing on i_vec_wdata[4] relative to the rising and/or falling clock edge(s) of clk.
Related violations: <none>

TIMING-18#172 Warning
Missing input or output delay  
An input delay is missing on i_vec_wdata[50] relative to the rising and/or falling clock edge(s) of clk.
Related violations: <none>

TIMING-18#173 Warning
Missing input or output delay  
An input delay is missing on i_vec_wdata[51] relative to the rising and/or falling clock edge(s) of clk.
Related violations: <none>

TIMING-18#174 Warning
Missing input or output delay  
An input delay is missing on i_vec_wdata[52] relative to the rising and/or falling clock edge(s) of clk.
Related violations: <none>

TIMING-18#175 Warning
Missing input or output delay  
An input delay is missing on i_vec_wdata[53] relative to the rising and/or falling clock edge(s) of clk.
Related violations: <none>

TIMING-18#176 Warning
Missing input or output delay  
An input delay is missing on i_vec_wdata[54] relative to the rising and/or falling clock edge(s) of clk.
Related violations: <none>

TIMING-18#177 Warning
Missing input or output delay  
An input delay is missing on i_vec_wdata[55] relative to the rising and/or falling clock edge(s) of clk.
Related violations: <none>

TIMING-18#178 Warning
Missing input or output delay  
An input delay is missing on i_vec_wdata[56] relative to the rising and/or falling clock edge(s) of clk.
Related violations: <none>

TIMING-18#179 Warning
Missing input or output delay  
An input delay is missing on i_vec_wdata[57] relative to the rising and/or falling clock edge(s) of clk.
Related violations: <none>

TIMING-18#180 Warning
Missing input or output delay  
An input delay is missing on i_vec_wdata[58] relative to the rising and/or falling clock edge(s) of clk.
Related violations: <none>

TIMING-18#181 Warning
Missing input or output delay  
An input delay is missing on i_vec_wdata[59] relative to the rising and/or falling clock edge(s) of clk.
Related violations: <none>

TIMING-18#182 Warning
Missing input or output delay  
An input delay is missing on i_vec_wdata[5] relative to the rising and/or falling clock edge(s) of clk.
Related violations: <none>

TIMING-18#183 Warning
Missing input or output delay  
An input delay is missing on i_vec_wdata[60] relative to the rising and/or falling clock edge(s) of clk.
Related violations: <none>

TIMING-18#184 Warning
Missing input or output delay  
An input delay is missing on i_vec_wdata[61] relative to the rising and/or falling clock edge(s) of clk.
Related violations: <none>

TIMING-18#185 Warning
Missing input or output delay  
An input delay is missing on i_vec_wdata[62] relative to the rising and/or falling clock edge(s) of clk.
Related violations: <none>

TIMING-18#186 Warning
Missing input or output delay  
An input delay is missing on i_vec_wdata[63] relative to the rising and/or falling clock edge(s) of clk.
Related violations: <none>

TIMING-18#187 Warning
Missing input or output delay  
An input delay is missing on i_vec_wdata[6] relative to the rising and/or falling clock edge(s) of clk.
Related violations: <none>

TIMING-18#188 Warning
Missing input or output delay  
An input delay is missing on i_vec_wdata[7] relative to the rising and/or falling clock edge(s) of clk.
Related violations: <none>

TIMING-18#189 Warning
Missing input or output delay  
An input delay is missing on i_vec_wdata[8] relative to the rising and/or falling clock edge(s) of clk.
Related violations: <none>

TIMING-18#190 Warning
Missing input or output delay  
An input delay is missing on i_vec_wdata[9] relative to the rising and/or falling clock edge(s) of clk.
Related violations: <none>

TIMING-18#191 Warning
Missing input or output delay  
An input delay is missing on i_vec_wen relative to the rising and/or falling clock edge(s) of clk.
Related violations: <none>

TIMING-18#192 Warning
Missing input or output delay  
An input delay is missing on rst relative to the rising and/or falling clock edge(s) of clk.
Related violations: <none>

TIMING-18#193 Warning
Missing input or output delay  
An output delay is missing on o_busy relative to the rising and/or falling clock edge(s) of clk.
Related violations: <none>

TIMING-18#194 Warning
Missing input or output delay  
An output delay is missing on o_result[0] relative to the rising and/or falling clock edge(s) of clk.
Related violations: <none>

TIMING-18#195 Warning
Missing input or output delay  
An output delay is missing on o_result[100] relative to the rising and/or falling clock edge(s) of clk.
Related violations: <none>

TIMING-18#196 Warning
Missing input or output delay  
An output delay is missing on o_result[101] relative to the rising and/or falling clock edge(s) of clk.
Related violations: <none>

TIMING-18#197 Warning
Missing input or output delay  
An output delay is missing on o_result[102] relative to the rising and/or falling clock edge(s) of clk.
Related violations: <none>

TIMING-18#198 Warning
Missing input or output delay  
An output delay is missing on o_result[103] relative to the rising and/or falling clock edge(s) of clk.
Related violations: <none>

TIMING-18#199 Warning
Missing input or output delay  
An output delay is missing on o_result[104] relative to the rising and/or falling clock edge(s) of clk.
Related violations: <none>

TIMING-18#200 Warning
Missing input or output delay  
An output delay is missing on o_result[105] relative to the rising and/or falling clock edge(s) of clk.
Related violations: <none>

TIMING-18#201 Warning
Missing input or output delay  
An output delay is missing on o_result[106] relative to the rising and/or falling clock edge(s) of clk.
Related violations: <none>

TIMING-18#202 Warning
Missing input or output delay  
An output delay is missing on o_result[107] relative to the rising and/or falling clock edge(s) of clk.
Related violations: <none>

TIMING-18#203 Warning
Missing input or output delay  
An output delay is missing on o_result[108] relative to the rising and/or falling clock edge(s) of clk.
Related violations: <none>

TIMING-18#204 Warning
Missing input or output delay  
An output delay is missing on o_result[109] relative to the rising and/or falling clock edge(s) of clk.
Related violations: <none>

TIMING-18#205 Warning
Missing input or output delay  
An output delay is missing on o_result[10] relative to the rising and/or falling clock edge(s) of clk.
Related violations: <none>

TIMING-18#206 Warning
Missing input or output delay  
An output delay is missing on o_result[110] relative to the rising and/or falling clock edge(s) of clk.
Related violations: <none>

TIMING-18#207 Warning
Missing input or output delay  
An output delay is missing on o_result[111] relative to the rising and/or falling clock edge(s) of clk.
Related violations: <none>

TIMING-18#208 Warning
Missing input or output delay  
An output delay is missing on o_result[112] relative to the rising and/or falling clock edge(s) of clk.
Related violations: <none>

TIMING-18#209 Warning
Missing input or output delay  
An output delay is missing on o_result[113] relative to the rising and/or falling clock edge(s) of clk.
Related violations: <none>

TIMING-18#210 Warning
Missing input or output delay  
An output delay is missing on o_result[114] relative to the rising and/or falling clock edge(s) of clk.
Related violations: <none>

TIMING-18#211 Warning
Missing input or output delay  
An output delay is missing on o_result[115] relative to the rising and/or falling clock edge(s) of clk.
Related violations: <none>

TIMING-18#212 Warning
Missing input or output delay  
An output delay is missing on o_result[116] relative to the rising and/or falling clock edge(s) of clk.
Related violations: <none>

TIMING-18#213 Warning
Missing input or output delay  
An output delay is missing on o_result[117] relative to the rising and/or falling clock edge(s) of clk.
Related violations: <none>

TIMING-18#214 Warning
Missing input or output delay  
An output delay is missing on o_result[118] relative to the rising and/or falling clock edge(s) of clk.
Related violations: <none>

TIMING-18#215 Warning
Missing input or output delay  
An output delay is missing on o_result[119] relative to the rising and/or falling clock edge(s) of clk.
Related violations: <none>

TIMING-18#216 Warning
Missing input or output delay  
An output delay is missing on o_result[11] relative to the rising and/or falling clock edge(s) of clk.
Related violations: <none>

TIMING-18#217 Warning
Missing input or output delay  
An output delay is missing on o_result[120] relative to the rising and/or falling clock edge(s) of clk.
Related violations: <none>

TIMING-18#218 Warning
Missing input or output delay  
An output delay is missing on o_result[121] relative to the rising and/or falling clock edge(s) of clk.
Related violations: <none>

TIMING-18#219 Warning
Missing input or output delay  
An output delay is missing on o_result[122] relative to the rising and/or falling clock edge(s) of clk.
Related violations: <none>

TIMING-18#220 Warning
Missing input or output delay  
An output delay is missing on o_result[123] relative to the rising and/or falling clock edge(s) of clk.
Related violations: <none>

TIMING-18#221 Warning
Missing input or output delay  
An output delay is missing on o_result[124] relative to the rising and/or falling clock edge(s) of clk.
Related violations: <none>

TIMING-18#222 Warning
Missing input or output delay  
An output delay is missing on o_result[125] relative to the rising and/or falling clock edge(s) of clk.
Related violations: <none>

TIMING-18#223 Warning
Missing input or output delay  
An output delay is missing on o_result[126] relative to the rising and/or falling clock edge(s) of clk.
Related violations: <none>

TIMING-18#224 Warning
Missing input or output delay  
An output delay is missing on o_result[127] relative to the rising and/or falling clock edge(s) of clk.
Related violations: <none>

TIMING-18#225 Warning
Missing input or output delay  
An output delay is missing on o_result[128] relative to the rising and/or falling clock edge(s) of clk.
Related violations: <none>

TIMING-18#226 Warning
Missing input or output delay  
An output delay is missing on o_result[129] relative to the rising and/or falling clock edge(s) of clk.
Related violations: <none>

TIMING-18#227 Warning
Missing input or output delay  
An output delay is missing on o_result[12] relative to the rising and/or falling clock edge(s) of clk.
Related violations: <none>

TIMING-18#228 Warning
Missing input or output delay  
An output delay is missing on o_result[130] relative to the rising and/or falling clock edge(s) of clk.
Related violations: <none>

TIMING-18#229 Warning
Missing input or output delay  
An output delay is missing on o_result[131] relative to the rising and/or falling clock edge(s) of clk.
Related violations: <none>

TIMING-18#230 Warning
Missing input or output delay  
An output delay is missing on o_result[132] relative to the rising and/or falling clock edge(s) of clk.
Related violations: <none>

TIMING-18#231 Warning
Missing input or output delay  
An output delay is missing on o_result[133] relative to the rising and/or falling clock edge(s) of clk.
Related violations: <none>

TIMING-18#232 Warning
Missing input or output delay  
An output delay is missing on o_result[134] relative to the rising and/or falling clock edge(s) of clk.
Related violations: <none>

TIMING-18#233 Warning
Missing input or output delay  
An output delay is missing on o_result[135] relative to the rising and/or falling clock edge(s) of clk.
Related violations: <none>

TIMING-18#234 Warning
Missing input or output delay  
An output delay is missing on o_result[136] relative to the rising and/or falling clock edge(s) of clk.
Related violations: <none>

TIMING-18#235 Warning
Missing input or output delay  
An output delay is missing on o_result[137] relative to the rising and/or falling clock edge(s) of clk.
Related violations: <none>

TIMING-18#236 Warning
Missing input or output delay  
An output delay is missing on o_result[138] relative to the rising and/or falling clock edge(s) of clk.
Related violations: <none>

TIMING-18#237 Warning
Missing input or output delay  
An output delay is missing on o_result[139] relative to the rising and/or falling clock edge(s) of clk.
Related violations: <none>

TIMING-18#238 Warning
Missing input or output delay  
An output delay is missing on o_result[13] relative to the rising and/or falling clock edge(s) of clk.
Related violations: <none>

TIMING-18#239 Warning
Missing input or output delay  
An output delay is missing on o_result[140] relative to the rising and/or falling clock edge(s) of clk.
Related violations: <none>

TIMING-18#240 Warning
Missing input or output delay  
An output delay is missing on o_result[141] relative to the rising and/or falling clock edge(s) of clk.
Related violations: <none>

TIMING-18#241 Warning
Missing input or output delay  
An output delay is missing on o_result[142] relative to the rising and/or falling clock edge(s) of clk.
Related violations: <none>

TIMING-18#242 Warning
Missing input or output delay  
An output delay is missing on o_result[143] relative to the rising and/or falling clock edge(s) of clk.
Related violations: <none>

TIMING-18#243 Warning
Missing input or output delay  
An output delay is missing on o_result[144] relative to the rising and/or falling clock edge(s) of clk.
Related violations: <none>

TIMING-18#244 Warning
Missing input or output delay  
An output delay is missing on o_result[145] relative to the rising and/or falling clock edge(s) of clk.
Related violations: <none>

TIMING-18#245 Warning
Missing input or output delay  
An output delay is missing on o_result[146] relative to the rising and/or falling clock edge(s) of clk.
Related violations: <none>

TIMING-18#246 Warning
Missing input or output delay  
An output delay is missing on o_result[147] relative to the rising and/or falling clock edge(s) of clk.
Related violations: <none>

TIMING-18#247 Warning
Missing input or output delay  
An output delay is missing on o_result[148] relative to the rising and/or falling clock edge(s) of clk.
Related violations: <none>

TIMING-18#248 Warning
Missing input or output delay  
An output delay is missing on o_result[149] relative to the rising and/or falling clock edge(s) of clk.
Related violations: <none>

TIMING-18#249 Warning
Missing input or output delay  
An output delay is missing on o_result[14] relative to the rising and/or falling clock edge(s) of clk.
Related violations: <none>

TIMING-18#250 Warning
Missing input or output delay  
An output delay is missing on o_result[150] relative to the rising and/or falling clock edge(s) of clk.
Related violations: <none>

TIMING-18#251 Warning
Missing input or output delay  
An output delay is missing on o_result[151] relative to the rising and/or falling clock edge(s) of clk.
Related violations: <none>

TIMING-18#252 Warning
Missing input or output delay  
An output delay is missing on o_result[152] relative to the rising and/or falling clock edge(s) of clk.
Related violations: <none>

TIMING-18#253 Warning
Missing input or output delay  
An output delay is missing on o_result[153] relative to the rising and/or falling clock edge(s) of clk.
Related violations: <none>

TIMING-18#254 Warning
Missing input or output delay  
An output delay is missing on o_result[154] relative to the rising and/or falling clock edge(s) of clk.
Related violations: <none>

TIMING-18#255 Warning
Missing input or output delay  
An output delay is missing on o_result[155] relative to the rising and/or falling clock edge(s) of clk.
Related violations: <none>

TIMING-18#256 Warning
Missing input or output delay  
An output delay is missing on o_result[156] relative to the rising and/or falling clock edge(s) of clk.
Related violations: <none>

TIMING-18#257 Warning
Missing input or output delay  
An output delay is missing on o_result[157] relative to the rising and/or falling clock edge(s) of clk.
Related violations: <none>

TIMING-18#258 Warning
Missing input or output delay  
An output delay is missing on o_result[158] relative to the rising and/or falling clock edge(s) of clk.
Related violations: <none>

TIMING-18#259 Warning
Missing input or output delay  
An output delay is missing on o_result[159] relative to the rising and/or falling clock edge(s) of clk.
Related violations: <none>

TIMING-18#260 Warning
Missing input or output delay  
An output delay is missing on o_result[15] relative to the rising and/or falling clock edge(s) of clk.
Related violations: <none>

TIMING-18#261 Warning
Missing input or output delay  
An output delay is missing on o_result[160] relative to the rising and/or falling clock edge(s) of clk.
Related violations: <none>

TIMING-18#262 Warning
Missing input or output delay  
An output delay is missing on o_result[161] relative to the rising and/or falling clock edge(s) of clk.
Related violations: <none>

TIMING-18#263 Warning
Missing input or output delay  
An output delay is missing on o_result[162] relative to the rising and/or falling clock edge(s) of clk.
Related violations: <none>

TIMING-18#264 Warning
Missing input or output delay  
An output delay is missing on o_result[163] relative to the rising and/or falling clock edge(s) of clk.
Related violations: <none>

TIMING-18#265 Warning
Missing input or output delay  
An output delay is missing on o_result[164] relative to the rising and/or falling clock edge(s) of clk.
Related violations: <none>

TIMING-18#266 Warning
Missing input or output delay  
An output delay is missing on o_result[165] relative to the rising and/or falling clock edge(s) of clk.
Related violations: <none>

TIMING-18#267 Warning
Missing input or output delay  
An output delay is missing on o_result[166] relative to the rising and/or falling clock edge(s) of clk.
Related violations: <none>

TIMING-18#268 Warning
Missing input or output delay  
An output delay is missing on o_result[167] relative to the rising and/or falling clock edge(s) of clk.
Related violations: <none>

TIMING-18#269 Warning
Missing input or output delay  
An output delay is missing on o_result[168] relative to the rising and/or falling clock edge(s) of clk.
Related violations: <none>

TIMING-18#270 Warning
Missing input or output delay  
An output delay is missing on o_result[169] relative to the rising and/or falling clock edge(s) of clk.
Related violations: <none>

TIMING-18#271 Warning
Missing input or output delay  
An output delay is missing on o_result[16] relative to the rising and/or falling clock edge(s) of clk.
Related violations: <none>

TIMING-18#272 Warning
Missing input or output delay  
An output delay is missing on o_result[170] relative to the rising and/or falling clock edge(s) of clk.
Related violations: <none>

TIMING-18#273 Warning
Missing input or output delay  
An output delay is missing on o_result[171] relative to the rising and/or falling clock edge(s) of clk.
Related violations: <none>

TIMING-18#274 Warning
Missing input or output delay  
An output delay is missing on o_result[172] relative to the rising and/or falling clock edge(s) of clk.
Related violations: <none>

TIMING-18#275 Warning
Missing input or output delay  
An output delay is missing on o_result[173] relative to the rising and/or falling clock edge(s) of clk.
Related violations: <none>

TIMING-18#276 Warning
Missing input or output delay  
An output delay is missing on o_result[174] relative to the rising and/or falling clock edge(s) of clk.
Related violations: <none>

TIMING-18#277 Warning
Missing input or output delay  
An output delay is missing on o_result[175] relative to the rising and/or falling clock edge(s) of clk.
Related violations: <none>

TIMING-18#278 Warning
Missing input or output delay  
An output delay is missing on o_result[176] relative to the rising and/or falling clock edge(s) of clk.
Related violations: <none>

TIMING-18#279 Warning
Missing input or output delay  
An output delay is missing on o_result[177] relative to the rising and/or falling clock edge(s) of clk.
Related violations: <none>

TIMING-18#280 Warning
Missing input or output delay  
An output delay is missing on o_result[178] relative to the rising and/or falling clock edge(s) of clk.
Related violations: <none>

TIMING-18#281 Warning
Missing input or output delay  
An output delay is missing on o_result[179] relative to the rising and/or falling clock edge(s) of clk.
Related violations: <none>

TIMING-18#282 Warning
Missing input or output delay  
An output delay is missing on o_result[17] relative to the rising and/or falling clock edge(s) of clk.
Related violations: <none>

TIMING-18#283 Warning
Missing input or output delay  
An output delay is missing on o_result[180] relative to the rising and/or falling clock edge(s) of clk.
Related violations: <none>

TIMING-18#284 Warning
Missing input or output delay  
An output delay is missing on o_result[181] relative to the rising and/or falling clock edge(s) of clk.
Related violations: <none>

TIMING-18#285 Warning
Missing input or output delay  
An output delay is missing on o_result[182] relative to the rising and/or falling clock edge(s) of clk.
Related violations: <none>

TIMING-18#286 Warning
Missing input or output delay  
An output delay is missing on o_result[183] relative to the rising and/or falling clock edge(s) of clk.
Related violations: <none>

TIMING-18#287 Warning
Missing input or output delay  
An output delay is missing on o_result[184] relative to the rising and/or falling clock edge(s) of clk.
Related violations: <none>

TIMING-18#288 Warning
Missing input or output delay  
An output delay is missing on o_result[185] relative to the rising and/or falling clock edge(s) of clk.
Related violations: <none>

TIMING-18#289 Warning
Missing input or output delay  
An output delay is missing on o_result[186] relative to the rising and/or falling clock edge(s) of clk.
Related violations: <none>

TIMING-18#290 Warning
Missing input or output delay  
An output delay is missing on o_result[187] relative to the rising and/or falling clock edge(s) of clk.
Related violations: <none>

TIMING-18#291 Warning
Missing input or output delay  
An output delay is missing on o_result[188] relative to the rising and/or falling clock edge(s) of clk.
Related violations: <none>

TIMING-18#292 Warning
Missing input or output delay  
An output delay is missing on o_result[189] relative to the rising and/or falling clock edge(s) of clk.
Related violations: <none>

TIMING-18#293 Warning
Missing input or output delay  
An output delay is missing on o_result[18] relative to the rising and/or falling clock edge(s) of clk.
Related violations: <none>

TIMING-18#294 Warning
Missing input or output delay  
An output delay is missing on o_result[190] relative to the rising and/or falling clock edge(s) of clk.
Related violations: <none>

TIMING-18#295 Warning
Missing input or output delay  
An output delay is missing on o_result[191] relative to the rising and/or falling clock edge(s) of clk.
Related violations: <none>

TIMING-18#296 Warning
Missing input or output delay  
An output delay is missing on o_result[192] relative to the rising and/or falling clock edge(s) of clk.
Related violations: <none>

TIMING-18#297 Warning
Missing input or output delay  
An output delay is missing on o_result[193] relative to the rising and/or falling clock edge(s) of clk.
Related violations: <none>

TIMING-18#298 Warning
Missing input or output delay  
An output delay is missing on o_result[194] relative to the rising and/or falling clock edge(s) of clk.
Related violations: <none>

TIMING-18#299 Warning
Missing input or output delay  
An output delay is missing on o_result[195] relative to the rising and/or falling clock edge(s) of clk.
Related violations: <none>

TIMING-18#300 Warning
Missing input or output delay  
An output delay is missing on o_result[196] relative to the rising and/or falling clock edge(s) of clk.
Related violations: <none>

TIMING-18#301 Warning
Missing input or output delay  
An output delay is missing on o_result[197] relative to the rising and/or falling clock edge(s) of clk.
Related violations: <none>

TIMING-18#302 Warning
Missing input or output delay  
An output delay is missing on o_result[198] relative to the rising and/or falling clock edge(s) of clk.
Related violations: <none>

TIMING-18#303 Warning
Missing input or output delay  
An output delay is missing on o_result[199] relative to the rising and/or falling clock edge(s) of clk.
Related violations: <none>

TIMING-18#304 Warning
Missing input or output delay  
An output delay is missing on o_result[19] relative to the rising and/or falling clock edge(s) of clk.
Related violations: <none>

TIMING-18#305 Warning
Missing input or output delay  
An output delay is missing on o_result[1] relative to the rising and/or falling clock edge(s) of clk.
Related violations: <none>

TIMING-18#306 Warning
Missing input or output delay  
An output delay is missing on o_result[200] relative to the rising and/or falling clock edge(s) of clk.
Related violations: <none>

TIMING-18#307 Warning
Missing input or output delay  
An output delay is missing on o_result[201] relative to the rising and/or falling clock edge(s) of clk.
Related violations: <none>

TIMING-18#308 Warning
Missing input or output delay  
An output delay is missing on o_result[202] relative to the rising and/or falling clock edge(s) of clk.
Related violations: <none>

TIMING-18#309 Warning
Missing input or output delay  
An output delay is missing on o_result[203] relative to the rising and/or falling clock edge(s) of clk.
Related violations: <none>

TIMING-18#310 Warning
Missing input or output delay  
An output delay is missing on o_result[204] relative to the rising and/or falling clock edge(s) of clk.
Related violations: <none>

TIMING-18#311 Warning
Missing input or output delay  
An output delay is missing on o_result[205] relative to the rising and/or falling clock edge(s) of clk.
Related violations: <none>

TIMING-18#312 Warning
Missing input or output delay  
An output delay is missing on o_result[206] relative to the rising and/or falling clock edge(s) of clk.
Related violations: <none>

TIMING-18#313 Warning
Missing input or output delay  
An output delay is missing on o_result[207] relative to the rising and/or falling clock edge(s) of clk.
Related violations: <none>

TIMING-18#314 Warning
Missing input or output delay  
An output delay is missing on o_result[208] relative to the rising and/or falling clock edge(s) of clk.
Related violations: <none>

TIMING-18#315 Warning
Missing input or output delay  
An output delay is missing on o_result[209] relative to the rising and/or falling clock edge(s) of clk.
Related violations: <none>

TIMING-18#316 Warning
Missing input or output delay  
An output delay is missing on o_result[20] relative to the rising and/or falling clock edge(s) of clk.
Related violations: <none>

TIMING-18#317 Warning
Missing input or output delay  
An output delay is missing on o_result[210] relative to the rising and/or falling clock edge(s) of clk.
Related violations: <none>

TIMING-18#318 Warning
Missing input or output delay  
An output delay is missing on o_result[211] relative to the rising and/or falling clock edge(s) of clk.
Related violations: <none>

TIMING-18#319 Warning
Missing input or output delay  
An output delay is missing on o_result[212] relative to the rising and/or falling clock edge(s) of clk.
Related violations: <none>

TIMING-18#320 Warning
Missing input or output delay  
An output delay is missing on o_result[213] relative to the rising and/or falling clock edge(s) of clk.
Related violations: <none>

TIMING-18#321 Warning
Missing input or output delay  
An output delay is missing on o_result[214] relative to the rising and/or falling clock edge(s) of clk.
Related violations: <none>

TIMING-18#322 Warning
Missing input or output delay  
An output delay is missing on o_result[215] relative to the rising and/or falling clock edge(s) of clk.
Related violations: <none>

TIMING-18#323 Warning
Missing input or output delay  
An output delay is missing on o_result[216] relative to the rising and/or falling clock edge(s) of clk.
Related violations: <none>

TIMING-18#324 Warning
Missing input or output delay  
An output delay is missing on o_result[217] relative to the rising and/or falling clock edge(s) of clk.
Related violations: <none>

TIMING-18#325 Warning
Missing input or output delay  
An output delay is missing on o_result[218] relative to the rising and/or falling clock edge(s) of clk.
Related violations: <none>

TIMING-18#326 Warning
Missing input or output delay  
An output delay is missing on o_result[219] relative to the rising and/or falling clock edge(s) of clk.
Related violations: <none>

TIMING-18#327 Warning
Missing input or output delay  
An output delay is missing on o_result[21] relative to the rising and/or falling clock edge(s) of clk.
Related violations: <none>

TIMING-18#328 Warning
Missing input or output delay  
An output delay is missing on o_result[220] relative to the rising and/or falling clock edge(s) of clk.
Related violations: <none>

TIMING-18#329 Warning
Missing input or output delay  
An output delay is missing on o_result[221] relative to the rising and/or falling clock edge(s) of clk.
Related violations: <none>

TIMING-18#330 Warning
Missing input or output delay  
An output delay is missing on o_result[222] relative to the rising and/or falling clock edge(s) of clk.
Related violations: <none>

TIMING-18#331 Warning
Missing input or output delay  
An output delay is missing on o_result[223] relative to the rising and/or falling clock edge(s) of clk.
Related violations: <none>

TIMING-18#332 Warning
Missing input or output delay  
An output delay is missing on o_result[224] relative to the rising and/or falling clock edge(s) of clk.
Related violations: <none>

TIMING-18#333 Warning
Missing input or output delay  
An output delay is missing on o_result[225] relative to the rising and/or falling clock edge(s) of clk.
Related violations: <none>

TIMING-18#334 Warning
Missing input or output delay  
An output delay is missing on o_result[226] relative to the rising and/or falling clock edge(s) of clk.
Related violations: <none>

TIMING-18#335 Warning
Missing input or output delay  
An output delay is missing on o_result[227] relative to the rising and/or falling clock edge(s) of clk.
Related violations: <none>

TIMING-18#336 Warning
Missing input or output delay  
An output delay is missing on o_result[228] relative to the rising and/or falling clock edge(s) of clk.
Related violations: <none>

TIMING-18#337 Warning
Missing input or output delay  
An output delay is missing on o_result[229] relative to the rising and/or falling clock edge(s) of clk.
Related violations: <none>

TIMING-18#338 Warning
Missing input or output delay  
An output delay is missing on o_result[22] relative to the rising and/or falling clock edge(s) of clk.
Related violations: <none>

TIMING-18#339 Warning
Missing input or output delay  
An output delay is missing on o_result[230] relative to the rising and/or falling clock edge(s) of clk.
Related violations: <none>

TIMING-18#340 Warning
Missing input or output delay  
An output delay is missing on o_result[231] relative to the rising and/or falling clock edge(s) of clk.
Related violations: <none>

TIMING-18#341 Warning
Missing input or output delay  
An output delay is missing on o_result[232] relative to the rising and/or falling clock edge(s) of clk.
Related violations: <none>

TIMING-18#342 Warning
Missing input or output delay  
An output delay is missing on o_result[233] relative to the rising and/or falling clock edge(s) of clk.
Related violations: <none>

TIMING-18#343 Warning
Missing input or output delay  
An output delay is missing on o_result[234] relative to the rising and/or falling clock edge(s) of clk.
Related violations: <none>

TIMING-18#344 Warning
Missing input or output delay  
An output delay is missing on o_result[235] relative to the rising and/or falling clock edge(s) of clk.
Related violations: <none>

TIMING-18#345 Warning
Missing input or output delay  
An output delay is missing on o_result[236] relative to the rising and/or falling clock edge(s) of clk.
Related violations: <none>

TIMING-18#346 Warning
Missing input or output delay  
An output delay is missing on o_result[237] relative to the rising and/or falling clock edge(s) of clk.
Related violations: <none>

TIMING-18#347 Warning
Missing input or output delay  
An output delay is missing on o_result[238] relative to the rising and/or falling clock edge(s) of clk.
Related violations: <none>

TIMING-18#348 Warning
Missing input or output delay  
An output delay is missing on o_result[239] relative to the rising and/or falling clock edge(s) of clk.
Related violations: <none>

TIMING-18#349 Warning
Missing input or output delay  
An output delay is missing on o_result[23] relative to the rising and/or falling clock edge(s) of clk.
Related violations: <none>

TIMING-18#350 Warning
Missing input or output delay  
An output delay is missing on o_result[240] relative to the rising and/or falling clock edge(s) of clk.
Related violations: <none>

TIMING-18#351 Warning
Missing input or output delay  
An output delay is missing on o_result[241] relative to the rising and/or falling clock edge(s) of clk.
Related violations: <none>

TIMING-18#352 Warning
Missing input or output delay  
An output delay is missing on o_result[242] relative to the rising and/or falling clock edge(s) of clk.
Related violations: <none>

TIMING-18#353 Warning
Missing input or output delay  
An output delay is missing on o_result[243] relative to the rising and/or falling clock edge(s) of clk.
Related violations: <none>

TIMING-18#354 Warning
Missing input or output delay  
An output delay is missing on o_result[244] relative to the rising and/or falling clock edge(s) of clk.
Related violations: <none>

TIMING-18#355 Warning
Missing input or output delay  
An output delay is missing on o_result[245] relative to the rising and/or falling clock edge(s) of clk.
Related violations: <none>

TIMING-18#356 Warning
Missing input or output delay  
An output delay is missing on o_result[246] relative to the rising and/or falling clock edge(s) of clk.
Related violations: <none>

TIMING-18#357 Warning
Missing input or output delay  
An output delay is missing on o_result[247] relative to the rising and/or falling clock edge(s) of clk.
Related violations: <none>

TIMING-18#358 Warning
Missing input or output delay  
An output delay is missing on o_result[248] relative to the rising and/or falling clock edge(s) of clk.
Related violations: <none>

TIMING-18#359 Warning
Missing input or output delay  
An output delay is missing on o_result[249] relative to the rising and/or falling clock edge(s) of clk.
Related violations: <none>

TIMING-18#360 Warning
Missing input or output delay  
An output delay is missing on o_result[24] relative to the rising and/or falling clock edge(s) of clk.
Related violations: <none>

TIMING-18#361 Warning
Missing input or output delay  
An output delay is missing on o_result[250] relative to the rising and/or falling clock edge(s) of clk.
Related violations: <none>

TIMING-18#362 Warning
Missing input or output delay  
An output delay is missing on o_result[251] relative to the rising and/or falling clock edge(s) of clk.
Related violations: <none>

TIMING-18#363 Warning
Missing input or output delay  
An output delay is missing on o_result[252] relative to the rising and/or falling clock edge(s) of clk.
Related violations: <none>

TIMING-18#364 Warning
Missing input or output delay  
An output delay is missing on o_result[253] relative to the rising and/or falling clock edge(s) of clk.
Related violations: <none>

TIMING-18#365 Warning
Missing input or output delay  
An output delay is missing on o_result[254] relative to the rising and/or falling clock edge(s) of clk.
Related violations: <none>

TIMING-18#366 Warning
Missing input or output delay  
An output delay is missing on o_result[255] relative to the rising and/or falling clock edge(s) of clk.
Related violations: <none>

TIMING-18#367 Warning
Missing input or output delay  
An output delay is missing on o_result[25] relative to the rising and/or falling clock edge(s) of clk.
Related violations: <none>

TIMING-18#368 Warning
Missing input or output delay  
An output delay is missing on o_result[26] relative to the rising and/or falling clock edge(s) of clk.
Related violations: <none>

TIMING-18#369 Warning
Missing input or output delay  
An output delay is missing on o_result[27] relative to the rising and/or falling clock edge(s) of clk.
Related violations: <none>

TIMING-18#370 Warning
Missing input or output delay  
An output delay is missing on o_result[28] relative to the rising and/or falling clock edge(s) of clk.
Related violations: <none>

TIMING-18#371 Warning
Missing input or output delay  
An output delay is missing on o_result[29] relative to the rising and/or falling clock edge(s) of clk.
Related violations: <none>

TIMING-18#372 Warning
Missing input or output delay  
An output delay is missing on o_result[2] relative to the rising and/or falling clock edge(s) of clk.
Related violations: <none>

TIMING-18#373 Warning
Missing input or output delay  
An output delay is missing on o_result[30] relative to the rising and/or falling clock edge(s) of clk.
Related violations: <none>

TIMING-18#374 Warning
Missing input or output delay  
An output delay is missing on o_result[31] relative to the rising and/or falling clock edge(s) of clk.
Related violations: <none>

TIMING-18#375 Warning
Missing input or output delay  
An output delay is missing on o_result[32] relative to the rising and/or falling clock edge(s) of clk.
Related violations: <none>

TIMING-18#376 Warning
Missing input or output delay  
An output delay is missing on o_result[33] relative to the rising and/or falling clock edge(s) of clk.
Related violations: <none>

TIMING-18#377 Warning
Missing input or output delay  
An output delay is missing on o_result[34] relative to the rising and/or falling clock edge(s) of clk.
Related violations: <none>

TIMING-18#378 Warning
Missing input or output delay  
An output delay is missing on o_result[35] relative to the rising and/or falling clock edge(s) of clk.
Related violations: <none>

TIMING-18#379 Warning
Missing input or output delay  
An output delay is missing on o_result[36] relative to the rising and/or falling clock edge(s) of clk.
Related violations: <none>

TIMING-18#380 Warning
Missing input or output delay  
An output delay is missing on o_result[37] relative to the rising and/or falling clock edge(s) of clk.
Related violations: <none>

TIMING-18#381 Warning
Missing input or output delay  
An output delay is missing on o_result[38] relative to the rising and/or falling clock edge(s) of clk.
Related violations: <none>

TIMING-18#382 Warning
Missing input or output delay  
An output delay is missing on o_result[39] relative to the rising and/or falling clock edge(s) of clk.
Related violations: <none>

TIMING-18#383 Warning
Missing input or output delay  
An output delay is missing on o_result[3] relative to the rising and/or falling clock edge(s) of clk.
Related violations: <none>

TIMING-18#384 Warning
Missing input or output delay  
An output delay is missing on o_result[40] relative to the rising and/or falling clock edge(s) of clk.
Related violations: <none>

TIMING-18#385 Warning
Missing input or output delay  
An output delay is missing on o_result[41] relative to the rising and/or falling clock edge(s) of clk.
Related violations: <none>

TIMING-18#386 Warning
Missing input or output delay  
An output delay is missing on o_result[42] relative to the rising and/or falling clock edge(s) of clk.
Related violations: <none>

TIMING-18#387 Warning
Missing input or output delay  
An output delay is missing on o_result[43] relative to the rising and/or falling clock edge(s) of clk.
Related violations: <none>

TIMING-18#388 Warning
Missing input or output delay  
An output delay is missing on o_result[44] relative to the rising and/or falling clock edge(s) of clk.
Related violations: <none>

TIMING-18#389 Warning
Missing input or output delay  
An output delay is missing on o_result[45] relative to the rising and/or falling clock edge(s) of clk.
Related violations: <none>

TIMING-18#390 Warning
Missing input or output delay  
An output delay is missing on o_result[46] relative to the rising and/or falling clock edge(s) of clk.
Related violations: <none>

TIMING-18#391 Warning
Missing input or output delay  
An output delay is missing on o_result[47] relative to the rising and/or falling clock edge(s) of clk.
Related violations: <none>

TIMING-18#392 Warning
Missing input or output delay  
An output delay is missing on o_result[48] relative to the rising and/or falling clock edge(s) of clk.
Related violations: <none>

TIMING-18#393 Warning
Missing input or output delay  
An output delay is missing on o_result[49] relative to the rising and/or falling clock edge(s) of clk.
Related violations: <none>

TIMING-18#394 Warning
Missing input or output delay  
An output delay is missing on o_result[4] relative to the rising and/or falling clock edge(s) of clk.
Related violations: <none>

TIMING-18#395 Warning
Missing input or output delay  
An output delay is missing on o_result[50] relative to the rising and/or falling clock edge(s) of clk.
Related violations: <none>

TIMING-18#396 Warning
Missing input or output delay  
An output delay is missing on o_result[51] relative to the rising and/or falling clock edge(s) of clk.
Related violations: <none>

TIMING-18#397 Warning
Missing input or output delay  
An output delay is missing on o_result[52] relative to the rising and/or falling clock edge(s) of clk.
Related violations: <none>

TIMING-18#398 Warning
Missing input or output delay  
An output delay is missing on o_result[53] relative to the rising and/or falling clock edge(s) of clk.
Related violations: <none>

TIMING-18#399 Warning
Missing input or output delay  
An output delay is missing on o_result[54] relative to the rising and/or falling clock edge(s) of clk.
Related violations: <none>

TIMING-18#400 Warning
Missing input or output delay  
An output delay is missing on o_result[55] relative to the rising and/or falling clock edge(s) of clk.
Related violations: <none>

TIMING-18#401 Warning
Missing input or output delay  
An output delay is missing on o_result[56] relative to the rising and/or falling clock edge(s) of clk.
Related violations: <none>

TIMING-18#402 Warning
Missing input or output delay  
An output delay is missing on o_result[57] relative to the rising and/or falling clock edge(s) of clk.
Related violations: <none>

TIMING-18#403 Warning
Missing input or output delay  
An output delay is missing on o_result[58] relative to the rising and/or falling clock edge(s) of clk.
Related violations: <none>

TIMING-18#404 Warning
Missing input or output delay  
An output delay is missing on o_result[59] relative to the rising and/or falling clock edge(s) of clk.
Related violations: <none>

TIMING-18#405 Warning
Missing input or output delay  
An output delay is missing on o_result[5] relative to the rising and/or falling clock edge(s) of clk.
Related violations: <none>

TIMING-18#406 Warning
Missing input or output delay  
An output delay is missing on o_result[60] relative to the rising and/or falling clock edge(s) of clk.
Related violations: <none>

TIMING-18#407 Warning
Missing input or output delay  
An output delay is missing on o_result[61] relative to the rising and/or falling clock edge(s) of clk.
Related violations: <none>

TIMING-18#408 Warning
Missing input or output delay  
An output delay is missing on o_result[62] relative to the rising and/or falling clock edge(s) of clk.
Related violations: <none>

TIMING-18#409 Warning
Missing input or output delay  
An output delay is missing on o_result[63] relative to the rising and/or falling clock edge(s) of clk.
Related violations: <none>

TIMING-18#410 Warning
Missing input or output delay  
An output delay is missing on o_result[64] relative to the rising and/or falling clock edge(s) of clk.
Related violations: <none>

TIMING-18#411 Warning
Missing input or output delay  
An output delay is missing on o_result[65] relative to the rising and/or falling clock edge(s) of clk.
Related violations: <none>

TIMING-18#412 Warning
Missing input or output delay  
An output delay is missing on o_result[66] relative to the rising and/or falling clock edge(s) of clk.
Related violations: <none>

TIMING-18#413 Warning
Missing input or output delay  
An output delay is missing on o_result[67] relative to the rising and/or falling clock edge(s) of clk.
Related violations: <none>

TIMING-18#414 Warning
Missing input or output delay  
An output delay is missing on o_result[68] relative to the rising and/or falling clock edge(s) of clk.
Related violations: <none>

TIMING-18#415 Warning
Missing input or output delay  
An output delay is missing on o_result[69] relative to the rising and/or falling clock edge(s) of clk.
Related violations: <none>

TIMING-18#416 Warning
Missing input or output delay  
An output delay is missing on o_result[6] relative to the rising and/or falling clock edge(s) of clk.
Related violations: <none>

TIMING-18#417 Warning
Missing input or output delay  
An output delay is missing on o_result[70] relative to the rising and/or falling clock edge(s) of clk.
Related violations: <none>

TIMING-18#418 Warning
Missing input or output delay  
An output delay is missing on o_result[71] relative to the rising and/or falling clock edge(s) of clk.
Related violations: <none>

TIMING-18#419 Warning
Missing input or output delay  
An output delay is missing on o_result[72] relative to the rising and/or falling clock edge(s) of clk.
Related violations: <none>

TIMING-18#420 Warning
Missing input or output delay  
An output delay is missing on o_result[73] relative to the rising and/or falling clock edge(s) of clk.
Related violations: <none>

TIMING-18#421 Warning
Missing input or output delay  
An output delay is missing on o_result[74] relative to the rising and/or falling clock edge(s) of clk.
Related violations: <none>

TIMING-18#422 Warning
Missing input or output delay  
An output delay is missing on o_result[75] relative to the rising and/or falling clock edge(s) of clk.
Related violations: <none>

TIMING-18#423 Warning
Missing input or output delay  
An output delay is missing on o_result[76] relative to the rising and/or falling clock edge(s) of clk.
Related violations: <none>

TIMING-18#424 Warning
Missing input or output delay  
An output delay is missing on o_result[77] relative to the rising and/or falling clock edge(s) of clk.
Related violations: <none>

TIMING-18#425 Warning
Missing input or output delay  
An output delay is missing on o_result[78] relative to the rising and/or falling clock edge(s) of clk.
Related violations: <none>

TIMING-18#426 Warning
Missing input or output delay  
An output delay is missing on o_result[79] relative to the rising and/or falling clock edge(s) of clk.
Related violations: <none>

TIMING-18#427 Warning
Missing input or output delay  
An output delay is missing on o_result[7] relative to the rising and/or falling clock edge(s) of clk.
Related violations: <none>

TIMING-18#428 Warning
Missing input or output delay  
An output delay is missing on o_result[80] relative to the rising and/or falling clock edge(s) of clk.
Related violations: <none>

TIMING-18#429 Warning
Missing input or output delay  
An output delay is missing on o_result[81] relative to the rising and/or falling clock edge(s) of clk.
Related violations: <none>

TIMING-18#430 Warning
Missing input or output delay  
An output delay is missing on o_result[82] relative to the rising and/or falling clock edge(s) of clk.
Related violations: <none>

TIMING-18#431 Warning
Missing input or output delay  
An output delay is missing on o_result[83] relative to the rising and/or falling clock edge(s) of clk.
Related violations: <none>

TIMING-18#432 Warning
Missing input or output delay  
An output delay is missing on o_result[84] relative to the rising and/or falling clock edge(s) of clk.
Related violations: <none>

TIMING-18#433 Warning
Missing input or output delay  
An output delay is missing on o_result[85] relative to the rising and/or falling clock edge(s) of clk.
Related violations: <none>

TIMING-18#434 Warning
Missing input or output delay  
An output delay is missing on o_result[86] relative to the rising and/or falling clock edge(s) of clk.
Related violations: <none>

TIMING-18#435 Warning
Missing input or output delay  
An output delay is missing on o_result[87] relative to the rising and/or falling clock edge(s) of clk.
Related violations: <none>

TIMING-18#436 Warning
Missing input or output delay  
An output delay is missing on o_result[88] relative to the rising and/or falling clock edge(s) of clk.
Related violations: <none>

TIMING-18#437 Warning
Missing input or output delay  
An output delay is missing on o_result[89] relative to the rising and/or falling clock edge(s) of clk.
Related violations: <none>

TIMING-18#438 Warning
Missing input or output delay  
An output delay is missing on o_result[8] relative to the rising and/or falling clock edge(s) of clk.
Related violations: <none>

TIMING-18#439 Warning
Missing input or output delay  
An output delay is missing on o_result[90] relative to the rising and/or falling clock edge(s) of clk.
Related violations: <none>

TIMING-18#440 Warning
Missing input or output delay  
An output delay is missing on o_result[91] relative to the rising and/or falling clock edge(s) of clk.
Related violations: <none>

TIMING-18#441 Warning
Missing input or output delay  
An output delay is missing on o_result[92] relative to the rising and/or falling clock edge(s) of clk.
Related violations: <none>

TIMING-18#442 Warning
Missing input or output delay  
An output delay is missing on o_result[93] relative to the rising and/or falling clock edge(s) of clk.
Related violations: <none>

TIMING-18#443 Warning
Missing input or output delay  
An output delay is missing on o_result[94] relative to the rising and/or falling clock edge(s) of clk.
Related violations: <none>

TIMING-18#444 Warning
Missing input or output delay  
An output delay is missing on o_result[95] relative to the rising and/or falling clock edge(s) of clk.
Related violations: <none>

TIMING-18#445 Warning
Missing input or output delay  
An output delay is missing on o_result[96] relative to the rising and/or falling clock edge(s) of clk.
Related violations: <none>

TIMING-18#446 Warning
Missing input or output delay  
An output delay is missing on o_result[97] relative to the rising and/or falling clock edge(s) of clk.
Related violations: <none>

TIMING-18#447 Warning
Missing input or output delay  
An output delay is missing on o_result[98] relative to the rising and/or falling clock edge(s) of clk.
Related violations: <none>

TIMING-18#448 Warning
Missing input or output delay  
An output delay is missing on o_result[99] relative to the rising and/or falling clock edge(s) of clk.
Related violations: <none>

TIMING-18#449 Warning
Missing input or output delay  
An output delay is missing on o_result[9] relative to the rising and/or falling clock edge(s) of clk.
Related violations: <none>

TIMING-18#450 Warning
Missing input or output delay  
An output delay is missing on o_valid relative to the rising and/or falling clock edge(s) of clk.
Related violations: <none>


