Copyright 1986-2022 Xilinx, Inc. All Rights Reserved. Copyright 2022-2025 Advanced Micro Devices, Inc. All Rights Reserved.
-----------------------------------------------------------------------------------------------------------------------------------------------------------------------------------------------------------
| Tool Version      : Vivado v.2024.2.2 (win64) Build 6060944 Thu Mar 06 19:10:01 MST 2025
| Date              : Mon Jul 13 12:53:35 2026
| Host              : ECE-MCU2-15 running 64-bit major release  (build 9200)
| Command           : report_timing_summary -max_paths 10 -report_unconstrained -file mvm_timing_summary_routed.rpt -pb mvm_timing_summary_routed.pb -rpx mvm_timing_summary_routed.rpx -warn_on_violation
| Design            : mvm
| Device            : xck26-sfvc784
| Speed File        : -2LV  PRODUCTION 1.30 05-15-2022
| Design State      : Routed
| Temperature Grade : C
-----------------------------------------------------------------------------------------------------------------------------------------------------------------------------------------------------------

Timing Summary Report

------------------------------------------------------------------------------------------------
| Timer Settings
| --------------
------------------------------------------------------------------------------------------------

  Enable Multi Corner Analysis               :  Yes
  Enable Pessimism Removal                   :  Yes
  Pessimism Removal Resolution               :  Nearest Common Node
  Enable Input Delay Default Clock           :  No
  Enable Preset / Clear Arcs                 :  No
  Disable Flight Delays                      :  No
  Ignore I/O Paths                           :  No
  Timing Early Launch at Borrowing Latches   :  No
  Borrow Time for Max Delay Exceptions       :  Yes
  Merge Timing Exceptions                    :  Yes
  Inter-SLR Compensation                     :  Conservative

  Corner  Analyze    Analyze    
  Name    Max Paths  Min Paths  
  ------  ---------  ---------  
  Slow    Yes        Yes        
  Fast    Yes        Yes        


------------------------------------------------------------------------------------------------
| Report Methodology
| ------------------
------------------------------------------------------------------------------------------------

Rule       Severity  Description                                 Violations  
---------  --------  ------------------------------------------  ----------  
SYNTH-6    Warning   Timing of a RAM block might be sub-optimal  4           
TIMING-16  Warning   Large setup violation                       1000        
TIMING-18  Warning   Missing input or output delay               450         

Note: This report is based on the most recent report_methodology run and may not be up-to-date. Run report_methodology on the current design for the latest report.



check_timing report

Table of Contents
-----------------
1. checking no_clock (0)
2. checking constant_clock (0)
3. checking pulse_width_clock (0)
4. checking unconstrained_internal_endpoints (0)
5. checking no_input_delay (192)
6. checking no_output_delay (258)
7. checking multiple_clock (0)
8. checking generated_clocks (0)
9. checking loops (0)
10. checking partial_input_delay (0)
11. checking partial_output_delay (0)
12. checking latch_loops (0)

1. checking no_clock (0)
------------------------
 There are 0 register/latch pins with no clock.


2. checking constant_clock (0)
------------------------------
 There are 0 register/latch pins with constant_clock.


3. checking pulse_width_clock (0)
---------------------------------
 There are 0 register/latch pins which need pulse_width check


4. checking unconstrained_internal_endpoints (0)
------------------------------------------------
 There are 0 pins that are not constrained for maximum delay.

 There are 0 pins that are not constrained for maximum delay due to constant clock.


5. checking no_input_delay (192)
--------------------------------
 There are 192 input ports with no input delay specified. (HIGH)

 There are 0 input ports with no input delay but user has a false path constraint.


6. checking no_output_delay (258)
---------------------------------
 There are 258 ports with no output delay specified. (HIGH)

 There are 0 ports with no output delay but user has a false path constraint

 There are 0 ports with no output delay but with a timing clock defined on it or propagating through it


7. checking multiple_clock (0)
------------------------------
 There are 0 register/latch pins with multiple clocks.


8. checking generated_clocks (0)
--------------------------------
 There are 0 generated clocks that are not connected to a clock source.


9. checking loops (0)
---------------------
 There are 0 combinational loops in the design.


10. checking partial_input_delay (0)
------------------------------------
 There are 0 input ports with partial input delay specified.


11. checking partial_output_delay (0)
-------------------------------------
 There are 0 ports with partial output delay specified.


12. checking latch_loops (0)
----------------------------
 There are 0 combinational latch loops in the design through latch input



------------------------------------------------------------------------------------------------
| Design Timing Summary
| ---------------------
------------------------------------------------------------------------------------------------

    WNS(ns)      TNS(ns)  TNS Failing Endpoints  TNS Total Endpoints      WHS(ns)      THS(ns)  THS Failing Endpoints  THS Total Endpoints     WPWS(ns)     TPWS(ns)  TPWS Failing Endpoints  TPWS Total Endpoints  
    -------      -------  ---------------------  -------------------      -------      -------  ---------------------  -------------------     --------     --------  ----------------------  --------------------  
     -1.551    -5540.580                  11674                12210        0.095        0.000                      0                12210       -0.960    -1560.292                    2971                  4863  


Timing constraints are not met.


------------------------------------------------------------------------------------------------
| Clock Summary
| -------------
------------------------------------------------------------------------------------------------

Clock  Waveform(ns)         Period(ns)      Frequency(MHz)
-----  ------------         ----------      --------------
clk    {0.000 0.500}        1.000           1000.000        


------------------------------------------------------------------------------------------------
| Intra Clock Table
| -----------------
------------------------------------------------------------------------------------------------

Clock             WNS(ns)      TNS(ns)  TNS Failing Endpoints  TNS Total Endpoints      WHS(ns)      THS(ns)  THS Failing Endpoints  THS Total Endpoints     WPWS(ns)     TPWS(ns)  TPWS Failing Endpoints  TPWS Total Endpoints  
-----             -------      -------  ---------------------  -------------------      -------      -------  ---------------------  -------------------     --------     --------  ----------------------  --------------------  
clk                -1.551    -5540.580                  11674                12210        0.095        0.000                      0                12210       -0.960    -1560.292                    2971                  4863  


------------------------------------------------------------------------------------------------
| Inter Clock Table
| -----------------
------------------------------------------------------------------------------------------------

From Clock    To Clock          WNS(ns)      TNS(ns)  TNS Failing Endpoints  TNS Total Endpoints      WHS(ns)      THS(ns)  THS Failing Endpoints  THS Total Endpoints  
----------    --------          -------      -------  ---------------------  -------------------      -------      -------  ---------------------  -------------------  


------------------------------------------------------------------------------------------------
| Other Path Groups Table
| -----------------------
------------------------------------------------------------------------------------------------

Path Group    From Clock    To Clock          WNS(ns)      TNS(ns)  TNS Failing Endpoints  TNS Total Endpoints      WHS(ns)      THS(ns)  THS Failing Endpoints  THS Total Endpoints  
----------    ----------    --------          -------      -------  ---------------------  -------------------      -------      -------  ---------------------  -------------------  


------------------------------------------------------------------------------------------------
| User Ignored Path Table
| -----------------------
------------------------------------------------------------------------------------------------

Path Group    From Clock    To Clock    
----------    ----------    --------    


------------------------------------------------------------------------------------------------
| Unconstrained Path Table
| ------------------------
------------------------------------------------------------------------------------------------

Path Group    From Clock    To Clock    
----------    ----------    --------    
(none)        clk                         
(none)                      clk           


------------------------------------------------------------------------------------------------
| Timing Details
| --------------
------------------------------------------------------------------------------------------------


---------------------------------------------------------------------------------------------------
From Clock:  clk
  To Clock:  clk

Setup :        11674  Failing Endpoints,  Worst Slack       -1.551ns,  Total Violation    -5540.580ns
Hold  :            0  Failing Endpoints,  Worst Slack        0.095ns,  Total Violation        0.000ns
PW    :         2971  Failing Endpoints,  Worst Slack       -0.960ns,  Total Violation    -1560.292ns
---------------------------------------------------------------------------------------------------


Max Delay Paths
--------------------------------------------------------------------------------------
Slack (VIOLATED) :        -1.551ns  (required time - arrival time)
  Source:                 GEN_OLANES[0].dot8_inst/product2_reg/DSP_M_DATA_INST/CLK
                            (rising edge-triggered cell DSP_M_DATA clocked by clk  {rise@0.000ns fall@0.500ns period=1.000ns})
  Destination:            GEN_OLANES[0].dot8_inst/sum1_1_reg/DSP_OUTPUT_INST/ALU_OUT[16]
                            (rising edge-triggered cell DSP_OUTPUT clocked by clk  {rise@0.000ns fall@0.500ns period=1.000ns})
  Path Group:             clk
  Path Type:              Setup (Max at Slow Process Corner)
  Requirement:            1.000ns  (clk rise@1.000ns - clk rise@0.000ns)
  Data Path Delay:        2.507ns  (logic 2.132ns (85.036%)  route 0.375ns (14.964%))
  Logic Levels:           4  (DSP_ALU=2 DSP_C_DATA=1 DSP_OUTPUT=1)
  Clock Path Skew:        -0.022ns (DCD - SCD + CPR)
    Destination Clock Delay (DCD):    0.055ns = ( 1.055 - 1.000 ) 
    Source Clock Delay      (SCD):    0.077ns
    Clock Pessimism Removal (CPR):    0.000ns
  Clock Uncertainty:      0.035ns  ((TSJ^2 + TIJ^2)^1/2 + DJ) / 2 + PE
    Total System Jitter     (TSJ):    0.071ns
    Total Input Jitter      (TIJ):    0.000ns
    Discrete Jitter          (DJ):    0.000ns
    Phase Error              (PE):    0.000ns

    Location             Delay type                Incr(ns)  Path(ns)    Netlist Resource(s)
  -------------------------------------------------------------------    -------------------
                         (clock clk rise edge)        0.000     0.000 r  
                                                      0.000     0.000 r  clk (IN)
                         net (fo=5174, unset)         0.077     0.077    GEN_OLANES[0].dot8_inst/product2_reg/CLK
    DSP48E2_X7Y4         DSP_M_DATA                                   r  GEN_OLANES[0].dot8_inst/product2_reg/DSP_M_DATA_INST/CLK
  -------------------------------------------------------------------    -------------------
    DSP48E2_X7Y4         DSP_M_DATA (Prop_DSP_M_DATA_DSP48E2_CLK_V_DATA[15])
                                                      0.343     0.420 r  GEN_OLANES[0].dot8_inst/product2_reg/DSP_M_DATA_INST/V_DATA[15]
                         net (fo=1, routed)           0.000     0.420    GEN_OLANES[0].dot8_inst/product2_reg/DSP_M_DATA.V_DATA<15>
    DSP48E2_X7Y4         DSP_ALU (Prop_DSP_ALU_DSP48E2_V_DATA[15]_ALU_OUT[15])
                                                      0.722     1.142 f  GEN_OLANES[0].dot8_inst/product2_reg/DSP_ALU_INST/ALU_OUT[15]
                         net (fo=1, routed)           0.000     1.142    GEN_OLANES[0].dot8_inst/product2_reg/DSP_ALU.ALU_OUT<15>
    DSP48E2_X7Y4         DSP_OUTPUT (Prop_DSP_OUTPUT_DSP48E2_ALU_OUT[15]_P[15])
                                                      0.146     1.288 r  GEN_OLANES[0].dot8_inst/product2_reg/DSP_OUTPUT_INST/P[15]
                         net (fo=2, routed)           0.375     1.663    GEN_OLANES[0].dot8_inst/sum1_1_reg/C[16]
    DSP48E2_X7Y5         DSP_C_DATA (Prop_DSP_C_DATA_DSP48E2_C[16]_C_DATA[16])
                                                      0.135     1.798 r  GEN_OLANES[0].dot8_inst/sum1_1_reg/DSP_C_DATA_INST/C_DATA[16]
                         net (fo=2, routed)           0.000     1.798    GEN_OLANES[0].dot8_inst/sum1_1_reg/DSP_C_DATA.C_DATA<16>
    DSP48E2_X7Y5         DSP_ALU (Prop_DSP_ALU_DSP48E2_C_DATA[16]_ALU_OUT[16])
                                                      0.786     2.584 r  GEN_OLANES[0].dot8_inst/sum1_1_reg/DSP_ALU_INST/ALU_OUT[16]
                         net (fo=1, routed)           0.000     2.584    GEN_OLANES[0].dot8_inst/sum1_1_reg/DSP_ALU.ALU_OUT<16>
    DSP48E2_X7Y5         DSP_OUTPUT                                   r  GEN_OLANES[0].dot8_inst/sum1_1_reg/DSP_OUTPUT_INST/ALU_OUT[16]
  -------------------------------------------------------------------    -------------------

                         (clock clk rise edge)        1.000     1.000 r  
                                                      0.000     1.000 r  clk (IN)
                         net (fo=5174, unset)         0.055     1.055    GEN_OLANES[0].dot8_inst/sum1_1_reg/CLK
    DSP48E2_X7Y5         DSP_OUTPUT                                   r  GEN_OLANES[0].dot8_inst/sum1_1_reg/DSP_OUTPUT_INST/CLK
                         clock pessimism              0.000     1.055    
                         clock uncertainty           -0.035     1.020    
    DSP48E2_X7Y5         DSP_OUTPUT (Setup_DSP_OUTPUT_DSP48E2_CLK_ALU_OUT[16])
                                                      0.014     1.034    GEN_OLANES[0].dot8_inst/sum1_1_reg/DSP_OUTPUT_INST
  -------------------------------------------------------------------
                         required time                          1.034    
                         arrival time                          -2.584    
  -------------------------------------------------------------------
                         slack                                 -1.551    

Slack (VIOLATED) :        -1.551ns  (required time - arrival time)
  Source:                 GEN_OLANES[0].dot8_inst/product2_reg/DSP_M_DATA_INST/CLK
                            (rising edge-triggered cell DSP_M_DATA clocked by clk  {rise@0.000ns fall@0.500ns period=1.000ns})
  Destination:            GEN_OLANES[0].dot8_inst/sum1_1_reg/DSP_OUTPUT_INST/ALU_OUT[17]
                            (rising edge-triggered cell DSP_OUTPUT clocked by clk  {rise@0.000ns fall@0.500ns period=1.000ns})
  Path Group:             clk
  Path Type:              Setup (Max at Slow Process Corner)
  Requirement:            1.000ns  (clk rise@1.000ns - clk rise@0.000ns)
  Data Path Delay:        2.507ns  (logic 2.132ns (85.036%)  route 0.375ns (14.964%))
  Logic Levels:           4  (DSP_ALU=2 DSP_C_DATA=1 DSP_OUTPUT=1)
  Clock Path Skew:        -0.022ns (DCD - SCD + CPR)
    Destination Clock Delay (DCD):    0.055ns = ( 1.055 - 1.000 ) 
    Source Clock Delay      (SCD):    0.077ns
    Clock Pessimism Removal (CPR):    0.000ns
  Clock Uncertainty:      0.035ns  ((TSJ^2 + TIJ^2)^1/2 + DJ) / 2 + PE
    Total System Jitter     (TSJ):    0.071ns
    Total Input Jitter      (TIJ):    0.000ns
    Discrete Jitter          (DJ):    0.000ns
    Phase Error              (PE):    0.000ns

    Location             Delay type                Incr(ns)  Path(ns)    Netlist Resource(s)
  -------------------------------------------------------------------    -------------------
                         (clock clk rise edge)        0.000     0.000 r  
                                                      0.000     0.000 r  clk (IN)
                         net (fo=5174, unset)         0.077     0.077    GEN_OLANES[0].dot8_inst/product2_reg/CLK
    DSP48E2_X7Y4         DSP_M_DATA                                   r  GEN_OLANES[0].dot8_inst/product2_reg/DSP_M_DATA_INST/CLK
  -------------------------------------------------------------------    -------------------
    DSP48E2_X7Y4         DSP_M_DATA (Prop_DSP_M_DATA_DSP48E2_CLK_V_DATA[15])
                                                      0.343     0.420 r  GEN_OLANES[0].dot8_inst/product2_reg/DSP_M_DATA_INST/V_DATA[15]
                         net (fo=1, routed)           0.000     0.420    GEN_OLANES[0].dot8_inst/product2_reg/DSP_M_DATA.V_DATA<15>
    DSP48E2_X7Y4         DSP_ALU (Prop_DSP_ALU_DSP48E2_V_DATA[15]_ALU_OUT[15])
                                                      0.722     1.142 f  GEN_OLANES[0].dot8_inst/product2_reg/DSP_ALU_INST/ALU_OUT[15]
                         net (fo=1, routed)           0.000     1.142    GEN_OLANES[0].dot8_inst/product2_reg/DSP_ALU.ALU_OUT<15>
    DSP48E2_X7Y4         DSP_OUTPUT (Prop_DSP_OUTPUT_DSP48E2_ALU_OUT[15]_P[15])
                                                      0.146     1.288 r  GEN_OLANES[0].dot8_inst/product2_reg/DSP_OUTPUT_INST/P[15]
                         net (fo=2, routed)           0.375     1.663    GEN_OLANES[0].dot8_inst/sum1_1_reg/C[16]
    DSP48E2_X7Y5         DSP_C_DATA (Prop_DSP_C_DATA_DSP48E2_C[16]_C_DATA[16])
                                                      0.135     1.798 r  GEN_OLANES[0].dot8_inst/sum1_1_reg/DSP_C_DATA_INST/C_DATA[16]
                         net (fo=2, routed)           0.000     1.798    GEN_OLANES[0].dot8_inst/sum1_1_reg/DSP_C_DATA.C_DATA<16>
    DSP48E2_X7Y5         DSP_ALU (Prop_DSP_ALU_DSP48E2_C_DATA[16]_ALU_OUT[17])
                                                      0.786     2.584 r  GEN_OLANES[0].dot8_inst/sum1_1_reg/DSP_ALU_INST/ALU_OUT[17]
                         net (fo=1, routed)           0.000     2.584    GEN_OLANES[0].dot8_inst/sum1_1_reg/DSP_ALU.ALU_OUT<17>
    DSP48E2_X7Y5         DSP_OUTPUT                                   r  GEN_OLANES[0].dot8_inst/sum1_1_reg/DSP_OUTPUT_INST/ALU_OUT[17]
  -------------------------------------------------------------------    -------------------

                         (clock clk rise edge)        1.000     1.000 r  
                                                      0.000     1.000 r  clk (IN)
                         net (fo=5174, unset)         0.055     1.055    GEN_OLANES[0].dot8_inst/sum1_1_reg/CLK
    DSP48E2_X7Y5         DSP_OUTPUT                                   r  GEN_OLANES[0].dot8_inst/sum1_1_reg/DSP_OUTPUT_INST/CLK
                         clock pessimism              0.000     1.055    
                         clock uncertainty           -0.035     1.020    
    DSP48E2_X7Y5         DSP_OUTPUT (Setup_DSP_OUTPUT_DSP48E2_CLK_ALU_OUT[17])
                                                      0.014     1.034    GEN_OLANES[0].dot8_inst/sum1_1_reg/DSP_OUTPUT_INST
  -------------------------------------------------------------------
                         required time                          1.034    
                         arrival time                          -2.584    
  -------------------------------------------------------------------
                         slack                                 -1.551    

Slack (VIOLATED) :        -1.551ns  (required time - arrival time)
  Source:                 GEN_OLANES[0].dot8_inst/product2_reg/DSP_M_DATA_INST/CLK
                            (rising edge-triggered cell DSP_M_DATA clocked by clk  {rise@0.000ns fall@0.500ns period=1.000ns})
  Destination:            GEN_OLANES[0].dot8_inst/sum1_1_reg/DSP_OUTPUT_INST/ALU_OUT[18]
                            (rising edge-triggered cell DSP_OUTPUT clocked by clk  {rise@0.000ns fall@0.500ns period=1.000ns})
  Path Group:             clk
  Path Type:              Setup (Max at Slow Process Corner)
  Requirement:            1.000ns  (clk rise@1.000ns - clk rise@0.000ns)
  Data Path Delay:        2.507ns  (logic 2.132ns (85.036%)  route 0.375ns (14.964%))
  Logic Levels:           4  (DSP_ALU=2 DSP_C_DATA=1 DSP_OUTPUT=1)
  Clock Path Skew:        -0.022ns (DCD - SCD + CPR)
    Destination Clock Delay (DCD):    0.055ns = ( 1.055 - 1.000 ) 
    Source Clock Delay      (SCD):    0.077ns
    Clock Pessimism Removal (CPR):    0.000ns
  Clock Uncertainty:      0.035ns  ((TSJ^2 + TIJ^2)^1/2 + DJ) / 2 + PE
    Total System Jitter     (TSJ):    0.071ns
    Total Input Jitter      (TIJ):    0.000ns
    Discrete Jitter          (DJ):    0.000ns
    Phase Error              (PE):    0.000ns

    Location             Delay type                Incr(ns)  Path(ns)    Netlist Resource(s)
  -------------------------------------------------------------------    -------------------
                         (clock clk rise edge)        0.000     0.000 r  
                                                      0.000     0.000 r  clk (IN)
                         net (fo=5174, unset)         0.077     0.077    GEN_OLANES[0].dot8_inst/product2_reg/CLK
    DSP48E2_X7Y4         DSP_M_DATA                                   r  GEN_OLANES[0].dot8_inst/product2_reg/DSP_M_DATA_INST/CLK
  -------------------------------------------------------------------    -------------------
    DSP48E2_X7Y4         DSP_M_DATA (Prop_DSP_M_DATA_DSP48E2_CLK_V_DATA[15])
                                                      0.343     0.420 r  GEN_OLANES[0].dot8_inst/product2_reg/DSP_M_DATA_INST/V_DATA[15]
                         net (fo=1, routed)           0.000     0.420    GEN_OLANES[0].dot8_inst/product2_reg/DSP_M_DATA.V_DATA<15>
    DSP48E2_X7Y4         DSP_ALU (Prop_DSP_ALU_DSP48E2_V_DATA[15]_ALU_OUT[15])
                                                      0.722     1.142 f  GEN_OLANES[0].dot8_inst/product2_reg/DSP_ALU_INST/ALU_OUT[15]
                         net (fo=1, routed)           0.000     1.142    GEN_OLANES[0].dot8_inst/product2_reg/DSP_ALU.ALU_OUT<15>
    DSP48E2_X7Y4         DSP_OUTPUT (Prop_DSP_OUTPUT_DSP48E2_ALU_OUT[15]_P[15])
                                                      0.146     1.288 r  GEN_OLANES[0].dot8_inst/product2_reg/DSP_OUTPUT_INST/P[15]
                         net (fo=2, routed)           0.375     1.663    GEN_OLANES[0].dot8_inst/sum1_1_reg/C[16]
    DSP48E2_X7Y5         DSP_C_DATA (Prop_DSP_C_DATA_DSP48E2_C[16]_C_DATA[16])
                                                      0.135     1.798 r  GEN_OLANES[0].dot8_inst/sum1_1_reg/DSP_C_DATA_INST/C_DATA[16]
                         net (fo=2, routed)           0.000     1.798    GEN_OLANES[0].dot8_inst/sum1_1_reg/DSP_C_DATA.C_DATA<16>
    DSP48E2_X7Y5         DSP_ALU (Prop_DSP_ALU_DSP48E2_C_DATA[16]_ALU_OUT[18])
                                                      0.786     2.584 r  GEN_OLANES[0].dot8_inst/sum1_1_reg/DSP_ALU_INST/ALU_OUT[18]
                         net (fo=1, routed)           0.000     2.584    GEN_OLANES[0].dot8_inst/sum1_1_reg/DSP_ALU.ALU_OUT<18>
    DSP48E2_X7Y5         DSP_OUTPUT                                   r  GEN_OLANES[0].dot8_inst/sum1_1_reg/DSP_OUTPUT_INST/ALU_OUT[18]
  -------------------------------------------------------------------    -------------------

                         (clock clk rise edge)        1.000     1.000 r  
                                                      0.000     1.000 r  clk (IN)
                         net (fo=5174, unset)         0.055     1.055    GEN_OLANES[0].dot8_inst/sum1_1_reg/CLK
    DSP48E2_X7Y5         DSP_OUTPUT                                   r  GEN_OLANES[0].dot8_inst/sum1_1_reg/DSP_OUTPUT_INST/CLK
                         clock pessimism              0.000     1.055    
                         clock uncertainty           -0.035     1.020    
    DSP48E2_X7Y5         DSP_OUTPUT (Setup_DSP_OUTPUT_DSP48E2_CLK_ALU_OUT[18])
                                                      0.014     1.034    GEN_OLANES[0].dot8_inst/sum1_1_reg/DSP_OUTPUT_INST
  -------------------------------------------------------------------
                         required time                          1.034    
                         arrival time                          -2.584    
  -------------------------------------------------------------------
                         slack                                 -1.551    

Slack (VIOLATED) :        -1.551ns  (required time - arrival time)
  Source:                 GEN_OLANES[0].dot8_inst/product2_reg/DSP_M_DATA_INST/CLK
                            (rising edge-triggered cell DSP_M_DATA clocked by clk  {rise@0.000ns fall@0.500ns period=1.000ns})
  Destination:            GEN_OLANES[0].dot8_inst/sum1_1_reg/DSP_OUTPUT_INST/ALU_OUT[19]
                            (rising edge-triggered cell DSP_OUTPUT clocked by clk  {rise@0.000ns fall@0.500ns period=1.000ns})
  Path Group:             clk
  Path Type:              Setup (Max at Slow Process Corner)
  Requirement:            1.000ns  (clk rise@1.000ns - clk rise@0.000ns)
  Data Path Delay:        2.507ns  (logic 2.132ns (85.036%)  route 0.375ns (14.964%))
  Logic Levels:           4  (DSP_ALU=2 DSP_C_DATA=1 DSP_OUTPUT=1)
  Clock Path Skew:        -0.022ns (DCD - SCD + CPR)
    Destination Clock Delay (DCD):    0.055ns = ( 1.055 - 1.000 ) 
    Source Clock Delay      (SCD):    0.077ns
    Clock Pessimism Removal (CPR):    0.000ns
  Clock Uncertainty:      0.035ns  ((TSJ^2 + TIJ^2)^1/2 + DJ) / 2 + PE
    Total System Jitter     (TSJ):    0.071ns
    Total Input Jitter      (TIJ):    0.000ns
    Discrete Jitter          (DJ):    0.000ns
    Phase Error              (PE):    0.000ns

    Location             Delay type                Incr(ns)  Path(ns)    Netlist Resource(s)
  -------------------------------------------------------------------    -------------------
                         (clock clk rise edge)        0.000     0.000 r  
                                                      0.000     0.000 r  clk (IN)
                         net (fo=5174, unset)         0.077     0.077    GEN_OLANES[0].dot8_inst/product2_reg/CLK
    DSP48E2_X7Y4         DSP_M_DATA                                   r  GEN_OLANES[0].dot8_inst/product2_reg/DSP_M_DATA_INST/CLK
  -------------------------------------------------------------------    -------------------
    DSP48E2_X7Y4         DSP_M_DATA (Prop_DSP_M_DATA_DSP48E2_CLK_V_DATA[15])
                                                      0.343     0.420 r  GEN_OLANES[0].dot8_inst/product2_reg/DSP_M_DATA_INST/V_DATA[15]
                         net (fo=1, routed)           0.000     0.420    GEN_OLANES[0].dot8_inst/product2_reg/DSP_M_DATA.V_DATA<15>
    DSP48E2_X7Y4         DSP_ALU (Prop_DSP_ALU_DSP48E2_V_DATA[15]_ALU_OUT[15])
                                                      0.722     1.142 f  GEN_OLANES[0].dot8_inst/product2_reg/DSP_ALU_INST/ALU_OUT[15]
                         net (fo=1, routed)           0.000     1.142    GEN_OLANES[0].dot8_inst/product2_reg/DSP_ALU.ALU_OUT<15>
    DSP48E2_X7Y4         DSP_OUTPUT (Prop_DSP_OUTPUT_DSP48E2_ALU_OUT[15]_P[15])
                                                      0.146     1.288 r  GEN_OLANES[0].dot8_inst/product2_reg/DSP_OUTPUT_INST/P[15]
                         net (fo=2, routed)           0.375     1.663    GEN_OLANES[0].dot8_inst/sum1_1_reg/C[16]
    DSP48E2_X7Y5         DSP_C_DATA (Prop_DSP_C_DATA_DSP48E2_C[16]_C_DATA[16])
                                                      0.135     1.798 r  GEN_OLANES[0].dot8_inst/sum1_1_reg/DSP_C_DATA_INST/C_DATA[16]
                         net (fo=2, routed)           0.000     1.798    GEN_OLANES[0].dot8_inst/sum1_1_reg/DSP_C_DATA.C_DATA<16>
    DSP48E2_X7Y5         DSP_ALU (Prop_DSP_ALU_DSP48E2_C_DATA[16]_ALU_OUT[19])
                                                      0.786     2.584 r  GEN_OLANES[0].dot8_inst/sum1_1_reg/DSP_ALU_INST/ALU_OUT[19]
                         net (fo=1, routed)           0.000     2.584    GEN_OLANES[0].dot8_inst/sum1_1_reg/DSP_ALU.ALU_OUT<19>
    DSP48E2_X7Y5         DSP_OUTPUT                                   r  GEN_OLANES[0].dot8_inst/sum1_1_reg/DSP_OUTPUT_INST/ALU_OUT[19]
  -------------------------------------------------------------------    -------------------

                         (clock clk rise edge)        1.000     1.000 r  
                                                      0.000     1.000 r  clk (IN)
                         net (fo=5174, unset)         0.055     1.055    GEN_OLANES[0].dot8_inst/sum1_1_reg/CLK
    DSP48E2_X7Y5         DSP_OUTPUT                                   r  GEN_OLANES[0].dot8_inst/sum1_1_reg/DSP_OUTPUT_INST/CLK
                         clock pessimism              0.000     1.055    
                         clock uncertainty           -0.035     1.020    
    DSP48E2_X7Y5         DSP_OUTPUT (Setup_DSP_OUTPUT_DSP48E2_CLK_ALU_OUT[19])
                                                      0.014     1.034    GEN_OLANES[0].dot8_inst/sum1_1_reg/DSP_OUTPUT_INST
  -------------------------------------------------------------------
                         required time                          1.034    
                         arrival time                          -2.584    
  -------------------------------------------------------------------
                         slack                                 -1.551    

Slack (VIOLATED) :        -1.551ns  (required time - arrival time)
  Source:                 GEN_OLANES[0].dot8_inst/product2_reg/DSP_M_DATA_INST/CLK
                            (rising edge-triggered cell DSP_M_DATA clocked by clk  {rise@0.000ns fall@0.500ns period=1.000ns})
  Destination:            GEN_OLANES[0].dot8_inst/sum1_1_reg/DSP_OUTPUT_INST/ALU_OUT[20]
                            (rising edge-triggered cell DSP_OUTPUT clocked by clk  {rise@0.000ns fall@0.500ns period=1.000ns})
  Path Group:             clk
  Path Type:              Setup (Max at Slow Process Corner)
  Requirement:            1.000ns  (clk rise@1.000ns - clk rise@0.000ns)
  Data Path Delay:        2.507ns  (logic 2.132ns (85.036%)  route 0.375ns (14.964%))
  Logic Levels:           4  (DSP_ALU=2 DSP_C_DATA=1 DSP_OUTPUT=1)
  Clock Path Skew:        -0.022ns (DCD - SCD + CPR)
    Destination Clock Delay (DCD):    0.055ns = ( 1.055 - 1.000 ) 
    Source Clock Delay      (SCD):    0.077ns
    Clock Pessimism Removal (CPR):    0.000ns
  Clock Uncertainty:      0.035ns  ((TSJ^2 + TIJ^2)^1/2 + DJ) / 2 + PE
    Total System Jitter     (TSJ):    0.071ns
    Total Input Jitter      (TIJ):    0.000ns
    Discrete Jitter          (DJ):    0.000ns
    Phase Error              (PE):    0.000ns

    Location             Delay type                Incr(ns)  Path(ns)    Netlist Resource(s)
  -------------------------------------------------------------------    -------------------
                         (clock clk rise edge)        0.000     0.000 r  
                                                      0.000     0.000 r  clk (IN)
                         net (fo=5174, unset)         0.077     0.077    GEN_OLANES[0].dot8_inst/product2_reg/CLK
    DSP48E2_X7Y4         DSP_M_DATA                                   r  GEN_OLANES[0].dot8_inst/product2_reg/DSP_M_DATA_INST/CLK
  -------------------------------------------------------------------    -------------------
    DSP48E2_X7Y4         DSP_M_DATA (Prop_DSP_M_DATA_DSP48E2_CLK_V_DATA[15])
                                                      0.343     0.420 r  GEN_OLANES[0].dot8_inst/product2_reg/DSP_M_DATA_INST/V_DATA[15]
                         net (fo=1, routed)           0.000     0.420    GEN_OLANES[0].dot8_inst/product2_reg/DSP_M_DATA.V_DATA<15>
    DSP48E2_X7Y4         DSP_ALU (Prop_DSP_ALU_DSP48E2_V_DATA[15]_ALU_OUT[15])
                                                      0.722     1.142 f  GEN_OLANES[0].dot8_inst/product2_reg/DSP_ALU_INST/ALU_OUT[15]
                         net (fo=1, routed)           0.000     1.142    GEN_OLANES[0].dot8_inst/product2_reg/DSP_ALU.ALU_OUT<15>
    DSP48E2_X7Y4         DSP_OUTPUT (Prop_DSP_OUTPUT_DSP48E2_ALU_OUT[15]_P[15])
                                                      0.146     1.288 r  GEN_OLANES[0].dot8_inst/product2_reg/DSP_OUTPUT_INST/P[15]
                         net (fo=2, routed)           0.375     1.663    GEN_OLANES[0].dot8_inst/sum1_1_reg/C[16]
    DSP48E2_X7Y5         DSP_C_DATA (Prop_DSP_C_DATA_DSP48E2_C[16]_C_DATA[16])
                                                      0.135     1.798 r  GEN_OLANES[0].dot8_inst/sum1_1_reg/DSP_C_DATA_INST/C_DATA[16]
                         net (fo=2, routed)           0.000     1.798    GEN_OLANES[0].dot8_inst/sum1_1_reg/DSP_C_DATA.C_DATA<16>
    DSP48E2_X7Y5         DSP_ALU (Prop_DSP_ALU_DSP48E2_C_DATA[16]_ALU_OUT[20])
                                                      0.786     2.584 r  GEN_OLANES[0].dot8_inst/sum1_1_reg/DSP_ALU_INST/ALU_OUT[20]
                         net (fo=1, routed)           0.000     2.584    GEN_OLANES[0].dot8_inst/sum1_1_reg/DSP_ALU.ALU_OUT<20>
    DSP48E2_X7Y5         DSP_OUTPUT                                   r  GEN_OLANES[0].dot8_inst/sum1_1_reg/DSP_OUTPUT_INST/ALU_OUT[20]
  -------------------------------------------------------------------    -------------------

                         (clock clk rise edge)        1.000     1.000 r  
                                                      0.000     1.000 r  clk (IN)
                         net (fo=5174, unset)         0.055     1.055    GEN_OLANES[0].dot8_inst/sum1_1_reg/CLK
    DSP48E2_X7Y5         DSP_OUTPUT                                   r  GEN_OLANES[0].dot8_inst/sum1_1_reg/DSP_OUTPUT_INST/CLK
                         clock pessimism              0.000     1.055    
                         clock uncertainty           -0.035     1.020    
    DSP48E2_X7Y5         DSP_OUTPUT (Setup_DSP_OUTPUT_DSP48E2_CLK_ALU_OUT[20])
                                                      0.014     1.034    GEN_OLANES[0].dot8_inst/sum1_1_reg/DSP_OUTPUT_INST
  -------------------------------------------------------------------
                         required time                          1.034    
                         arrival time                          -2.584    
  -------------------------------------------------------------------
                         slack                                 -1.551    

Slack (VIOLATED) :        -1.551ns  (required time - arrival time)
  Source:                 GEN_OLANES[0].dot8_inst/product2_reg/DSP_M_DATA_INST/CLK
                            (rising edge-triggered cell DSP_M_DATA clocked by clk  {rise@0.000ns fall@0.500ns period=1.000ns})
  Destination:            GEN_OLANES[0].dot8_inst/sum1_1_reg/DSP_OUTPUT_INST/ALU_OUT[21]
                            (rising edge-triggered cell DSP_OUTPUT clocked by clk  {rise@0.000ns fall@0.500ns period=1.000ns})
  Path Group:             clk
  Path Type:              Setup (Max at Slow Process Corner)
  Requirement:            1.000ns  (clk rise@1.000ns - clk rise@0.000ns)
  Data Path Delay:        2.507ns  (logic 2.132ns (85.036%)  route 0.375ns (14.964%))
  Logic Levels:           4  (DSP_ALU=2 DSP_C_DATA=1 DSP_OUTPUT=1)
  Clock Path Skew:        -0.022ns (DCD - SCD + CPR)
    Destination Clock Delay (DCD):    0.055ns = ( 1.055 - 1.000 ) 
    Source Clock Delay      (SCD):    0.077ns
    Clock Pessimism Removal (CPR):    0.000ns
  Clock Uncertainty:      0.035ns  ((TSJ^2 + TIJ^2)^1/2 + DJ) / 2 + PE
    Total System Jitter     (TSJ):    0.071ns
    Total Input Jitter      (TIJ):    0.000ns
    Discrete Jitter          (DJ):    0.000ns
    Phase Error              (PE):    0.000ns

    Location             Delay type                Incr(ns)  Path(ns)    Netlist Resource(s)
  -------------------------------------------------------------------    -------------------
                         (clock clk rise edge)        0.000     0.000 r  
                                                      0.000     0.000 r  clk (IN)
                         net (fo=5174, unset)         0.077     0.077    GEN_OLANES[0].dot8_inst/product2_reg/CLK
    DSP48E2_X7Y4         DSP_M_DATA                                   r  GEN_OLANES[0].dot8_inst/product2_reg/DSP_M_DATA_INST/CLK
  -------------------------------------------------------------------    -------------------
    DSP48E2_X7Y4         DSP_M_DATA (Prop_DSP_M_DATA_DSP48E2_CLK_V_DATA[15])
                                                      0.343     0.420 r  GEN_OLANES[0].dot8_inst/product2_reg/DSP_M_DATA_INST/V_DATA[15]
                         net (fo=1, routed)           0.000     0.420    GEN_OLANES[0].dot8_inst/product2_reg/DSP_M_DATA.V_DATA<15>
    DSP48E2_X7Y4         DSP_ALU (Prop_DSP_ALU_DSP48E2_V_DATA[15]_ALU_OUT[15])
                                                      0.722     1.142 f  GEN_OLANES[0].dot8_inst/product2_reg/DSP_ALU_INST/ALU_OUT[15]
                         net (fo=1, routed)           0.000     1.142    GEN_OLANES[0].dot8_inst/product2_reg/DSP_ALU.ALU_OUT<15>
    DSP48E2_X7Y4         DSP_OUTPUT (Prop_DSP_OUTPUT_DSP48E2_ALU_OUT[15]_P[15])
                                                      0.146     1.288 r  GEN_OLANES[0].dot8_inst/product2_reg/DSP_OUTPUT_INST/P[15]
                         net (fo=2, routed)           0.375     1.663    GEN_OLANES[0].dot8_inst/sum1_1_reg/C[16]
    DSP48E2_X7Y5         DSP_C_DATA (Prop_DSP_C_DATA_DSP48E2_C[16]_C_DATA[16])
                                                      0.135     1.798 r  GEN_OLANES[0].dot8_inst/sum1_1_reg/DSP_C_DATA_INST/C_DATA[16]
                         net (fo=2, routed)           0.000     1.798    GEN_OLANES[0].dot8_inst/sum1_1_reg/DSP_C_DATA.C_DATA<16>
    DSP48E2_X7Y5         DSP_ALU (Prop_DSP_ALU_DSP48E2_C_DATA[16]_ALU_OUT[21])
                                                      0.786     2.584 r  GEN_OLANES[0].dot8_inst/sum1_1_reg/DSP_ALU_INST/ALU_OUT[21]
                         net (fo=1, routed)           0.000     2.584    GEN_OLANES[0].dot8_inst/sum1_1_reg/DSP_ALU.ALU_OUT<21>
    DSP48E2_X7Y5         DSP_OUTPUT                                   r  GEN_OLANES[0].dot8_inst/sum1_1_reg/DSP_OUTPUT_INST/ALU_OUT[21]
  -------------------------------------------------------------------    -------------------

                         (clock clk rise edge)        1.000     1.000 r  
                                                      0.000     1.000 r  clk (IN)
                         net (fo=5174, unset)         0.055     1.055    GEN_OLANES[0].dot8_inst/sum1_1_reg/CLK
    DSP48E2_X7Y5         DSP_OUTPUT                                   r  GEN_OLANES[0].dot8_inst/sum1_1_reg/DSP_OUTPUT_INST/CLK
                         clock pessimism              0.000     1.055    
                         clock uncertainty           -0.035     1.020    
    DSP48E2_X7Y5         DSP_OUTPUT (Setup_DSP_OUTPUT_DSP48E2_CLK_ALU_OUT[21])
                                                      0.014     1.034    GEN_OLANES[0].dot8_inst/sum1_1_reg/DSP_OUTPUT_INST
  -------------------------------------------------------------------
                         required time                          1.034    
                         arrival time                          -2.584    
  -------------------------------------------------------------------
                         slack                                 -1.551    

Slack (VIOLATED) :        -1.551ns  (required time - arrival time)
  Source:                 GEN_OLANES[0].dot8_inst/product2_reg/DSP_M_DATA_INST/CLK
                            (rising edge-triggered cell DSP_M_DATA clocked by clk  {rise@0.000ns fall@0.500ns period=1.000ns})
  Destination:            GEN_OLANES[0].dot8_inst/sum1_1_reg/DSP_OUTPUT_INST/ALU_OUT[22]
                            (rising edge-triggered cell DSP_OUTPUT clocked by clk  {rise@0.000ns fall@0.500ns period=1.000ns})
  Path Group:             clk
  Path Type:              Setup (Max at Slow Process Corner)
  Requirement:            1.000ns  (clk rise@1.000ns - clk rise@0.000ns)
  Data Path Delay:        2.507ns  (logic 2.132ns (85.036%)  route 0.375ns (14.964%))
  Logic Levels:           4  (DSP_ALU=2 DSP_C_DATA=1 DSP_OUTPUT=1)
  Clock Path Skew:        -0.022ns (DCD - SCD + CPR)
    Destination Clock Delay (DCD):    0.055ns = ( 1.055 - 1.000 ) 
    Source Clock Delay      (SCD):    0.077ns
    Clock Pessimism Removal (CPR):    0.000ns
  Clock Uncertainty:      0.035ns  ((TSJ^2 + TIJ^2)^1/2 + DJ) / 2 + PE
    Total System Jitter     (TSJ):    0.071ns
    Total Input Jitter      (TIJ):    0.000ns
    Discrete Jitter          (DJ):    0.000ns
    Phase Error              (PE):    0.000ns

    Location             Delay type                Incr(ns)  Path(ns)    Netlist Resource(s)
  -------------------------------------------------------------------    -------------------
                         (clock clk rise edge)        0.000     0.000 r  
                                                      0.000     0.000 r  clk (IN)
                         net (fo=5174, unset)         0.077     0.077    GEN_OLANES[0].dot8_inst/product2_reg/CLK
    DSP48E2_X7Y4         DSP_M_DATA                                   r  GEN_OLANES[0].dot8_inst/product2_reg/DSP_M_DATA_INST/CLK
  -------------------------------------------------------------------    -------------------
    DSP48E2_X7Y4         DSP_M_DATA (Prop_DSP_M_DATA_DSP48E2_CLK_V_DATA[15])
                                                      0.343     0.420 r  GEN_OLANES[0].dot8_inst/product2_reg/DSP_M_DATA_INST/V_DATA[15]
                         net (fo=1, routed)           0.000     0.420    GEN_OLANES[0].dot8_inst/product2_reg/DSP_M_DATA.V_DATA<15>
    DSP48E2_X7Y4         DSP_ALU (Prop_DSP_ALU_DSP48E2_V_DATA[15]_ALU_OUT[15])
                                                      0.722     1.142 f  GEN_OLANES[0].dot8_inst/product2_reg/DSP_ALU_INST/ALU_OUT[15]
                         net (fo=1, routed)           0.000     1.142    GEN_OLANES[0].dot8_inst/product2_reg/DSP_ALU.ALU_OUT<15>
    DSP48E2_X7Y4         DSP_OUTPUT (Prop_DSP_OUTPUT_DSP48E2_ALU_OUT[15]_P[15])
                                                      0.146     1.288 r  GEN_OLANES[0].dot8_inst/product2_reg/DSP_OUTPUT_INST/P[15]
                         net (fo=2, routed)           0.375     1.663    GEN_OLANES[0].dot8_inst/sum1_1_reg/C[16]
    DSP48E2_X7Y5         DSP_C_DATA (Prop_DSP_C_DATA_DSP48E2_C[16]_C_DATA[16])
                                                      0.135     1.798 r  GEN_OLANES[0].dot8_inst/sum1_1_reg/DSP_C_DATA_INST/C_DATA[16]
                         net (fo=2, routed)           0.000     1.798    GEN_OLANES[0].dot8_inst/sum1_1_reg/DSP_C_DATA.C_DATA<16>
    DSP48E2_X7Y5         DSP_ALU (Prop_DSP_ALU_DSP48E2_C_DATA[16]_ALU_OUT[22])
                                                      0.786     2.584 r  GEN_OLANES[0].dot8_inst/sum1_1_reg/DSP_ALU_INST/ALU_OUT[22]
                         net (fo=1, routed)           0.000     2.584    GEN_OLANES[0].dot8_inst/sum1_1_reg/DSP_ALU.ALU_OUT<22>
    DSP48E2_X7Y5         DSP_OUTPUT                                   r  GEN_OLANES[0].dot8_inst/sum1_1_reg/DSP_OUTPUT_INST/ALU_OUT[22]
  -------------------------------------------------------------------    -------------------

                         (clock clk rise edge)        1.000     1.000 r  
                                                      0.000     1.000 r  clk (IN)
                         net (fo=5174, unset)         0.055     1.055    GEN_OLANES[0].dot8_inst/sum1_1_reg/CLK
    DSP48E2_X7Y5         DSP_OUTPUT                                   r  GEN_OLANES[0].dot8_inst/sum1_1_reg/DSP_OUTPUT_INST/CLK
                         clock pessimism              0.000     1.055    
                         clock uncertainty           -0.035     1.020    
    DSP48E2_X7Y5         DSP_OUTPUT (Setup_DSP_OUTPUT_DSP48E2_CLK_ALU_OUT[22])
                                                      0.014     1.034    GEN_OLANES[0].dot8_inst/sum1_1_reg/DSP_OUTPUT_INST
  -------------------------------------------------------------------
                         required time                          1.034    
                         arrival time                          -2.584    
  -------------------------------------------------------------------
                         slack                                 -1.551    

Slack (VIOLATED) :        -1.551ns  (required time - arrival time)
  Source:                 GEN_OLANES[0].dot8_inst/product2_reg/DSP_M_DATA_INST/CLK
                            (rising edge-triggered cell DSP_M_DATA clocked by clk  {rise@0.000ns fall@0.500ns period=1.000ns})
  Destination:            GEN_OLANES[0].dot8_inst/sum1_1_reg/DSP_OUTPUT_INST/ALU_OUT[23]
                            (rising edge-triggered cell DSP_OUTPUT clocked by clk  {rise@0.000ns fall@0.500ns period=1.000ns})
  Path Group:             clk
  Path Type:              Setup (Max at Slow Process Corner)
  Requirement:            1.000ns  (clk rise@1.000ns - clk rise@0.000ns)
  Data Path Delay:        2.507ns  (logic 2.132ns (85.036%)  route 0.375ns (14.964%))
  Logic Levels:           4  (DSP_ALU=2 DSP_C_DATA=1 DSP_OUTPUT=1)
  Clock Path Skew:        -0.022ns (DCD - SCD + CPR)
    Destination Clock Delay (DCD):    0.055ns = ( 1.055 - 1.000 ) 
    Source Clock Delay      (SCD):    0.077ns
    Clock Pessimism Removal (CPR):    0.000ns
  Clock Uncertainty:      0.035ns  ((TSJ^2 + TIJ^2)^1/2 + DJ) / 2 + PE
    Total System Jitter     (TSJ):    0.071ns
    Total Input Jitter      (TIJ):    0.000ns
    Discrete Jitter          (DJ):    0.000ns
    Phase Error              (PE):    0.000ns

    Location             Delay type                Incr(ns)  Path(ns)    Netlist Resource(s)
  -------------------------------------------------------------------    -------------------
                         (clock clk rise edge)        0.000     0.000 r  
                                                      0.000     0.000 r  clk (IN)
                         net (fo=5174, unset)         0.077     0.077    GEN_OLANES[0].dot8_inst/product2_reg/CLK
    DSP48E2_X7Y4         DSP_M_DATA                                   r  GEN_OLANES[0].dot8_inst/product2_reg/DSP_M_DATA_INST/CLK
  -------------------------------------------------------------------    -------------------
    DSP48E2_X7Y4         DSP_M_DATA (Prop_DSP_M_DATA_DSP48E2_CLK_V_DATA[15])
                                                      0.343     0.420 r  GEN_OLANES[0].dot8_inst/product2_reg/DSP_M_DATA_INST/V_DATA[15]
                         net (fo=1, routed)           0.000     0.420    GEN_OLANES[0].dot8_inst/product2_reg/DSP_M_DATA.V_DATA<15>
    DSP48E2_X7Y4         DSP_ALU (Prop_DSP_ALU_DSP48E2_V_DATA[15]_ALU_OUT[15])
                                                      0.722     1.142 f  GEN_OLANES[0].dot8_inst/product2_reg/DSP_ALU_INST/ALU_OUT[15]
                         net (fo=1, routed)           0.000     1.142    GEN_OLANES[0].dot8_inst/product2_reg/DSP_ALU.ALU_OUT<15>
    DSP48E2_X7Y4         DSP_OUTPUT (Prop_DSP_OUTPUT_DSP48E2_ALU_OUT[15]_P[15])
                                                      0.146     1.288 r  GEN_OLANES[0].dot8_inst/product2_reg/DSP_OUTPUT_INST/P[15]
                         net (fo=2, routed)           0.375     1.663    GEN_OLANES[0].dot8_inst/sum1_1_reg/C[16]
    DSP48E2_X7Y5         DSP_C_DATA (Prop_DSP_C_DATA_DSP48E2_C[16]_C_DATA[16])
                                                      0.135     1.798 r  GEN_OLANES[0].dot8_inst/sum1_1_reg/DSP_C_DATA_INST/C_DATA[16]
                         net (fo=2, routed)           0.000     1.798    GEN_OLANES[0].dot8_inst/sum1_1_reg/DSP_C_DATA.C_DATA<16>
    DSP48E2_X7Y5         DSP_ALU (Prop_DSP_ALU_DSP48E2_C_DATA[16]_ALU_OUT[23])
                                                      0.786     2.584 r  GEN_OLANES[0].dot8_inst/sum1_1_reg/DSP_ALU_INST/ALU_OUT[23]
                         net (fo=1, routed)           0.000     2.584    GEN_OLANES[0].dot8_inst/sum1_1_reg/DSP_ALU.ALU_OUT<23>
    DSP48E2_X7Y5         DSP_OUTPUT                                   r  GEN_OLANES[0].dot8_inst/sum1_1_reg/DSP_OUTPUT_INST/ALU_OUT[23]
  -------------------------------------------------------------------    -------------------

                         (clock clk rise edge)        1.000     1.000 r  
                                                      0.000     1.000 r  clk (IN)
                         net (fo=5174, unset)         0.055     1.055    GEN_OLANES[0].dot8_inst/sum1_1_reg/CLK
    DSP48E2_X7Y5         DSP_OUTPUT                                   r  GEN_OLANES[0].dot8_inst/sum1_1_reg/DSP_OUTPUT_INST/CLK
                         clock pessimism              0.000     1.055    
                         clock uncertainty           -0.035     1.020    
    DSP48E2_X7Y5         DSP_OUTPUT (Setup_DSP_OUTPUT_DSP48E2_CLK_ALU_OUT[23])
                                                      0.014     1.034    GEN_OLANES[0].dot8_inst/sum1_1_reg/DSP_OUTPUT_INST
  -------------------------------------------------------------------
                         required time                          1.034    
                         arrival time                          -2.584    
  -------------------------------------------------------------------
                         slack                                 -1.551    

Slack (VIOLATED) :        -1.551ns  (required time - arrival time)
  Source:                 GEN_OLANES[0].dot8_inst/product2_reg/DSP_M_DATA_INST/CLK
                            (rising edge-triggered cell DSP_M_DATA clocked by clk  {rise@0.000ns fall@0.500ns period=1.000ns})
  Destination:            GEN_OLANES[0].dot8_inst/sum1_1_reg/DSP_OUTPUT_INST/ALU_OUT[24]
                            (rising edge-triggered cell DSP_OUTPUT clocked by clk  {rise@0.000ns fall@0.500ns period=1.000ns})
  Path Group:             clk
  Path Type:              Setup (Max at Slow Process Corner)
  Requirement:            1.000ns  (clk rise@1.000ns - clk rise@0.000ns)
  Data Path Delay:        2.507ns  (logic 2.132ns (85.036%)  route 0.375ns (14.964%))
  Logic Levels:           4  (DSP_ALU=2 DSP_C_DATA=1 DSP_OUTPUT=1)
  Clock Path Skew:        -0.022ns (DCD - SCD + CPR)
    Destination Clock Delay (DCD):    0.055ns = ( 1.055 - 1.000 ) 
    Source Clock Delay      (SCD):    0.077ns
    Clock Pessimism Removal (CPR):    0.000ns
  Clock Uncertainty:      0.035ns  ((TSJ^2 + TIJ^2)^1/2 + DJ) / 2 + PE
    Total System Jitter     (TSJ):    0.071ns
    Total Input Jitter      (TIJ):    0.000ns
    Discrete Jitter          (DJ):    0.000ns
    Phase Error              (PE):    0.000ns

    Location             Delay type                Incr(ns)  Path(ns)    Netlist Resource(s)
  -------------------------------------------------------------------    -------------------
                         (clock clk rise edge)        0.000     0.000 r  
                                                      0.000     0.000 r  clk (IN)
                         net (fo=5174, unset)         0.077     0.077    GEN_OLANES[0].dot8_inst/product2_reg/CLK
    DSP48E2_X7Y4         DSP_M_DATA                                   r  GEN_OLANES[0].dot8_inst/product2_reg/DSP_M_DATA_INST/CLK
  -------------------------------------------------------------------    -------------------
    DSP48E2_X7Y4         DSP_M_DATA (Prop_DSP_M_DATA_DSP48E2_CLK_V_DATA[15])
                                                      0.343     0.420 r  GEN_OLANES[0].dot8_inst/product2_reg/DSP_M_DATA_INST/V_DATA[15]
                         net (fo=1, routed)           0.000     0.420    GEN_OLANES[0].dot8_inst/product2_reg/DSP_M_DATA.V_DATA<15>
    DSP48E2_X7Y4         DSP_ALU (Prop_DSP_ALU_DSP48E2_V_DATA[15]_ALU_OUT[15])
                                                      0.722     1.142 f  GEN_OLANES[0].dot8_inst/product2_reg/DSP_ALU_INST/ALU_OUT[15]
                         net (fo=1, routed)           0.000     1.142    GEN_OLANES[0].dot8_inst/product2_reg/DSP_ALU.ALU_OUT<15>
    DSP48E2_X7Y4         DSP_OUTPUT (Prop_DSP_OUTPUT_DSP48E2_ALU_OUT[15]_P[15])
                                                      0.146     1.288 r  GEN_OLANES[0].dot8_inst/product2_reg/DSP_OUTPUT_INST/P[15]
                         net (fo=2, routed)           0.375     1.663    GEN_OLANES[0].dot8_inst/sum1_1_reg/C[16]
    DSP48E2_X7Y5         DSP_C_DATA (Prop_DSP_C_DATA_DSP48E2_C[16]_C_DATA[16])
                                                      0.135     1.798 r  GEN_OLANES[0].dot8_inst/sum1_1_reg/DSP_C_DATA_INST/C_DATA[16]
                         net (fo=2, routed)           0.000     1.798    GEN_OLANES[0].dot8_inst/sum1_1_reg/DSP_C_DATA.C_DATA<16>
    DSP48E2_X7Y5         DSP_ALU (Prop_DSP_ALU_DSP48E2_C_DATA[16]_ALU_OUT[24])
                                                      0.786     2.584 r  GEN_OLANES[0].dot8_inst/sum1_1_reg/DSP_ALU_INST/ALU_OUT[24]
                         net (fo=1, routed)           0.000     2.584    GEN_OLANES[0].dot8_inst/sum1_1_reg/DSP_ALU.ALU_OUT<24>
    DSP48E2_X7Y5         DSP_OUTPUT                                   r  GEN_OLANES[0].dot8_inst/sum1_1_reg/DSP_OUTPUT_INST/ALU_OUT[24]
  -------------------------------------------------------------------    -------------------

                         (clock clk rise edge)        1.000     1.000 r  
                                                      0.000     1.000 r  clk (IN)
                         net (fo=5174, unset)         0.055     1.055    GEN_OLANES[0].dot8_inst/sum1_1_reg/CLK
    DSP48E2_X7Y5         DSP_OUTPUT                                   r  GEN_OLANES[0].dot8_inst/sum1_1_reg/DSP_OUTPUT_INST/CLK
                         clock pessimism              0.000     1.055    
                         clock uncertainty           -0.035     1.020    
    DSP48E2_X7Y5         DSP_OUTPUT (Setup_DSP_OUTPUT_DSP48E2_CLK_ALU_OUT[24])
                                                      0.014     1.034    GEN_OLANES[0].dot8_inst/sum1_1_reg/DSP_OUTPUT_INST
  -------------------------------------------------------------------
                         required time                          1.034    
                         arrival time                          -2.584    
  -------------------------------------------------------------------
                         slack                                 -1.551    

Slack (VIOLATED) :        -1.551ns  (required time - arrival time)
  Source:                 GEN_OLANES[0].dot8_inst/product2_reg/DSP_M_DATA_INST/CLK
                            (rising edge-triggered cell DSP_M_DATA clocked by clk  {rise@0.000ns fall@0.500ns period=1.000ns})
  Destination:            GEN_OLANES[0].dot8_inst/sum1_1_reg/DSP_OUTPUT_INST/ALU_OUT[25]
                            (rising edge-triggered cell DSP_OUTPUT clocked by clk  {rise@0.000ns fall@0.500ns period=1.000ns})
  Path Group:             clk
  Path Type:              Setup (Max at Slow Process Corner)
  Requirement:            1.000ns  (clk rise@1.000ns - clk rise@0.000ns)
  Data Path Delay:        2.507ns  (logic 2.132ns (85.036%)  route 0.375ns (14.964%))
  Logic Levels:           4  (DSP_ALU=2 DSP_C_DATA=1 DSP_OUTPUT=1)
  Clock Path Skew:        -0.022ns (DCD - SCD + CPR)
    Destination Clock Delay (DCD):    0.055ns = ( 1.055 - 1.000 ) 
    Source Clock Delay      (SCD):    0.077ns
    Clock Pessimism Removal (CPR):    0.000ns
  Clock Uncertainty:      0.035ns  ((TSJ^2 + TIJ^2)^1/2 + DJ) / 2 + PE
    Total System Jitter     (TSJ):    0.071ns
    Total Input Jitter      (TIJ):    0.000ns
    Discrete Jitter          (DJ):    0.000ns
    Phase Error              (PE):    0.000ns

    Location             Delay type                Incr(ns)  Path(ns)    Netlist Resource(s)
  -------------------------------------------------------------------    -------------------
                         (clock clk rise edge)        0.000     0.000 r  
                                                      0.000     0.000 r  clk (IN)
                         net (fo=5174, unset)         0.077     0.077    GEN_OLANES[0].dot8_inst/product2_reg/CLK
    DSP48E2_X7Y4         DSP_M_DATA                                   r  GEN_OLANES[0].dot8_inst/product2_reg/DSP_M_DATA_INST/CLK
  -------------------------------------------------------------------    -------------------
    DSP48E2_X7Y4         DSP_M_DATA (Prop_DSP_M_DATA_DSP48E2_CLK_V_DATA[15])
                                                      0.343     0.420 r  GEN_OLANES[0].dot8_inst/product2_reg/DSP_M_DATA_INST/V_DATA[15]
                         net (fo=1, routed)           0.000     0.420    GEN_OLANES[0].dot8_inst/product2_reg/DSP_M_DATA.V_DATA<15>
    DSP48E2_X7Y4         DSP_ALU (Prop_DSP_ALU_DSP48E2_V_DATA[15]_ALU_OUT[15])
                                                      0.722     1.142 f  GEN_OLANES[0].dot8_inst/product2_reg/DSP_ALU_INST/ALU_OUT[15]
                         net (fo=1, routed)           0.000     1.142    GEN_OLANES[0].dot8_inst/product2_reg/DSP_ALU.ALU_OUT<15>
    DSP48E2_X7Y4         DSP_OUTPUT (Prop_DSP_OUTPUT_DSP48E2_ALU_OUT[15]_P[15])
                                                      0.146     1.288 r  GEN_OLANES[0].dot8_inst/product2_reg/DSP_OUTPUT_INST/P[15]
                         net (fo=2, routed)           0.375     1.663    GEN_OLANES[0].dot8_inst/sum1_1_reg/C[16]
    DSP48E2_X7Y5         DSP_C_DATA (Prop_DSP_C_DATA_DSP48E2_C[16]_C_DATA[16])
                                                      0.135     1.798 r  GEN_OLANES[0].dot8_inst/sum1_1_reg/DSP_C_DATA_INST/C_DATA[16]
                         net (fo=2, routed)           0.000     1.798    GEN_OLANES[0].dot8_inst/sum1_1_reg/DSP_C_DATA.C_DATA<16>
    DSP48E2_X7Y5         DSP_ALU (Prop_DSP_ALU_DSP48E2_C_DATA[16]_ALU_OUT[25])
                                                      0.786     2.584 r  GEN_OLANES[0].dot8_inst/sum1_1_reg/DSP_ALU_INST/ALU_OUT[25]
                         net (fo=1, routed)           0.000     2.584    GEN_OLANES[0].dot8_inst/sum1_1_reg/DSP_ALU.ALU_OUT<25>
    DSP48E2_X7Y5         DSP_OUTPUT                                   r  GEN_OLANES[0].dot8_inst/sum1_1_reg/DSP_OUTPUT_INST/ALU_OUT[25]
  -------------------------------------------------------------------    -------------------

                         (clock clk rise edge)        1.000     1.000 r  
                                                      0.000     1.000 r  clk (IN)
                         net (fo=5174, unset)         0.055     1.055    GEN_OLANES[0].dot8_inst/sum1_1_reg/CLK
    DSP48E2_X7Y5         DSP_OUTPUT                                   r  GEN_OLANES[0].dot8_inst/sum1_1_reg/DSP_OUTPUT_INST/CLK
                         clock pessimism              0.000     1.055    
                         clock uncertainty           -0.035     1.020    
    DSP48E2_X7Y5         DSP_OUTPUT (Setup_DSP_OUTPUT_DSP48E2_CLK_ALU_OUT[25])
                                                      0.014     1.034    GEN_OLANES[0].dot8_inst/sum1_1_reg/DSP_OUTPUT_INST
  -------------------------------------------------------------------
                         required time                          1.034    
                         arrival time                          -2.584    
  -------------------------------------------------------------------
                         slack                                 -1.551    





Min Delay Paths
--------------------------------------------------------------------------------------
Slack (MET) :             0.095ns  (arrival time - required time)
  Source:                 ctrl_inst/row_count_reg[6]/C
                            (rising edge-triggered cell FDRE clocked by clk  {rise@0.000ns fall@0.500ns period=1.000ns})
  Destination:            ctrl_inst/row_count_reg[9]/D
                            (rising edge-triggered cell FDRE clocked by clk  {rise@0.000ns fall@0.500ns period=1.000ns})
  Path Group:             clk
  Path Type:              Hold (Min at Fast Process Corner)
  Requirement:            0.000ns  (clk rise@0.000ns - clk rise@0.000ns)
  Data Path Delay:        0.147ns  (logic 0.108ns (73.314%)  route 0.039ns (26.686%))
  Logic Levels:           1  (LUT5=1)
  Clock Path Skew:        0.007ns (DCD - SCD - CPR)
    Destination Clock Delay (DCD):    0.021ns
    Source Clock Delay      (SCD):    0.014ns
    Clock Pessimism Removal (CPR):    -0.000ns

    Location             Delay type                Incr(ns)  Path(ns)    Netlist Resource(s)
  -------------------------------------------------------------------    -------------------
                         (clock clk rise edge)        0.000     0.000 r  
                                                      0.000     0.000 r  clk (IN)
                         net (fo=5174, unset)         0.014     0.014    ctrl_inst/clk
    SLICE_X31Y35         FDRE                                         r  ctrl_inst/row_count_reg[6]/C
  -------------------------------------------------------------------    -------------------
    SLICE_X31Y35         FDRE (Prop_DFF_SLICEM_C_Q)
                                                      0.083     0.097 r  ctrl_inst/row_count_reg[6]/Q
                         net (fo=5, routed)           0.030     0.127    ctrl_inst/row_count_reg[6]
    SLICE_X31Y35         LUT5 (Prop_B5LUT_SLICEM_I2_O)
                                                      0.025     0.152 r  ctrl_inst/row_count[9]_i_3/O
                         net (fo=1, routed)           0.009     0.161    ctrl_inst/p_0_in__0[9]
    SLICE_X31Y35         FDRE                                         r  ctrl_inst/row_count_reg[9]/D
  -------------------------------------------------------------------    -------------------

                         (clock clk rise edge)        0.000     0.000 r  
                                                      0.000     0.000 r  clk (IN)
                         net (fo=5174, unset)         0.021     0.021    ctrl_inst/clk
    SLICE_X31Y35         FDRE                                         r  ctrl_inst/row_count_reg[9]/C
                         clock pessimism              0.000     0.021    
    SLICE_X31Y35         FDRE (Hold_BFF2_SLICEM_C_D)
                                                      0.045     0.066    ctrl_inst/row_count_reg[9]
  -------------------------------------------------------------------
                         required time                         -0.066    
                         arrival time                           0.161    
  -------------------------------------------------------------------
                         slack                                  0.095    

Slack (MET) :             0.097ns  (arrival time - required time)
  Source:                 accum_first_delay_reg_r/C
                            (rising edge-triggered cell FDRE clocked by clk  {rise@0.000ns fall@0.500ns period=1.000ns})
  Destination:            accum_first_delay_reg_r_0/D
                            (rising edge-triggered cell FDRE clocked by clk  {rise@0.000ns fall@0.500ns period=1.000ns})
  Path Group:             clk
  Path Type:              Hold (Min at Fast Process Corner)
  Requirement:            0.000ns  (clk rise@0.000ns - clk rise@0.000ns)
  Data Path Delay:        0.148ns  (logic 0.084ns (56.757%)  route 0.064ns (43.243%))
  Logic Levels:           0  
  Clock Path Skew:        0.006ns (DCD - SCD - CPR)
    Destination Clock Delay (DCD):    0.020ns
    Source Clock Delay      (SCD):    0.014ns
    Clock Pessimism Removal (CPR):    -0.000ns

    Location             Delay type                Incr(ns)  Path(ns)    Netlist Resource(s)
  -------------------------------------------------------------------    -------------------
                         (clock clk rise edge)        0.000     0.000 r  
                                                      0.000     0.000 r  clk (IN)
                         net (fo=5174, unset)         0.014     0.014    clk
    SLICE_X33Y56         FDRE                                         r  accum_first_delay_reg_r/C
  -------------------------------------------------------------------    -------------------
    SLICE_X33Y56         FDRE (Prop_EFF_SLICEL_C_Q)
                                                      0.084     0.098 r  accum_first_delay_reg_r/Q
                         net (fo=1, routed)           0.064     0.162    accum_first_delay_reg_r_n_0
    SLICE_X33Y56         FDRE                                         r  accum_first_delay_reg_r_0/D
  -------------------------------------------------------------------    -------------------

                         (clock clk rise edge)        0.000     0.000 r  
                                                      0.000     0.000 r  clk (IN)
                         net (fo=5174, unset)         0.020     0.020    clk
    SLICE_X33Y56         FDRE                                         r  accum_first_delay_reg_r_0/C
                         clock pessimism              0.000     0.020    
    SLICE_X33Y56         FDRE (Hold_EFF2_SLICEL_C_D)
                                                      0.045     0.065    accum_first_delay_reg_r_0
  -------------------------------------------------------------------
                         required time                         -0.065    
                         arrival time                           0.162    
  -------------------------------------------------------------------
                         slack                                  0.097    

Slack (MET) :             0.101ns  (arrival time - required time)
  Source:                 ctrl_inst/word_count_reg[5]/C
                            (rising edge-triggered cell FDRE clocked by clk  {rise@0.000ns fall@0.500ns period=1.000ns})
  Destination:            ctrl_inst/word_count_reg[5]/D
                            (rising edge-triggered cell FDRE clocked by clk  {rise@0.000ns fall@0.500ns period=1.000ns})
  Path Group:             clk
  Path Type:              Hold (Min at Fast Process Corner)
  Requirement:            0.000ns  (clk rise@0.000ns - clk rise@0.000ns)
  Data Path Delay:        0.150ns  (logic 0.106ns (70.839%)  route 0.044ns (29.161%))
  Logic Levels:           1  (LUT6=1)
  Clock Path Skew:        0.005ns (DCD - SCD - CPR)
    Destination Clock Delay (DCD):    0.019ns
    Source Clock Delay      (SCD):    0.014ns
    Clock Pessimism Removal (CPR):    -0.000ns

    Location             Delay type                Incr(ns)  Path(ns)    Netlist Resource(s)
  -------------------------------------------------------------------    -------------------
                         (clock clk rise edge)        0.000     0.000 r  
                                                      0.000     0.000 r  clk (IN)
                         net (fo=5174, unset)         0.014     0.014    ctrl_inst/clk
    SLICE_X36Y44         FDRE                                         r  ctrl_inst/word_count_reg[5]/C
  -------------------------------------------------------------------    -------------------
    SLICE_X36Y44         FDRE (Prop_BFF_SLICEL_C_Q)
                                                      0.084     0.098 r  ctrl_inst/word_count_reg[5]/Q
                         net (fo=4, routed)           0.027     0.125    ctrl_inst/word_count_reg[5]
    SLICE_X36Y44         LUT6 (Prop_B6LUT_SLICEL_I5_O)
                                                      0.022     0.147 r  ctrl_inst/word_count[5]_i_1/O
                         net (fo=1, routed)           0.017     0.164    ctrl_inst/p_0_in[5]
    SLICE_X36Y44         FDRE                                         r  ctrl_inst/word_count_reg[5]/D
  -------------------------------------------------------------------    -------------------

                         (clock clk rise edge)        0.000     0.000 r  
                                                      0.000     0.000 r  clk (IN)
                         net (fo=5174, unset)         0.019     0.019    ctrl_inst/clk
    SLICE_X36Y44         FDRE                                         r  ctrl_inst/word_count_reg[5]/C
                         clock pessimism              0.000     0.019    
    SLICE_X36Y44         FDRE (Hold_BFF_SLICEL_C_D)
                                                      0.044     0.063    ctrl_inst/word_count_reg[5]
  -------------------------------------------------------------------
                         required time                         -0.063    
                         arrival time                           0.164    
  -------------------------------------------------------------------
                         slack                                  0.101    

Slack (MET) :             0.105ns  (arrival time - required time)
  Source:                 rows_emitted_reg[6]/C
                            (rising edge-triggered cell FDRE clocked by clk  {rise@0.000ns fall@0.500ns period=1.000ns})
  Destination:            rows_emitted_reg[8]/D
                            (rising edge-triggered cell FDRE clocked by clk  {rise@0.000ns fall@0.500ns period=1.000ns})
  Path Group:             clk
  Path Type:              Hold (Min at Fast Process Corner)
  Requirement:            0.000ns  (clk rise@0.000ns - clk rise@0.000ns)
  Data Path Delay:        0.155ns  (logic 0.121ns (77.999%)  route 0.034ns (22.001%))
  Logic Levels:           1  (LUT4=1)
  Clock Path Skew:        0.005ns (DCD - SCD - CPR)
    Destination Clock Delay (DCD):    0.019ns
    Source Clock Delay      (SCD):    0.014ns
    Clock Pessimism Removal (CPR):    -0.000ns

    Location             Delay type                Incr(ns)  Path(ns)    Netlist Resource(s)
  -------------------------------------------------------------------    -------------------
                         (clock clk rise edge)        0.000     0.000 r  
                                                      0.000     0.000 r  clk (IN)
                         net (fo=5174, unset)         0.014     0.014    clk
    SLICE_X33Y68         FDRE                                         r  rows_emitted_reg[6]/C
  -------------------------------------------------------------------    -------------------
    SLICE_X33Y68         FDRE (Prop_DFF_SLICEL_C_Q)
                                                      0.084     0.098 r  rows_emitted_reg[6]/Q
                         net (fo=5, routed)           0.027     0.125    rows_emitted_reg[6]
    SLICE_X33Y68         LUT4 (Prop_D5LUT_SLICEL_I0_O)
                                                      0.037     0.162 r  rows_emitted[8]_i_1/O
                         net (fo=1, routed)           0.007     0.169    p_0_in[8]
    SLICE_X33Y68         FDRE                                         r  rows_emitted_reg[8]/D
  -------------------------------------------------------------------    -------------------

                         (clock clk rise edge)        0.000     0.000 r  
                                                      0.000     0.000 r  clk (IN)
                         net (fo=5174, unset)         0.019     0.019    clk
    SLICE_X33Y68         FDRE                                         r  rows_emitted_reg[8]/C
                         clock pessimism              0.000     0.019    
    SLICE_X33Y68         FDRE (Hold_DFF2_SLICEL_C_D)
                                                      0.045     0.064    rows_emitted_reg[8]
  -------------------------------------------------------------------
                         required time                         -0.064    
                         arrival time                           0.169    
  -------------------------------------------------------------------
                         slack                                  0.105    

Slack (MET) :             0.105ns  (arrival time - required time)
  Source:                 rows_emitted_reg[6]/C
                            (rising edge-triggered cell FDRE clocked by clk  {rise@0.000ns fall@0.500ns period=1.000ns})
  Destination:            rows_emitted_reg[9]/D
                            (rising edge-triggered cell FDRE clocked by clk  {rise@0.000ns fall@0.500ns period=1.000ns})
  Path Group:             clk
  Path Type:              Hold (Min at Fast Process Corner)
  Requirement:            0.000ns  (clk rise@0.000ns - clk rise@0.000ns)
  Data Path Delay:        0.155ns  (logic 0.121ns (77.999%)  route 0.034ns (22.001%))
  Logic Levels:           1  (LUT5=1)
  Clock Path Skew:        0.005ns (DCD - SCD - CPR)
    Destination Clock Delay (DCD):    0.019ns
    Source Clock Delay      (SCD):    0.014ns
    Clock Pessimism Removal (CPR):    -0.000ns

    Location             Delay type                Incr(ns)  Path(ns)    Netlist Resource(s)
  -------------------------------------------------------------------    -------------------
                         (clock clk rise edge)        0.000     0.000 r  
                                                      0.000     0.000 r  clk (IN)
                         net (fo=5174, unset)         0.014     0.014    clk
    SLICE_X33Y68         FDRE                                         r  rows_emitted_reg[6]/C
  -------------------------------------------------------------------    -------------------
    SLICE_X33Y68         FDRE (Prop_DFF_SLICEL_C_Q)
                                                      0.084     0.098 r  rows_emitted_reg[6]/Q
                         net (fo=5, routed)           0.027     0.125    rows_emitted_reg[6]
    SLICE_X33Y68         LUT5 (Prop_C5LUT_SLICEL_I2_O)
                                                      0.037     0.162 r  rows_emitted[9]_i_3/O
                         net (fo=1, routed)           0.007     0.169    p_0_in[9]
    SLICE_X33Y68         FDRE                                         r  rows_emitted_reg[9]/D
  -------------------------------------------------------------------    -------------------

                         (clock clk rise edge)        0.000     0.000 r  
                                                      0.000     0.000 r  clk (IN)
                         net (fo=5174, unset)         0.019     0.019    clk
    SLICE_X33Y68         FDRE                                         r  rows_emitted_reg[9]/C
                         clock pessimism              0.000     0.019    
    SLICE_X33Y68         FDRE (Hold_CFF2_SLICEL_C_D)
                                                      0.045     0.064    rows_emitted_reg[9]
  -------------------------------------------------------------------
                         required time                         -0.064    
                         arrival time                           0.169    
  -------------------------------------------------------------------
                         slack                                  0.105    

Slack (MET) :             0.108ns  (arrival time - required time)
  Source:                 ctrl_inst/row_count_reg[7]/C
                            (rising edge-triggered cell FDRE clocked by clk  {rise@0.000ns fall@0.500ns period=1.000ns})
  Destination:            ctrl_inst/row_count_reg[7]/D
                            (rising edge-triggered cell FDRE clocked by clk  {rise@0.000ns fall@0.500ns period=1.000ns})
  Path Group:             clk
  Path Type:              Hold (Min at Fast Process Corner)
  Requirement:            0.000ns  (clk rise@0.000ns - clk rise@0.000ns)
  Data Path Delay:        0.159ns  (logic 0.104ns (65.338%)  route 0.055ns (34.662%))
  Logic Levels:           1  (LUT3=1)
  Clock Path Skew:        0.007ns (DCD - SCD - CPR)
    Destination Clock Delay (DCD):    0.021ns
    Source Clock Delay      (SCD):    0.014ns
    Clock Pessimism Removal (CPR):    -0.000ns

    Location             Delay type                Incr(ns)  Path(ns)    Netlist Resource(s)
  -------------------------------------------------------------------    -------------------
                         (clock clk rise edge)        0.000     0.000 r  
                                                      0.000     0.000 r  clk (IN)
                         net (fo=5174, unset)         0.014     0.014    ctrl_inst/clk
    SLICE_X31Y35         FDRE                                         r  ctrl_inst/row_count_reg[7]/C
  -------------------------------------------------------------------    -------------------
    SLICE_X31Y35         FDRE (Prop_CFF_SLICEM_C_Q)
                                                      0.083     0.097 r  ctrl_inst/row_count_reg[7]/Q
                         net (fo=4, routed)           0.028     0.125    ctrl_inst/row_count_reg[7]
    SLICE_X31Y35         LUT3 (Prop_C6LUT_SLICEM_I2_O)
                                                      0.021     0.146 r  ctrl_inst/row_count[7]_i_1/O
                         net (fo=1, routed)           0.027     0.173    ctrl_inst/p_0_in__0[7]
    SLICE_X31Y35         FDRE                                         r  ctrl_inst/row_count_reg[7]/D
  -------------------------------------------------------------------    -------------------

                         (clock clk rise edge)        0.000     0.000 r  
                                                      0.000     0.000 r  clk (IN)
                         net (fo=5174, unset)         0.021     0.021    ctrl_inst/clk
    SLICE_X31Y35         FDRE                                         r  ctrl_inst/row_count_reg[7]/C
                         clock pessimism              0.000     0.021    
    SLICE_X31Y35         FDRE (Hold_CFF_SLICEM_C_D)
                                                      0.044     0.065    ctrl_inst/row_count_reg[7]
  -------------------------------------------------------------------
                         required time                         -0.065    
                         arrival time                           0.173    
  -------------------------------------------------------------------
                         slack                                  0.108    

Slack (MET) :             0.109ns  (arrival time - required time)
  Source:                 rows_emitted_reg[3]/C
                            (rising edge-triggered cell FDRE clocked by clk  {rise@0.000ns fall@0.500ns period=1.000ns})
  Destination:            rows_emitted_reg[4]/D
                            (rising edge-triggered cell FDRE clocked by clk  {rise@0.000ns fall@0.500ns period=1.000ns})
  Path Group:             clk
  Path Type:              Hold (Min at Fast Process Corner)
  Requirement:            0.000ns  (clk rise@0.000ns - clk rise@0.000ns)
  Data Path Delay:        0.159ns  (logic 0.121ns (76.213%)  route 0.038ns (23.787%))
  Logic Levels:           1  (LUT5=1)
  Clock Path Skew:        0.005ns (DCD - SCD - CPR)
    Destination Clock Delay (DCD):    0.019ns
    Source Clock Delay      (SCD):    0.014ns
    Clock Pessimism Removal (CPR):    -0.000ns

    Location             Delay type                Incr(ns)  Path(ns)    Netlist Resource(s)
  -------------------------------------------------------------------    -------------------
                         (clock clk rise edge)        0.000     0.000 r  
                                                      0.000     0.000 r  clk (IN)
                         net (fo=5174, unset)         0.014     0.014    clk
    SLICE_X33Y70         FDRE                                         r  rows_emitted_reg[3]/C
  -------------------------------------------------------------------    -------------------
    SLICE_X33Y70         FDRE (Prop_DFF_SLICEL_C_Q)
                                                      0.084     0.098 r  rows_emitted_reg[3]/Q
                         net (fo=5, routed)           0.031     0.129    rows_emitted_reg[3]
    SLICE_X33Y70         LUT5 (Prop_D5LUT_SLICEL_I3_O)
                                                      0.037     0.166 r  rows_emitted[4]_i_1/O
                         net (fo=1, routed)           0.007     0.173    p_0_in[4]
    SLICE_X33Y70         FDRE                                         r  rows_emitted_reg[4]/D
  -------------------------------------------------------------------    -------------------

                         (clock clk rise edge)        0.000     0.000 r  
                                                      0.000     0.000 r  clk (IN)
                         net (fo=5174, unset)         0.019     0.019    clk
    SLICE_X33Y70         FDRE                                         r  rows_emitted_reg[4]/C
                         clock pessimism              0.000     0.019    
    SLICE_X33Y70         FDRE (Hold_DFF2_SLICEL_C_D)
                                                      0.045     0.064    rows_emitted_reg[4]
  -------------------------------------------------------------------
                         required time                         -0.064    
                         arrival time                           0.173    
  -------------------------------------------------------------------
                         slack                                  0.109    

Slack (MET) :             0.111ns  (arrival time - required time)
  Source:                 ctrl_inst/row_count_reg[6]/C
                            (rising edge-triggered cell FDRE clocked by clk  {rise@0.000ns fall@0.500ns period=1.000ns})
  Destination:            ctrl_inst/row_count_reg[6]/D
                            (rising edge-triggered cell FDRE clocked by clk  {rise@0.000ns fall@0.500ns period=1.000ns})
  Path Group:             clk
  Path Type:              Hold (Min at Fast Process Corner)
  Requirement:            0.000ns  (clk rise@0.000ns - clk rise@0.000ns)
  Data Path Delay:        0.162ns  (logic 0.104ns (64.146%)  route 0.058ns (35.854%))
  Logic Levels:           1  (LUT2=1)
  Clock Path Skew:        0.007ns (DCD - SCD - CPR)
    Destination Clock Delay (DCD):    0.021ns
    Source Clock Delay      (SCD):    0.014ns
    Clock Pessimism Removal (CPR):    -0.000ns

    Location             Delay type                Incr(ns)  Path(ns)    Netlist Resource(s)
  -------------------------------------------------------------------    -------------------
                         (clock clk rise edge)        0.000     0.000 r  
                                                      0.000     0.000 r  clk (IN)
                         net (fo=5174, unset)         0.014     0.014    ctrl_inst/clk
    SLICE_X31Y35         FDRE                                         r  ctrl_inst/row_count_reg[6]/C
  -------------------------------------------------------------------    -------------------
    SLICE_X31Y35         FDRE (Prop_DFF_SLICEM_C_Q)
                                                      0.083     0.097 r  ctrl_inst/row_count_reg[6]/Q
                         net (fo=5, routed)           0.029     0.126    ctrl_inst/row_count_reg[6]
    SLICE_X31Y35         LUT2 (Prop_D6LUT_SLICEM_I1_O)
                                                      0.021     0.147 r  ctrl_inst/row_count[6]_i_1/O
                         net (fo=1, routed)           0.029     0.176    ctrl_inst/p_0_in__0[6]
    SLICE_X31Y35         FDRE                                         r  ctrl_inst/row_count_reg[6]/D
  -------------------------------------------------------------------    -------------------

                         (clock clk rise edge)        0.000     0.000 r  
                                                      0.000     0.000 r  clk (IN)
                         net (fo=5174, unset)         0.021     0.021    ctrl_inst/clk
    SLICE_X31Y35         FDRE                                         r  ctrl_inst/row_count_reg[6]/C
                         clock pessimism              0.000     0.021    
    SLICE_X31Y35         FDRE (Hold_DFF_SLICEM_C_D)
                                                      0.044     0.065    ctrl_inst/row_count_reg[6]
  -------------------------------------------------------------------
                         required time                         -0.065    
                         arrival time                           0.176    
  -------------------------------------------------------------------
                         slack                                  0.111    

Slack (MET) :             0.112ns  (arrival time - required time)
  Source:                 ctrl_inst/row_count_reg[5]/C
                            (rising edge-triggered cell FDRE clocked by clk  {rise@0.000ns fall@0.500ns period=1.000ns})
  Destination:            ctrl_inst/row_count_reg[5]/D
                            (rising edge-triggered cell FDRE clocked by clk  {rise@0.000ns fall@0.500ns period=1.000ns})
  Path Group:             clk
  Path Type:              Hold (Min at Fast Process Corner)
  Requirement:            0.000ns  (clk rise@0.000ns - clk rise@0.000ns)
  Data Path Delay:        0.163ns  (logic 0.104ns (63.879%)  route 0.059ns (36.121%))
  Logic Levels:           1  (LUT6=1)
  Clock Path Skew:        0.007ns (DCD - SCD - CPR)
    Destination Clock Delay (DCD):    0.021ns
    Source Clock Delay      (SCD):    0.014ns
    Clock Pessimism Removal (CPR):    -0.000ns

    Location             Delay type                Incr(ns)  Path(ns)    Netlist Resource(s)
  -------------------------------------------------------------------    -------------------
                         (clock clk rise edge)        0.000     0.000 r  
                                                      0.000     0.000 r  clk (IN)
                         net (fo=5174, unset)         0.014     0.014    ctrl_inst/clk
    SLICE_X31Y34         FDRE                                         r  ctrl_inst/row_count_reg[5]/C
  -------------------------------------------------------------------    -------------------
    SLICE_X31Y34         FDRE (Prop_CFF_SLICEM_C_Q)
                                                      0.083     0.097 r  ctrl_inst/row_count_reg[5]/Q
                         net (fo=3, routed)           0.032     0.129    ctrl_inst/row_count_reg[5]
    SLICE_X31Y34         LUT6 (Prop_C6LUT_SLICEM_I5_O)
                                                      0.021     0.150 r  ctrl_inst/row_count[5]_i_1/O
                         net (fo=1, routed)           0.027     0.177    ctrl_inst/p_0_in__0[5]
    SLICE_X31Y34         FDRE                                         r  ctrl_inst/row_count_reg[5]/D
  -------------------------------------------------------------------    -------------------

                         (clock clk rise edge)        0.000     0.000 r  
                                                      0.000     0.000 r  clk (IN)
                         net (fo=5174, unset)         0.021     0.021    ctrl_inst/clk
    SLICE_X31Y34         FDRE                                         r  ctrl_inst/row_count_reg[5]/C
                         clock pessimism              0.000     0.021    
    SLICE_X31Y34         FDRE (Hold_CFF_SLICEM_C_D)
                                                      0.044     0.065    ctrl_inst/row_count_reg[5]
  -------------------------------------------------------------------
                         required time                         -0.065    
                         arrival time                           0.177    
  -------------------------------------------------------------------
                         slack                                  0.112    

Slack (MET) :             0.114ns  (arrival time - required time)
  Source:                 GEN_OLANES[0].accum_inst/accum_reg_reg[11]/C
                            (rising edge-triggered cell FDRE clocked by clk  {rise@0.000ns fall@0.500ns period=1.000ns})
  Destination:            GEN_OLANES[0].accum_inst/accum_reg_reg[11]/D
                            (rising edge-triggered cell FDRE clocked by clk  {rise@0.000ns fall@0.500ns period=1.000ns})
  Path Group:             clk
  Path Type:              Hold (Min at Fast Process Corner)
  Requirement:            0.000ns  (clk rise@0.000ns - clk rise@0.000ns)
  Data Path Delay:        0.163ns  (logic 0.124ns (76.074%)  route 0.039ns (23.926%))
  Logic Levels:           2  (CARRY8=1 LUT3=1)
  Clock Path Skew:        0.005ns (DCD - SCD - CPR)
    Destination Clock Delay (DCD):    0.019ns
    Source Clock Delay      (SCD):    0.014ns
    Clock Pessimism Removal (CPR):    -0.000ns

    Location             Delay type                Incr(ns)  Path(ns)    Netlist Resource(s)
  -------------------------------------------------------------------    -------------------
                         (clock clk rise edge)        0.000     0.000 r  
                                                      0.000     0.000 r  clk (IN)
                         net (fo=5174, unset)         0.014     0.014    GEN_OLANES[0].accum_inst/clk
    SLICE_X26Y6          FDRE                                         r  GEN_OLANES[0].accum_inst/accum_reg_reg[11]/C
  -------------------------------------------------------------------    -------------------
    SLICE_X26Y6          FDRE (Prop_DFF_SLICEL_C_Q)
                                                      0.084     0.098 r  GEN_OLANES[0].accum_inst/accum_reg_reg[11]/Q
                         net (fo=1, routed)           0.023     0.121    GEN_OLANES[0].dot8_inst/o_result[11]
    SLICE_X26Y6          LUT3 (Prop_D6LUT_SLICEL_I2_O)
                                                      0.021     0.142 r  GEN_OLANES[0].dot8_inst/accum_reg[15]_i_6/O
                         net (fo=1, routed)           0.008     0.150    GEN_OLANES[0].dot8_inst/accum_reg[15]_i_6_n_0
    SLICE_X26Y6          CARRY8 (Prop_CARRY8_SLICEL_S[3]_O[3])
                                                      0.019     0.169 r  GEN_OLANES[0].dot8_inst/accum_reg_reg[15]_i_1/O[3]
                         net (fo=1, routed)           0.008     0.177    GEN_OLANES[0].accum_inst/accum_reg_reg[15]_0[3]
    SLICE_X26Y6          FDRE                                         r  GEN_OLANES[0].accum_inst/accum_reg_reg[11]/D
  -------------------------------------------------------------------    -------------------

                         (clock clk rise edge)        0.000     0.000 r  
                                                      0.000     0.000 r  clk (IN)
                         net (fo=5174, unset)         0.019     0.019    GEN_OLANES[0].accum_inst/clk
    SLICE_X26Y6          FDRE                                         r  GEN_OLANES[0].accum_inst/accum_reg_reg[11]/C
                         clock pessimism              0.000     0.019    
    SLICE_X26Y6          FDRE (Hold_DFF_SLICEL_C_D)
                                                      0.044     0.063    GEN_OLANES[0].accum_inst/accum_reg_reg[11]
  -------------------------------------------------------------------
                         required time                         -0.063    
                         arrival time                           0.177    
  -------------------------------------------------------------------
                         slack                                  0.114    





Pulse Width Checks
--------------------------------------------------------------------------------------
Clock Name:         clk
Waveform(ns):       { 0.000 0.500 }
Period(ns):         1.000
Sources:            { clk }

Check Type        Corner  Lib Pin             Reference Pin  Required(ns)  Actual(ns)  Slack(ns)  Location      Pin
Min Period        n/a     RAMB36E2/CLKARDCLK  n/a            1.960         1.000       -0.960     RAMB36_X0Y3   GEN_OLANES[5].matrix_mem/mem_array_reg/CLKARDCLK
Min Period        n/a     RAMB36E2/CLKBWRCLK  n/a            1.960         1.000       -0.960     RAMB36_X0Y3   GEN_OLANES[5].matrix_mem/mem_array_reg/CLKBWRCLK
Min Period        n/a     RAMB36E2/CLKARDCLK  n/a            1.960         1.000       -0.960     RAMB36_X0Y2   GEN_OLANES[6].matrix_mem/mem_array_reg/CLKARDCLK
Min Period        n/a     RAMB36E2/CLKBWRCLK  n/a            1.960         1.000       -0.960     RAMB36_X0Y2   GEN_OLANES[6].matrix_mem/mem_array_reg/CLKBWRCLK
Min Period        n/a     RAMB36E2/CLKARDCLK  n/a            1.960         1.000       -0.960     RAMB36_X0Y4   GEN_OLANES[7].matrix_mem/mem_array_reg/CLKARDCLK
Min Period        n/a     RAMB36E2/CLKBWRCLK  n/a            1.960         1.000       -0.960     RAMB36_X0Y4   GEN_OLANES[7].matrix_mem/mem_array_reg/CLKBWRCLK
Min Period        n/a     RAMB36E2/CLKARDCLK  n/a            1.960         1.000       -0.960     RAMB36_X0Y5   vector_mem/mem_array_reg/CLKARDCLK
Min Period        n/a     RAMB36E2/CLKBWRCLK  n/a            1.960         1.000       -0.960     RAMB36_X0Y5   vector_mem/mem_array_reg/CLKBWRCLK
Min Period        n/a     SRL16E/CLK          n/a            1.524         1.000       -0.524     SLICE_X37Y49  accum_first_delay_reg[4]_srl5___accum_first_delay_reg_r_3/CLK
Min Period        n/a     SRL16E/CLK          n/a            1.524         1.000       -0.524     SLICE_X34Y50  accum_last_delay_reg[4]_srl5___accum_first_delay_reg_r_3/CLK
Low Pulse Width   Slow    SRL16E/CLK          n/a            0.762         0.500       -0.262     SLICE_X37Y49  accum_first_delay_reg[4]_srl5___accum_first_delay_reg_r_3/CLK
Low Pulse Width   Fast    SRL16E/CLK          n/a            0.762         0.500       -0.262     SLICE_X37Y49  accum_first_delay_reg[4]_srl5___accum_first_delay_reg_r_3/CLK
Low Pulse Width   Slow    SRL16E/CLK          n/a            0.762         0.500       -0.262     SLICE_X34Y50  accum_last_delay_reg[4]_srl5___accum_first_delay_reg_r_3/CLK
Low Pulse Width   Fast    SRL16E/CLK          n/a            0.762         0.500       -0.262     SLICE_X34Y50  accum_last_delay_reg[4]_srl5___accum_first_delay_reg_r_3/CLK
Low Pulse Width   Slow    SRL16E/CLK          n/a            0.762         0.500       -0.262     SLICE_X34Y50  GEN_OLANES[0].dot8_inst/valid_pipe_reg[2]_srl5___accum_first_delay_reg_r_3/CLK
Low Pulse Width   Fast    SRL16E/CLK          n/a            0.762         0.500       -0.262     SLICE_X34Y50  GEN_OLANES[0].dot8_inst/valid_pipe_reg[2]_srl5___accum_first_delay_reg_r_3/CLK
Low Pulse Width   Slow    RAMD64E/CLK         n/a            0.762         0.500       -0.262     SLICE_X25Y6   GEN_OLANES[0].matrix_mem/mem_array_reg_0_63_0_6/RAMA/CLK
Low Pulse Width   Fast    RAMD64E/CLK         n/a            0.762         0.500       -0.262     SLICE_X25Y6   GEN_OLANES[0].matrix_mem/mem_array_reg_0_63_0_6/RAMA/CLK
Low Pulse Width   Slow    RAMD64E/CLK         n/a            0.762         0.500       -0.262     SLICE_X25Y6   GEN_OLANES[0].matrix_mem/mem_array_reg_0_63_0_6/RAMB/CLK
Low Pulse Width   Fast    RAMD64E/CLK         n/a            0.762         0.500       -0.262     SLICE_X25Y6   GEN_OLANES[0].matrix_mem/mem_array_reg_0_63_0_6/RAMB/CLK
High Pulse Width  Slow    SRL16E/CLK          n/a            0.762         0.500       -0.262     SLICE_X37Y49  accum_first_delay_reg[4]_srl5___accum_first_delay_reg_r_3/CLK
High Pulse Width  Fast    SRL16E/CLK          n/a            0.762         0.500       -0.262     SLICE_X37Y49  accum_first_delay_reg[4]_srl5___accum_first_delay_reg_r_3/CLK
High Pulse Width  Slow    SRL16E/CLK          n/a            0.762         0.500       -0.262     SLICE_X34Y50  accum_last_delay_reg[4]_srl5___accum_first_delay_reg_r_3/CLK
High Pulse Width  Fast    SRL16E/CLK          n/a            0.762         0.500       -0.262     SLICE_X34Y50  accum_last_delay_reg[4]_srl5___accum_first_delay_reg_r_3/CLK
High Pulse Width  Slow    SRL16E/CLK          n/a            0.762         0.500       -0.262     SLICE_X34Y50  GEN_OLANES[0].dot8_inst/valid_pipe_reg[2]_srl5___accum_first_delay_reg_r_3/CLK
High Pulse Width  Fast    SRL16E/CLK          n/a            0.762         0.500       -0.262     SLICE_X34Y50  GEN_OLANES[0].dot8_inst/valid_pipe_reg[2]_srl5___accum_first_delay_reg_r_3/CLK
High Pulse Width  Slow    RAMD64E/CLK         n/a            0.762         0.500       -0.262     SLICE_X25Y6   GEN_OLANES[0].matrix_mem/mem_array_reg_0_63_0_6/RAMA/CLK
High Pulse Width  Fast    RAMD64E/CLK         n/a            0.762         0.500       -0.262     SLICE_X25Y6   GEN_OLANES[0].matrix_mem/mem_array_reg_0_63_0_6/RAMA/CLK
High Pulse Width  Slow    RAMD64E/CLK         n/a            0.762         0.500       -0.262     SLICE_X25Y6   GEN_OLANES[0].matrix_mem/mem_array_reg_0_63_0_6/RAMB/CLK
High Pulse Width  Fast    RAMD64E/CLK         n/a            0.762         0.500       -0.262     SLICE_X25Y6   GEN_OLANES[0].matrix_mem/mem_array_reg_0_63_0_6/RAMB/CLK



--------------------------------------------------------------------------------------
Path Group:  (none)
From Clock:  clk
  To Clock:  

Max Delay           258 Endpoints
Min Delay           258 Endpoints
--------------------------------------------------------------------------------------


Max Delay Paths
--------------------------------------------------------------------------------------
Slack:                    inf
  Source:                 GEN_OLANES[4].accum_inst/accum_reg_reg[2]/C
                            (rising edge-triggered cell FDRE clocked by clk  {rise@0.000ns fall@0.500ns period=1.000ns})
  Destination:            o_result[130]
                            (output port)
  Path Group:             (none)
  Path Type:              Max at Slow Process Corner
  Data Path Delay:        0.116ns  (logic 0.116ns (100.000%)  route 0.000ns (0.000%))
  Logic Levels:           0  
  Clock Uncertainty:      0.025ns  ((TSJ^2 + TIJ^2)^1/2 + DJ) / 2 + PE
    Total System Jitter     (TSJ):    0.050ns
    Total Input Jitter      (TIJ):    0.000ns
    Discrete Jitter          (DJ):    0.000ns
    Phase Error              (PE):    0.000ns

    Location             Delay type                Incr(ns)  Path(ns)    Netlist Resource(s)
  -------------------------------------------------------------------    -------------------
                         (clock clk rise edge)        0.000     0.000 r  
                                                      0.000     0.000 r  clk (IN)
                         net (fo=5174, unset)         0.043     0.043    GEN_OLANES[4].accum_inst/clk
    SLICE_X34Y20         FDRE                                         r  GEN_OLANES[4].accum_inst/accum_reg_reg[2]/C
  -------------------------------------------------------------------    -------------------
    SLICE_X34Y20         FDRE (Prop_CFF_SLICEM_C_Q)
                                                      0.116     0.159 r  GEN_OLANES[4].accum_inst/accum_reg_reg[2]/Q
                         net (fo=1, unset)            0.000     0.159    o_result[130]
                                                                      r  o_result[130] (OUT)
  -------------------------------------------------------------------    -------------------

Slack:                    inf
  Source:                 GEN_OLANES[4].accum_inst/accum_reg_reg[3]/C
                            (rising edge-triggered cell FDRE clocked by clk  {rise@0.000ns fall@0.500ns period=1.000ns})
  Destination:            o_result[131]
                            (output port)
  Path Group:             (none)
  Path Type:              Max at Slow Process Corner
  Data Path Delay:        0.116ns  (logic 0.116ns (100.000%)  route 0.000ns (0.000%))
  Logic Levels:           0  
  Clock Uncertainty:      0.025ns  ((TSJ^2 + TIJ^2)^1/2 + DJ) / 2 + PE
    Total System Jitter     (TSJ):    0.050ns
    Total Input Jitter      (TIJ):    0.000ns
    Discrete Jitter          (DJ):    0.000ns
    Phase Error              (PE):    0.000ns

    Location             Delay type                Incr(ns)  Path(ns)    Netlist Resource(s)
  -------------------------------------------------------------------    -------------------
                         (clock clk rise edge)        0.000     0.000 r  
                                                      0.000     0.000 r  clk (IN)
                         net (fo=5174, unset)         0.043     0.043    GEN_OLANES[4].accum_inst/clk
    SLICE_X34Y20         FDRE                                         r  GEN_OLANES[4].accum_inst/accum_reg_reg[3]/C
  -------------------------------------------------------------------    -------------------
    SLICE_X34Y20         FDRE (Prop_DFF_SLICEM_C_Q)
                                                      0.116     0.159 r  GEN_OLANES[4].accum_inst/accum_reg_reg[3]/Q
                         net (fo=1, unset)            0.000     0.159    o_result[131]
                                                                      r  o_result[131] (OUT)
  -------------------------------------------------------------------    -------------------

Slack:                    inf
  Source:                 GEN_OLANES[4].accum_inst/accum_reg_reg[6]/C
                            (rising edge-triggered cell FDRE clocked by clk  {rise@0.000ns fall@0.500ns period=1.000ns})
  Destination:            o_result[134]
                            (output port)
  Path Group:             (none)
  Path Type:              Max at Slow Process Corner
  Data Path Delay:        0.116ns  (logic 0.116ns (100.000%)  route 0.000ns (0.000%))
  Logic Levels:           0  
  Clock Uncertainty:      0.025ns  ((TSJ^2 + TIJ^2)^1/2 + DJ) / 2 + PE
    Total System Jitter     (TSJ):    0.050ns
    Total Input Jitter      (TIJ):    0.000ns
    Discrete Jitter          (DJ):    0.000ns
    Phase Error              (PE):    0.000ns

    Location             Delay type                Incr(ns)  Path(ns)    Netlist Resource(s)
  -------------------------------------------------------------------    -------------------
                         (clock clk rise edge)        0.000     0.000 r  
                                                      0.000     0.000 r  clk (IN)
                         net (fo=5174, unset)         0.043     0.043    GEN_OLANES[4].accum_inst/clk
    SLICE_X34Y20         FDRE                                         r  GEN_OLANES[4].accum_inst/accum_reg_reg[6]/C
  -------------------------------------------------------------------    -------------------
    SLICE_X34Y20         FDRE (Prop_GFF_SLICEM_C_Q)
                                                      0.116     0.159 r  GEN_OLANES[4].accum_inst/accum_reg_reg[6]/Q
                         net (fo=1, unset)            0.000     0.159    o_result[134]
                                                                      r  o_result[134] (OUT)
  -------------------------------------------------------------------    -------------------

Slack:                    inf
  Source:                 GEN_OLANES[4].accum_inst/accum_reg_reg[10]/C
                            (rising edge-triggered cell FDRE clocked by clk  {rise@0.000ns fall@0.500ns period=1.000ns})
  Destination:            o_result[138]
                            (output port)
  Path Group:             (none)
  Path Type:              Max at Slow Process Corner
  Data Path Delay:        0.116ns  (logic 0.116ns (100.000%)  route 0.000ns (0.000%))
  Logic Levels:           0  
  Clock Uncertainty:      0.025ns  ((TSJ^2 + TIJ^2)^1/2 + DJ) / 2 + PE
    Total System Jitter     (TSJ):    0.050ns
    Total Input Jitter      (TIJ):    0.000ns
    Discrete Jitter          (DJ):    0.000ns
    Phase Error              (PE):    0.000ns

    Location             Delay type                Incr(ns)  Path(ns)    Netlist Resource(s)
  -------------------------------------------------------------------    -------------------
                         (clock clk rise edge)        0.000     0.000 r  
                                                      0.000     0.000 r  clk (IN)
                         net (fo=5174, unset)         0.043     0.043    GEN_OLANES[4].accum_inst/clk
    SLICE_X34Y21         FDRE                                         r  GEN_OLANES[4].accum_inst/accum_reg_reg[10]/C
  -------------------------------------------------------------------    -------------------
    SLICE_X34Y21         FDRE (Prop_CFF_SLICEM_C_Q)
                                                      0.116     0.159 r  GEN_OLANES[4].accum_inst/accum_reg_reg[10]/Q
                         net (fo=1, unset)            0.000     0.159    o_result[138]
                                                                      r  o_result[138] (OUT)
  -------------------------------------------------------------------    -------------------

Slack:                    inf
  Source:                 GEN_OLANES[4].accum_inst/accum_reg_reg[11]/C
                            (rising edge-triggered cell FDRE clocked by clk  {rise@0.000ns fall@0.500ns period=1.000ns})
  Destination:            o_result[139]
                            (output port)
  Path Group:             (none)
  Path Type:              Max at Slow Process Corner
  Data Path Delay:        0.116ns  (logic 0.116ns (100.000%)  route 0.000ns (0.000%))
  Logic Levels:           0  
  Clock Uncertainty:      0.025ns  ((TSJ^2 + TIJ^2)^1/2 + DJ) / 2 + PE
    Total System Jitter     (TSJ):    0.050ns
    Total Input Jitter      (TIJ):    0.000ns
    Discrete Jitter          (DJ):    0.000ns
    Phase Error              (PE):    0.000ns

    Location             Delay type                Incr(ns)  Path(ns)    Netlist Resource(s)
  -------------------------------------------------------------------    -------------------
                         (clock clk rise edge)        0.000     0.000 r  
                                                      0.000     0.000 r  clk (IN)
                         net (fo=5174, unset)         0.043     0.043    GEN_OLANES[4].accum_inst/clk
    SLICE_X34Y21         FDRE                                         r  GEN_OLANES[4].accum_inst/accum_reg_reg[11]/C
  -------------------------------------------------------------------    -------------------
    SLICE_X34Y21         FDRE (Prop_DFF_SLICEM_C_Q)
                                                      0.116     0.159 r  GEN_OLANES[4].accum_inst/accum_reg_reg[11]/Q
                         net (fo=1, unset)            0.000     0.159    o_result[139]
                                                                      r  o_result[139] (OUT)
  -------------------------------------------------------------------    -------------------

Slack:                    inf
  Source:                 GEN_OLANES[4].accum_inst/accum_reg_reg[14]/C
                            (rising edge-triggered cell FDRE clocked by clk  {rise@0.000ns fall@0.500ns period=1.000ns})
  Destination:            o_result[142]
                            (output port)
  Path Group:             (none)
  Path Type:              Max at Slow Process Corner
  Data Path Delay:        0.116ns  (logic 0.116ns (100.000%)  route 0.000ns (0.000%))
  Logic Levels:           0  
  Clock Uncertainty:      0.025ns  ((TSJ^2 + TIJ^2)^1/2 + DJ) / 2 + PE
    Total System Jitter     (TSJ):    0.050ns
    Total Input Jitter      (TIJ):    0.000ns
    Discrete Jitter          (DJ):    0.000ns
    Phase Error              (PE):    0.000ns

    Location             Delay type                Incr(ns)  Path(ns)    Netlist Resource(s)
  -------------------------------------------------------------------    -------------------
                         (clock clk rise edge)        0.000     0.000 r  
                                                      0.000     0.000 r  clk (IN)
                         net (fo=5174, unset)         0.043     0.043    GEN_OLANES[4].accum_inst/clk
    SLICE_X34Y21         FDRE                                         r  GEN_OLANES[4].accum_inst/accum_reg_reg[14]/C
  -------------------------------------------------------------------    -------------------
    SLICE_X34Y21         FDRE (Prop_GFF_SLICEM_C_Q)
                                                      0.116     0.159 r  GEN_OLANES[4].accum_inst/accum_reg_reg[14]/Q
                         net (fo=1, unset)            0.000     0.159    o_result[142]
                                                                      r  o_result[142] (OUT)
  -------------------------------------------------------------------    -------------------

Slack:                    inf
  Source:                 GEN_OLANES[4].accum_inst/accum_reg_reg[18]/C
                            (rising edge-triggered cell FDRE clocked by clk  {rise@0.000ns fall@0.500ns period=1.000ns})
  Destination:            o_result[146]
                            (output port)
  Path Group:             (none)
  Path Type:              Max at Slow Process Corner
  Data Path Delay:        0.116ns  (logic 0.116ns (100.000%)  route 0.000ns (0.000%))
  Logic Levels:           0  
  Clock Uncertainty:      0.025ns  ((TSJ^2 + TIJ^2)^1/2 + DJ) / 2 + PE
    Total System Jitter     (TSJ):    0.050ns
    Total Input Jitter      (TIJ):    0.000ns
    Discrete Jitter          (DJ):    0.000ns
    Phase Error              (PE):    0.000ns

    Location             Delay type                Incr(ns)  Path(ns)    Netlist Resource(s)
  -------------------------------------------------------------------    -------------------
                         (clock clk rise edge)        0.000     0.000 r  
                                                      0.000     0.000 r  clk (IN)
                         net (fo=5174, unset)         0.043     0.043    GEN_OLANES[4].accum_inst/clk
    SLICE_X34Y22         FDRE                                         r  GEN_OLANES[4].accum_inst/accum_reg_reg[18]/C
  -------------------------------------------------------------------    -------------------
    SLICE_X34Y22         FDRE (Prop_CFF_SLICEM_C_Q)
                                                      0.116     0.159 r  GEN_OLANES[4].accum_inst/accum_reg_reg[18]/Q
                         net (fo=1, unset)            0.000     0.159    o_result[146]
                                                                      r  o_result[146] (OUT)
  -------------------------------------------------------------------    -------------------

Slack:                    inf
  Source:                 GEN_OLANES[4].accum_inst/accum_reg_reg[19]/C
                            (rising edge-triggered cell FDRE clocked by clk  {rise@0.000ns fall@0.500ns period=1.000ns})
  Destination:            o_result[147]
                            (output port)
  Path Group:             (none)
  Path Type:              Max at Slow Process Corner
  Data Path Delay:        0.116ns  (logic 0.116ns (100.000%)  route 0.000ns (0.000%))
  Logic Levels:           0  
  Clock Uncertainty:      0.025ns  ((TSJ^2 + TIJ^2)^1/2 + DJ) / 2 + PE
    Total System Jitter     (TSJ):    0.050ns
    Total Input Jitter      (TIJ):    0.000ns
    Discrete Jitter          (DJ):    0.000ns
    Phase Error              (PE):    0.000ns

    Location             Delay type                Incr(ns)  Path(ns)    Netlist Resource(s)
  -------------------------------------------------------------------    -------------------
                         (clock clk rise edge)        0.000     0.000 r  
                                                      0.000     0.000 r  clk (IN)
                         net (fo=5174, unset)         0.043     0.043    GEN_OLANES[4].accum_inst/clk
    SLICE_X34Y22         FDRE                                         r  GEN_OLANES[4].accum_inst/accum_reg_reg[19]/C
  -------------------------------------------------------------------    -------------------
    SLICE_X34Y22         FDRE (Prop_DFF_SLICEM_C_Q)
                                                      0.116     0.159 r  GEN_OLANES[4].accum_inst/accum_reg_reg[19]/Q
                         net (fo=1, unset)            0.000     0.159    o_result[147]
                                                                      r  o_result[147] (OUT)
  -------------------------------------------------------------------    -------------------

Slack:                    inf
  Source:                 GEN_OLANES[4].accum_inst/accum_reg_reg[22]/C
                            (rising edge-triggered cell FDRE clocked by clk  {rise@0.000ns fall@0.500ns period=1.000ns})
  Destination:            o_result[150]
                            (output port)
  Path Group:             (none)
  Path Type:              Max at Slow Process Corner
  Data Path Delay:        0.116ns  (logic 0.116ns (100.000%)  route 0.000ns (0.000%))
  Logic Levels:           0  
  Clock Uncertainty:      0.025ns  ((TSJ^2 + TIJ^2)^1/2 + DJ) / 2 + PE
    Total System Jitter     (TSJ):    0.050ns
    Total Input Jitter      (TIJ):    0.000ns
    Discrete Jitter          (DJ):    0.000ns
    Phase Error              (PE):    0.000ns

    Location             Delay type                Incr(ns)  Path(ns)    Netlist Resource(s)
  -------------------------------------------------------------------    -------------------
                         (clock clk rise edge)        0.000     0.000 r  
                                                      0.000     0.000 r  clk (IN)
                         net (fo=5174, unset)         0.043     0.043    GEN_OLANES[4].accum_inst/clk
    SLICE_X34Y22         FDRE                                         r  GEN_OLANES[4].accum_inst/accum_reg_reg[22]/C
  -------------------------------------------------------------------    -------------------
    SLICE_X34Y22         FDRE (Prop_GFF_SLICEM_C_Q)
                                                      0.116     0.159 r  GEN_OLANES[4].accum_inst/accum_reg_reg[22]/Q
                         net (fo=1, unset)            0.000     0.159    o_result[150]
                                                                      r  o_result[150] (OUT)
  -------------------------------------------------------------------    -------------------

Slack:                    inf
  Source:                 GEN_OLANES[4].accum_inst/accum_reg_reg[26]/C
                            (rising edge-triggered cell FDRE clocked by clk  {rise@0.000ns fall@0.500ns period=1.000ns})
  Destination:            o_result[154]
                            (output port)
  Path Group:             (none)
  Path Type:              Max at Slow Process Corner
  Data Path Delay:        0.116ns  (logic 0.116ns (100.000%)  route 0.000ns (0.000%))
  Logic Levels:           0  
  Clock Uncertainty:      0.025ns  ((TSJ^2 + TIJ^2)^1/2 + DJ) / 2 + PE
    Total System Jitter     (TSJ):    0.050ns
    Total Input Jitter      (TIJ):    0.000ns
    Discrete Jitter          (DJ):    0.000ns
    Phase Error              (PE):    0.000ns

    Location             Delay type                Incr(ns)  Path(ns)    Netlist Resource(s)
  -------------------------------------------------------------------    -------------------
                         (clock clk rise edge)        0.000     0.000 r  
                                                      0.000     0.000 r  clk (IN)
                         net (fo=5174, unset)         0.043     0.043    GEN_OLANES[4].accum_inst/clk
    SLICE_X34Y23         FDRE                                         r  GEN_OLANES[4].accum_inst/accum_reg_reg[26]/C
  -------------------------------------------------------------------    -------------------
    SLICE_X34Y23         FDRE (Prop_CFF_SLICEM_C_Q)
                                                      0.116     0.159 r  GEN_OLANES[4].accum_inst/accum_reg_reg[26]/Q
                         net (fo=1, unset)            0.000     0.159    o_result[154]
                                                                      r  o_result[154] (OUT)
  -------------------------------------------------------------------    -------------------





Min Delay Paths
--------------------------------------------------------------------------------------
Slack:                    inf
  Source:                 GEN_OLANES[4].accum_inst/accum_reg_reg[0]/C
                            (rising edge-triggered cell FDRE clocked by clk  {rise@0.000ns fall@0.500ns period=1.000ns})
  Destination:            o_result[128]
                            (output port)
  Path Group:             (none)
  Path Type:              Min at Fast Process Corner
  Data Path Delay:        0.082ns  (logic 0.082ns (100.000%)  route 0.000ns (0.000%))
  Logic Levels:           0  
  Clock Uncertainty:      0.025ns  ((TSJ^2 + TIJ^2)^1/2 + DJ) / 2 + PE
    Total System Jitter     (TSJ):    0.050ns
    Total Input Jitter      (TIJ):    0.000ns
    Discrete Jitter          (DJ):    0.000ns
    Phase Error              (PE):    0.000ns

    Location             Delay type                Incr(ns)  Path(ns)    Netlist Resource(s)
  -------------------------------------------------------------------    -------------------
                         (clock clk rise edge)        0.000     0.000 r  
                                                      0.000     0.000 r  clk (IN)
                         net (fo=5174, unset)         0.014     0.014    GEN_OLANES[4].accum_inst/clk
    SLICE_X34Y20         FDRE                                         r  GEN_OLANES[4].accum_inst/accum_reg_reg[0]/C
  -------------------------------------------------------------------    -------------------
    SLICE_X34Y20         FDRE (Prop_AFF_SLICEM_C_Q)
                                                      0.082     0.096 r  GEN_OLANES[4].accum_inst/accum_reg_reg[0]/Q
                         net (fo=1, unset)            0.000     0.096    o_result[128]
                                                                      r  o_result[128] (OUT)
  -------------------------------------------------------------------    -------------------

Slack:                    inf
  Source:                 GEN_OLANES[4].accum_inst/accum_reg_reg[1]/C
                            (rising edge-triggered cell FDRE clocked by clk  {rise@0.000ns fall@0.500ns period=1.000ns})
  Destination:            o_result[129]
                            (output port)
  Path Group:             (none)
  Path Type:              Min at Fast Process Corner
  Data Path Delay:        0.082ns  (logic 0.082ns (100.000%)  route 0.000ns (0.000%))
  Logic Levels:           0  
  Clock Uncertainty:      0.025ns  ((TSJ^2 + TIJ^2)^1/2 + DJ) / 2 + PE
    Total System Jitter     (TSJ):    0.050ns
    Total Input Jitter      (TIJ):    0.000ns
    Discrete Jitter          (DJ):    0.000ns
    Phase Error              (PE):    0.000ns

    Location             Delay type                Incr(ns)  Path(ns)    Netlist Resource(s)
  -------------------------------------------------------------------    -------------------
                         (clock clk rise edge)        0.000     0.000 r  
                                                      0.000     0.000 r  clk (IN)
                         net (fo=5174, unset)         0.014     0.014    GEN_OLANES[4].accum_inst/clk
    SLICE_X34Y20         FDRE                                         r  GEN_OLANES[4].accum_inst/accum_reg_reg[1]/C
  -------------------------------------------------------------------    -------------------
    SLICE_X34Y20         FDRE (Prop_BFF_SLICEM_C_Q)
                                                      0.082     0.096 r  GEN_OLANES[4].accum_inst/accum_reg_reg[1]/Q
                         net (fo=1, unset)            0.000     0.096    o_result[129]
                                                                      r  o_result[129] (OUT)
  -------------------------------------------------------------------    -------------------

Slack:                    inf
  Source:                 GEN_OLANES[4].accum_inst/accum_reg_reg[4]/C
                            (rising edge-triggered cell FDRE clocked by clk  {rise@0.000ns fall@0.500ns period=1.000ns})
  Destination:            o_result[132]
                            (output port)
  Path Group:             (none)
  Path Type:              Min at Fast Process Corner
  Data Path Delay:        0.082ns  (logic 0.082ns (100.000%)  route 0.000ns (0.000%))
  Logic Levels:           0  
  Clock Uncertainty:      0.025ns  ((TSJ^2 + TIJ^2)^1/2 + DJ) / 2 + PE
    Total System Jitter     (TSJ):    0.050ns
    Total Input Jitter      (TIJ):    0.000ns
    Discrete Jitter          (DJ):    0.000ns
    Phase Error              (PE):    0.000ns

    Location             Delay type                Incr(ns)  Path(ns)    Netlist Resource(s)
  -------------------------------------------------------------------    -------------------
                         (clock clk rise edge)        0.000     0.000 r  
                                                      0.000     0.000 r  clk (IN)
                         net (fo=5174, unset)         0.014     0.014    GEN_OLANES[4].accum_inst/clk
    SLICE_X34Y20         FDRE                                         r  GEN_OLANES[4].accum_inst/accum_reg_reg[4]/C
  -------------------------------------------------------------------    -------------------
    SLICE_X34Y20         FDRE (Prop_EFF_SLICEM_C_Q)
                                                      0.082     0.096 r  GEN_OLANES[4].accum_inst/accum_reg_reg[4]/Q
                         net (fo=1, unset)            0.000     0.096    o_result[132]
                                                                      r  o_result[132] (OUT)
  -------------------------------------------------------------------    -------------------

Slack:                    inf
  Source:                 GEN_OLANES[4].accum_inst/accum_reg_reg[5]/C
                            (rising edge-triggered cell FDRE clocked by clk  {rise@0.000ns fall@0.500ns period=1.000ns})
  Destination:            o_result[133]
                            (output port)
  Path Group:             (none)
  Path Type:              Min at Fast Process Corner
  Data Path Delay:        0.082ns  (logic 0.082ns (100.000%)  route 0.000ns (0.000%))
  Logic Levels:           0  
  Clock Uncertainty:      0.025ns  ((TSJ^2 + TIJ^2)^1/2 + DJ) / 2 + PE
    Total System Jitter     (TSJ):    0.050ns
    Total Input Jitter      (TIJ):    0.000ns
    Discrete Jitter          (DJ):    0.000ns
    Phase Error              (PE):    0.000ns

    Location             Delay type                Incr(ns)  Path(ns)    Netlist Resource(s)
  -------------------------------------------------------------------    -------------------
                         (clock clk rise edge)        0.000     0.000 r  
                                                      0.000     0.000 r  clk (IN)
                         net (fo=5174, unset)         0.014     0.014    GEN_OLANES[4].accum_inst/clk
    SLICE_X34Y20         FDRE                                         r  GEN_OLANES[4].accum_inst/accum_reg_reg[5]/C
  -------------------------------------------------------------------    -------------------
    SLICE_X34Y20         FDRE (Prop_FFF_SLICEM_C_Q)
                                                      0.082     0.096 r  GEN_OLANES[4].accum_inst/accum_reg_reg[5]/Q
                         net (fo=1, unset)            0.000     0.096    o_result[133]
                                                                      r  o_result[133] (OUT)
  -------------------------------------------------------------------    -------------------

Slack:                    inf
  Source:                 GEN_OLANES[4].accum_inst/accum_reg_reg[8]/C
                            (rising edge-triggered cell FDRE clocked by clk  {rise@0.000ns fall@0.500ns period=1.000ns})
  Destination:            o_result[136]
                            (output port)
  Path Group:             (none)
  Path Type:              Min at Fast Process Corner
  Data Path Delay:        0.082ns  (logic 0.082ns (100.000%)  route 0.000ns (0.000%))
  Logic Levels:           0  
  Clock Uncertainty:      0.025ns  ((TSJ^2 + TIJ^2)^1/2 + DJ) / 2 + PE
    Total System Jitter     (TSJ):    0.050ns
    Total Input Jitter      (TIJ):    0.000ns
    Discrete Jitter          (DJ):    0.000ns
    Phase Error              (PE):    0.000ns

    Location             Delay type                Incr(ns)  Path(ns)    Netlist Resource(s)
  -------------------------------------------------------------------    -------------------
                         (clock clk rise edge)        0.000     0.000 r  
                                                      0.000     0.000 r  clk (IN)
                         net (fo=5174, unset)         0.014     0.014    GEN_OLANES[4].accum_inst/clk
    SLICE_X34Y21         FDRE                                         r  GEN_OLANES[4].accum_inst/accum_reg_reg[8]/C
  -------------------------------------------------------------------    -------------------
    SLICE_X34Y21         FDRE (Prop_AFF_SLICEM_C_Q)
                                                      0.082     0.096 r  GEN_OLANES[4].accum_inst/accum_reg_reg[8]/Q
                         net (fo=1, unset)            0.000     0.096    o_result[136]
                                                                      r  o_result[136] (OUT)
  -------------------------------------------------------------------    -------------------

Slack:                    inf
  Source:                 GEN_OLANES[4].accum_inst/accum_reg_reg[9]/C
                            (rising edge-triggered cell FDRE clocked by clk  {rise@0.000ns fall@0.500ns period=1.000ns})
  Destination:            o_result[137]
                            (output port)
  Path Group:             (none)
  Path Type:              Min at Fast Process Corner
  Data Path Delay:        0.082ns  (logic 0.082ns (100.000%)  route 0.000ns (0.000%))
  Logic Levels:           0  
  Clock Uncertainty:      0.025ns  ((TSJ^2 + TIJ^2)^1/2 + DJ) / 2 + PE
    Total System Jitter     (TSJ):    0.050ns
    Total Input Jitter      (TIJ):    0.000ns
    Discrete Jitter          (DJ):    0.000ns
    Phase Error              (PE):    0.000ns

    Location             Delay type                Incr(ns)  Path(ns)    Netlist Resource(s)
  -------------------------------------------------------------------    -------------------
                         (clock clk rise edge)        0.000     0.000 r  
                                                      0.000     0.000 r  clk (IN)
                         net (fo=5174, unset)         0.014     0.014    GEN_OLANES[4].accum_inst/clk
    SLICE_X34Y21         FDRE                                         r  GEN_OLANES[4].accum_inst/accum_reg_reg[9]/C
  -------------------------------------------------------------------    -------------------
    SLICE_X34Y21         FDRE (Prop_BFF_SLICEM_C_Q)
                                                      0.082     0.096 r  GEN_OLANES[4].accum_inst/accum_reg_reg[9]/Q
                         net (fo=1, unset)            0.000     0.096    o_result[137]
                                                                      r  o_result[137] (OUT)
  -------------------------------------------------------------------    -------------------

Slack:                    inf
  Source:                 GEN_OLANES[4].accum_inst/accum_reg_reg[12]/C
                            (rising edge-triggered cell FDRE clocked by clk  {rise@0.000ns fall@0.500ns period=1.000ns})
  Destination:            o_result[140]
                            (output port)
  Path Group:             (none)
  Path Type:              Min at Fast Process Corner
  Data Path Delay:        0.082ns  (logic 0.082ns (100.000%)  route 0.000ns (0.000%))
  Logic Levels:           0  
  Clock Uncertainty:      0.025ns  ((TSJ^2 + TIJ^2)^1/2 + DJ) / 2 + PE
    Total System Jitter     (TSJ):    0.050ns
    Total Input Jitter      (TIJ):    0.000ns
    Discrete Jitter          (DJ):    0.000ns
    Phase Error              (PE):    0.000ns

    Location             Delay type                Incr(ns)  Path(ns)    Netlist Resource(s)
  -------------------------------------------------------------------    -------------------
                         (clock clk rise edge)        0.000     0.000 r  
                                                      0.000     0.000 r  clk (IN)
                         net (fo=5174, unset)         0.014     0.014    GEN_OLANES[4].accum_inst/clk
    SLICE_X34Y21         FDRE                                         r  GEN_OLANES[4].accum_inst/accum_reg_reg[12]/C
  -------------------------------------------------------------------    -------------------
    SLICE_X34Y21         FDRE (Prop_EFF_SLICEM_C_Q)
                                                      0.082     0.096 r  GEN_OLANES[4].accum_inst/accum_reg_reg[12]/Q
                         net (fo=1, unset)            0.000     0.096    o_result[140]
                                                                      r  o_result[140] (OUT)
  -------------------------------------------------------------------    -------------------

Slack:                    inf
  Source:                 GEN_OLANES[4].accum_inst/accum_reg_reg[13]/C
                            (rising edge-triggered cell FDRE clocked by clk  {rise@0.000ns fall@0.500ns period=1.000ns})
  Destination:            o_result[141]
                            (output port)
  Path Group:             (none)
  Path Type:              Min at Fast Process Corner
  Data Path Delay:        0.082ns  (logic 0.082ns (100.000%)  route 0.000ns (0.000%))
  Logic Levels:           0  
  Clock Uncertainty:      0.025ns  ((TSJ^2 + TIJ^2)^1/2 + DJ) / 2 + PE
    Total System Jitter     (TSJ):    0.050ns
    Total Input Jitter      (TIJ):    0.000ns
    Discrete Jitter          (DJ):    0.000ns
    Phase Error              (PE):    0.000ns

    Location             Delay type                Incr(ns)  Path(ns)    Netlist Resource(s)
  -------------------------------------------------------------------    -------------------
                         (clock clk rise edge)        0.000     0.000 r  
                                                      0.000     0.000 r  clk (IN)
                         net (fo=5174, unset)         0.014     0.014    GEN_OLANES[4].accum_inst/clk
    SLICE_X34Y21         FDRE                                         r  GEN_OLANES[4].accum_inst/accum_reg_reg[13]/C
  -------------------------------------------------------------------    -------------------
    SLICE_X34Y21         FDRE (Prop_FFF_SLICEM_C_Q)
                                                      0.082     0.096 r  GEN_OLANES[4].accum_inst/accum_reg_reg[13]/Q
                         net (fo=1, unset)            0.000     0.096    o_result[141]
                                                                      r  o_result[141] (OUT)
  -------------------------------------------------------------------    -------------------

Slack:                    inf
  Source:                 GEN_OLANES[4].accum_inst/accum_reg_reg[16]/C
                            (rising edge-triggered cell FDRE clocked by clk  {rise@0.000ns fall@0.500ns period=1.000ns})
  Destination:            o_result[144]
                            (output port)
  Path Group:             (none)
  Path Type:              Min at Fast Process Corner
  Data Path Delay:        0.082ns  (logic 0.082ns (100.000%)  route 0.000ns (0.000%))
  Logic Levels:           0  
  Clock Uncertainty:      0.025ns  ((TSJ^2 + TIJ^2)^1/2 + DJ) / 2 + PE
    Total System Jitter     (TSJ):    0.050ns
    Total Input Jitter      (TIJ):    0.000ns
    Discrete Jitter          (DJ):    0.000ns
    Phase Error              (PE):    0.000ns

    Location             Delay type                Incr(ns)  Path(ns)    Netlist Resource(s)
  -------------------------------------------------------------------    -------------------
                         (clock clk rise edge)        0.000     0.000 r  
                                                      0.000     0.000 r  clk (IN)
                         net (fo=5174, unset)         0.014     0.014    GEN_OLANES[4].accum_inst/clk
    SLICE_X34Y22         FDRE                                         r  GEN_OLANES[4].accum_inst/accum_reg_reg[16]/C
  -------------------------------------------------------------------    -------------------
    SLICE_X34Y22         FDRE (Prop_AFF_SLICEM_C_Q)
                                                      0.082     0.096 r  GEN_OLANES[4].accum_inst/accum_reg_reg[16]/Q
                         net (fo=1, unset)            0.000     0.096    o_result[144]
                                                                      r  o_result[144] (OUT)
  -------------------------------------------------------------------    -------------------

Slack:                    inf
  Source:                 GEN_OLANES[4].accum_inst/accum_reg_reg[17]/C
                            (rising edge-triggered cell FDRE clocked by clk  {rise@0.000ns fall@0.500ns period=1.000ns})
  Destination:            o_result[145]
                            (output port)
  Path Group:             (none)
  Path Type:              Min at Fast Process Corner
  Data Path Delay:        0.082ns  (logic 0.082ns (100.000%)  route 0.000ns (0.000%))
  Logic Levels:           0  
  Clock Uncertainty:      0.025ns  ((TSJ^2 + TIJ^2)^1/2 + DJ) / 2 + PE
    Total System Jitter     (TSJ):    0.050ns
    Total Input Jitter      (TIJ):    0.000ns
    Discrete Jitter          (DJ):    0.000ns
    Phase Error              (PE):    0.000ns

    Location             Delay type                Incr(ns)  Path(ns)    Netlist Resource(s)
  -------------------------------------------------------------------    -------------------
                         (clock clk rise edge)        0.000     0.000 r  
                                                      0.000     0.000 r  clk (IN)
                         net (fo=5174, unset)         0.014     0.014    GEN_OLANES[4].accum_inst/clk
    SLICE_X34Y22         FDRE                                         r  GEN_OLANES[4].accum_inst/accum_reg_reg[17]/C
  -------------------------------------------------------------------    -------------------
    SLICE_X34Y22         FDRE (Prop_BFF_SLICEM_C_Q)
                                                      0.082     0.096 r  GEN_OLANES[4].accum_inst/accum_reg_reg[17]/Q
                         net (fo=1, unset)            0.000     0.096    o_result[145]
                                                                      r  o_result[145] (OUT)
  -------------------------------------------------------------------    -------------------





--------------------------------------------------------------------------------------
Path Group:  (none)
From Clock:  
  To Clock:  clk

Max Delay         25205 Endpoints
Min Delay         25205 Endpoints
--------------------------------------------------------------------------------------


Max Delay Paths
--------------------------------------------------------------------------------------
Slack:                    inf
  Source:                 i_mat_waddr[6]
                            (input port)
  Destination:            GEN_OLANES[0].matrix_mem/mem_array_reg_128_191_14_20/RAMA/WE
                            (rising edge-triggered cell RAMD64E clocked by clk  {rise@0.000ns fall@0.500ns period=1.000ns})
  Path Group:             (none)
  Path Type:              Setup (Max at Slow Process Corner)
  Data Path Delay:        2.898ns  (logic 0.185ns (6.383%)  route 2.713ns (93.617%))
  Logic Levels:           1  (LUT4=1)
  Clock Path Skew:        0.059ns (DCD - SCD + CPR)
    Destination Clock Delay (DCD):    0.059ns
    Source Clock Delay      (SCD):    0.000ns
    Clock Pessimism Removal (CPR):    0.000ns
  Clock Uncertainty:      0.025ns  ((TSJ^2 + TIJ^2)^1/2 + DJ) / 2 + PE
    Total System Jitter     (TSJ):    0.050ns
    Total Input Jitter      (TIJ):    0.000ns
    Discrete Jitter          (DJ):    0.000ns
    Phase Error              (PE):    0.000ns

    Location             Delay type                Incr(ns)  Path(ns)    Netlist Resource(s)
  -------------------------------------------------------------------    -------------------
                                                      0.000     0.000 f  i_mat_waddr[6] (IN)
                         net (fo=42, unset)           0.000     0.000    GEN_OLANES[0].matrix_mem/i_mat_waddr[6]
    SLICE_X20Y11         LUT4 (Prop_D6LUT_SLICEM_I0_O)
                                                      0.185     0.185 r  GEN_OLANES[0].matrix_mem/mem_array_reg_128_191_0_6_i_1/O
                         net (fo=74, routed)          2.713     2.898    GEN_OLANES[0].matrix_mem/mem_array_reg_128_191_14_20/WE
    SLICE_X24Y20         RAMD64E                                      r  GEN_OLANES[0].matrix_mem/mem_array_reg_128_191_14_20/RAMA/WE
  -------------------------------------------------------------------    -------------------

                         (clock clk rise edge)        0.000     0.000 r  
                                                      0.000     0.000 r  clk (IN)
                         net (fo=5174, unset)         0.059     0.059    GEN_OLANES[0].matrix_mem/mem_array_reg_128_191_14_20/WCLK
    SLICE_X24Y20         RAMD64E                                      r  GEN_OLANES[0].matrix_mem/mem_array_reg_128_191_14_20/RAMA/CLK

Slack:                    inf
  Source:                 i_mat_waddr[6]
                            (input port)
  Destination:            GEN_OLANES[0].matrix_mem/mem_array_reg_128_191_14_20/RAMB/WE
                            (rising edge-triggered cell RAMD64E clocked by clk  {rise@0.000ns fall@0.500ns period=1.000ns})
  Path Group:             (none)
  Path Type:              Setup (Max at Slow Process Corner)
  Data Path Delay:        2.898ns  (logic 0.185ns (6.383%)  route 2.713ns (93.617%))
  Logic Levels:           1  (LUT4=1)
  Clock Path Skew:        0.059ns (DCD - SCD + CPR)
    Destination Clock Delay (DCD):    0.059ns
    Source Clock Delay      (SCD):    0.000ns
    Clock Pessimism Removal (CPR):    0.000ns
  Clock Uncertainty:      0.025ns  ((TSJ^2 + TIJ^2)^1/2 + DJ) / 2 + PE
    Total System Jitter     (TSJ):    0.050ns
    Total Input Jitter      (TIJ):    0.000ns
    Discrete Jitter          (DJ):    0.000ns
    Phase Error              (PE):    0.000ns

    Location             Delay type                Incr(ns)  Path(ns)    Netlist Resource(s)
  -------------------------------------------------------------------    -------------------
                                                      0.000     0.000 f  i_mat_waddr[6] (IN)
                         net (fo=42, unset)           0.000     0.000    GEN_OLANES[0].matrix_mem/i_mat_waddr[6]
    SLICE_X20Y11         LUT4 (Prop_D6LUT_SLICEM_I0_O)
                                                      0.185     0.185 r  GEN_OLANES[0].matrix_mem/mem_array_reg_128_191_0_6_i_1/O
                         net (fo=74, routed)          2.713     2.898    GEN_OLANES[0].matrix_mem/mem_array_reg_128_191_14_20/WE
    SLICE_X24Y20         RAMD64E                                      r  GEN_OLANES[0].matrix_mem/mem_array_reg_128_191_14_20/RAMB/WE
  -------------------------------------------------------------------    -------------------

                         (clock clk rise edge)        0.000     0.000 r  
                                                      0.000     0.000 r  clk (IN)
                         net (fo=5174, unset)         0.059     0.059    GEN_OLANES[0].matrix_mem/mem_array_reg_128_191_14_20/WCLK
    SLICE_X24Y20         RAMD64E                                      r  GEN_OLANES[0].matrix_mem/mem_array_reg_128_191_14_20/RAMB/CLK

Slack:                    inf
  Source:                 i_mat_waddr[6]
                            (input port)
  Destination:            GEN_OLANES[0].matrix_mem/mem_array_reg_128_191_14_20/RAMC/WE
                            (rising edge-triggered cell RAMD64E clocked by clk  {rise@0.000ns fall@0.500ns period=1.000ns})
  Path Group:             (none)
  Path Type:              Setup (Max at Slow Process Corner)
  Data Path Delay:        2.898ns  (logic 0.185ns (6.383%)  route 2.713ns (93.617%))
  Logic Levels:           1  (LUT4=1)
  Clock Path Skew:        0.059ns (DCD - SCD + CPR)
    Destination Clock Delay (DCD):    0.059ns
    Source Clock Delay      (SCD):    0.000ns
    Clock Pessimism Removal (CPR):    0.000ns
  Clock Uncertainty:      0.025ns  ((TSJ^2 + TIJ^2)^1/2 + DJ) / 2 + PE
    Total System Jitter     (TSJ):    0.050ns
    Total Input Jitter      (TIJ):    0.000ns
    Discrete Jitter          (DJ):    0.000ns
    Phase Error              (PE):    0.000ns

    Location             Delay type                Incr(ns)  Path(ns)    Netlist Resource(s)
  -------------------------------------------------------------------    -------------------
                                                      0.000     0.000 f  i_mat_waddr[6] (IN)
                         net (fo=42, unset)           0.000     0.000    GEN_OLANES[0].matrix_mem/i_mat_waddr[6]
    SLICE_X20Y11         LUT4 (Prop_D6LUT_SLICEM_I0_O)
                                                      0.185     0.185 r  GEN_OLANES[0].matrix_mem/mem_array_reg_128_191_0_6_i_1/O
                         net (fo=74, routed)          2.713     2.898    GEN_OLANES[0].matrix_mem/mem_array_reg_128_191_14_20/WE
    SLICE_X24Y20         RAMD64E                                      r  GEN_OLANES[0].matrix_mem/mem_array_reg_128_191_14_20/RAMC/WE
  -------------------------------------------------------------------    -------------------

                         (clock clk rise edge)        0.000     0.000 r  
                                                      0.000     0.000 r  clk (IN)
                         net (fo=5174, unset)         0.059     0.059    GEN_OLANES[0].matrix_mem/mem_array_reg_128_191_14_20/WCLK
    SLICE_X24Y20         RAMD64E                                      r  GEN_OLANES[0].matrix_mem/mem_array_reg_128_191_14_20/RAMC/CLK

Slack:                    inf
  Source:                 i_mat_waddr[6]
                            (input port)
  Destination:            GEN_OLANES[0].matrix_mem/mem_array_reg_128_191_14_20/RAMD/WE
                            (rising edge-triggered cell RAMD64E clocked by clk  {rise@0.000ns fall@0.500ns period=1.000ns})
  Path Group:             (none)
  Path Type:              Setup (Max at Slow Process Corner)
  Data Path Delay:        2.898ns  (logic 0.185ns (6.383%)  route 2.713ns (93.617%))
  Logic Levels:           1  (LUT4=1)
  Clock Path Skew:        0.059ns (DCD - SCD + CPR)
    Destination Clock Delay (DCD):    0.059ns
    Source Clock Delay      (SCD):    0.000ns
    Clock Pessimism Removal (CPR):    0.000ns
  Clock Uncertainty:      0.025ns  ((TSJ^2 + TIJ^2)^1/2 + DJ) / 2 + PE
    Total System Jitter     (TSJ):    0.050ns
    Total Input Jitter      (TIJ):    0.000ns
    Discrete Jitter          (DJ):    0.000ns
    Phase Error              (PE):    0.000ns

    Location             Delay type                Incr(ns)  Path(ns)    Netlist Resource(s)
  -------------------------------------------------------------------    -------------------
                                                      0.000     0.000 f  i_mat_waddr[6] (IN)
                         net (fo=42, unset)           0.000     0.000    GEN_OLANES[0].matrix_mem/i_mat_waddr[6]
    SLICE_X20Y11         LUT4 (Prop_D6LUT_SLICEM_I0_O)
                                                      0.185     0.185 r  GEN_OLANES[0].matrix_mem/mem_array_reg_128_191_0_6_i_1/O
                         net (fo=74, routed)          2.713     2.898    GEN_OLANES[0].matrix_mem/mem_array_reg_128_191_14_20/WE
    SLICE_X24Y20         RAMD64E                                      r  GEN_OLANES[0].matrix_mem/mem_array_reg_128_191_14_20/RAMD/WE
  -------------------------------------------------------------------    -------------------

                         (clock clk rise edge)        0.000     0.000 r  
                                                      0.000     0.000 r  clk (IN)
                         net (fo=5174, unset)         0.059     0.059    GEN_OLANES[0].matrix_mem/mem_array_reg_128_191_14_20/WCLK
    SLICE_X24Y20         RAMD64E                                      r  GEN_OLANES[0].matrix_mem/mem_array_reg_128_191_14_20/RAMD/CLK

Slack:                    inf
  Source:                 i_mat_waddr[6]
                            (input port)
  Destination:            GEN_OLANES[0].matrix_mem/mem_array_reg_128_191_14_20/RAME/WE
                            (rising edge-triggered cell RAMD64E clocked by clk  {rise@0.000ns fall@0.500ns period=1.000ns})
  Path Group:             (none)
  Path Type:              Setup (Max at Slow Process Corner)
  Data Path Delay:        2.898ns  (logic 0.185ns (6.383%)  route 2.713ns (93.617%))
  Logic Levels:           1  (LUT4=1)
  Clock Path Skew:        0.059ns (DCD - SCD + CPR)
    Destination Clock Delay (DCD):    0.059ns
    Source Clock Delay      (SCD):    0.000ns
    Clock Pessimism Removal (CPR):    0.000ns
  Clock Uncertainty:      0.025ns  ((TSJ^2 + TIJ^2)^1/2 + DJ) / 2 + PE
    Total System Jitter     (TSJ):    0.050ns
    Total Input Jitter      (TIJ):    0.000ns
    Discrete Jitter          (DJ):    0.000ns
    Phase Error              (PE):    0.000ns

    Location             Delay type                Incr(ns)  Path(ns)    Netlist Resource(s)
  -------------------------------------------------------------------    -------------------
                                                      0.000     0.000 f  i_mat_waddr[6] (IN)
                         net (fo=42, unset)           0.000     0.000    GEN_OLANES[0].matrix_mem/i_mat_waddr[6]
    SLICE_X20Y11         LUT4 (Prop_D6LUT_SLICEM_I0_O)
                                                      0.185     0.185 r  GEN_OLANES[0].matrix_mem/mem_array_reg_128_191_0_6_i_1/O
                         net (fo=74, routed)          2.713     2.898    GEN_OLANES[0].matrix_mem/mem_array_reg_128_191_14_20/WE
    SLICE_X24Y20         RAMD64E                                      r  GEN_OLANES[0].matrix_mem/mem_array_reg_128_191_14_20/RAME/WE
  -------------------------------------------------------------------    -------------------

                         (clock clk rise edge)        0.000     0.000 r  
                                                      0.000     0.000 r  clk (IN)
                         net (fo=5174, unset)         0.059     0.059    GEN_OLANES[0].matrix_mem/mem_array_reg_128_191_14_20/WCLK
    SLICE_X24Y20         RAMD64E                                      r  GEN_OLANES[0].matrix_mem/mem_array_reg_128_191_14_20/RAME/CLK

Slack:                    inf
  Source:                 i_mat_waddr[6]
                            (input port)
  Destination:            GEN_OLANES[0].matrix_mem/mem_array_reg_128_191_14_20/RAMF/WE
                            (rising edge-triggered cell RAMD64E clocked by clk  {rise@0.000ns fall@0.500ns period=1.000ns})
  Path Group:             (none)
  Path Type:              Setup (Max at Slow Process Corner)
  Data Path Delay:        2.898ns  (logic 0.185ns (6.383%)  route 2.713ns (93.617%))
  Logic Levels:           1  (LUT4=1)
  Clock Path Skew:        0.059ns (DCD - SCD + CPR)
    Destination Clock Delay (DCD):    0.059ns
    Source Clock Delay      (SCD):    0.000ns
    Clock Pessimism Removal (CPR):    0.000ns
  Clock Uncertainty:      0.025ns  ((TSJ^2 + TIJ^2)^1/2 + DJ) / 2 + PE
    Total System Jitter     (TSJ):    0.050ns
    Total Input Jitter      (TIJ):    0.000ns
    Discrete Jitter          (DJ):    0.000ns
    Phase Error              (PE):    0.000ns

    Location             Delay type                Incr(ns)  Path(ns)    Netlist Resource(s)
  -------------------------------------------------------------------    -------------------
                                                      0.000     0.000 f  i_mat_waddr[6] (IN)
                         net (fo=42, unset)           0.000     0.000    GEN_OLANES[0].matrix_mem/i_mat_waddr[6]
    SLICE_X20Y11         LUT4 (Prop_D6LUT_SLICEM_I0_O)
                                                      0.185     0.185 r  GEN_OLANES[0].matrix_mem/mem_array_reg_128_191_0_6_i_1/O
                         net (fo=74, routed)          2.713     2.898    GEN_OLANES[0].matrix_mem/mem_array_reg_128_191_14_20/WE
    SLICE_X24Y20         RAMD64E                                      r  GEN_OLANES[0].matrix_mem/mem_array_reg_128_191_14_20/RAMF/WE
  -------------------------------------------------------------------    -------------------

                         (clock clk rise edge)        0.000     0.000 r  
                                                      0.000     0.000 r  clk (IN)
                         net (fo=5174, unset)         0.059     0.059    GEN_OLANES[0].matrix_mem/mem_array_reg_128_191_14_20/WCLK
    SLICE_X24Y20         RAMD64E                                      r  GEN_OLANES[0].matrix_mem/mem_array_reg_128_191_14_20/RAMF/CLK

Slack:                    inf
  Source:                 i_mat_waddr[6]
                            (input port)
  Destination:            GEN_OLANES[0].matrix_mem/mem_array_reg_128_191_14_20/RAMG/WE
                            (rising edge-triggered cell RAMD64E clocked by clk  {rise@0.000ns fall@0.500ns period=1.000ns})
  Path Group:             (none)
  Path Type:              Setup (Max at Slow Process Corner)
  Data Path Delay:        2.898ns  (logic 0.185ns (6.383%)  route 2.713ns (93.617%))
  Logic Levels:           1  (LUT4=1)
  Clock Path Skew:        0.059ns (DCD - SCD + CPR)
    Destination Clock Delay (DCD):    0.059ns
    Source Clock Delay      (SCD):    0.000ns
    Clock Pessimism Removal (CPR):    0.000ns
  Clock Uncertainty:      0.025ns  ((TSJ^2 + TIJ^2)^1/2 + DJ) / 2 + PE
    Total System Jitter     (TSJ):    0.050ns
    Total Input Jitter      (TIJ):    0.000ns
    Discrete Jitter          (DJ):    0.000ns
    Phase Error              (PE):    0.000ns

    Location             Delay type                Incr(ns)  Path(ns)    Netlist Resource(s)
  -------------------------------------------------------------------    -------------------
                                                      0.000     0.000 f  i_mat_waddr[6] (IN)
                         net (fo=42, unset)           0.000     0.000    GEN_OLANES[0].matrix_mem/i_mat_waddr[6]
    SLICE_X20Y11         LUT4 (Prop_D6LUT_SLICEM_I0_O)
                                                      0.185     0.185 r  GEN_OLANES[0].matrix_mem/mem_array_reg_128_191_0_6_i_1/O
                         net (fo=74, routed)          2.713     2.898    GEN_OLANES[0].matrix_mem/mem_array_reg_128_191_14_20/WE
    SLICE_X24Y20         RAMD64E                                      r  GEN_OLANES[0].matrix_mem/mem_array_reg_128_191_14_20/RAMG/WE
  -------------------------------------------------------------------    -------------------

                         (clock clk rise edge)        0.000     0.000 r  
                                                      0.000     0.000 r  clk (IN)
                         net (fo=5174, unset)         0.059     0.059    GEN_OLANES[0].matrix_mem/mem_array_reg_128_191_14_20/WCLK
    SLICE_X24Y20         RAMD64E                                      r  GEN_OLANES[0].matrix_mem/mem_array_reg_128_191_14_20/RAMG/CLK

Slack:                    inf
  Source:                 i_mat_waddr[6]
                            (input port)
  Destination:            GEN_OLANES[0].matrix_mem/mem_array_reg_128_191_14_20/RAMH/WE
                            (rising edge-triggered cell RAMD64E clocked by clk  {rise@0.000ns fall@0.500ns period=1.000ns})
  Path Group:             (none)
  Path Type:              Setup (Max at Slow Process Corner)
  Data Path Delay:        2.898ns  (logic 0.185ns (6.383%)  route 2.713ns (93.617%))
  Logic Levels:           1  (LUT4=1)
  Clock Path Skew:        0.059ns (DCD - SCD + CPR)
    Destination Clock Delay (DCD):    0.059ns
    Source Clock Delay      (SCD):    0.000ns
    Clock Pessimism Removal (CPR):    0.000ns
  Clock Uncertainty:      0.025ns  ((TSJ^2 + TIJ^2)^1/2 + DJ) / 2 + PE
    Total System Jitter     (TSJ):    0.050ns
    Total Input Jitter      (TIJ):    0.000ns
    Discrete Jitter          (DJ):    0.000ns
    Phase Error              (PE):    0.000ns

    Location             Delay type                Incr(ns)  Path(ns)    Netlist Resource(s)
  -------------------------------------------------------------------    -------------------
                                                      0.000     0.000 f  i_mat_waddr[6] (IN)
                         net (fo=42, unset)           0.000     0.000    GEN_OLANES[0].matrix_mem/i_mat_waddr[6]
    SLICE_X20Y11         LUT4 (Prop_D6LUT_SLICEM_I0_O)
                                                      0.185     0.185 r  GEN_OLANES[0].matrix_mem/mem_array_reg_128_191_0_6_i_1/O
                         net (fo=74, routed)          2.713     2.898    GEN_OLANES[0].matrix_mem/mem_array_reg_128_191_14_20/WE
    SLICE_X24Y20         RAMD64E                                      r  GEN_OLANES[0].matrix_mem/mem_array_reg_128_191_14_20/RAMH/WE
  -------------------------------------------------------------------    -------------------

                         (clock clk rise edge)        0.000     0.000 r  
                                                      0.000     0.000 r  clk (IN)
                         net (fo=5174, unset)         0.059     0.059    GEN_OLANES[0].matrix_mem/mem_array_reg_128_191_14_20/WCLK
    SLICE_X24Y20         RAMD64E                                      r  GEN_OLANES[0].matrix_mem/mem_array_reg_128_191_14_20/RAMH/CLK

Slack:                    inf
  Source:                 i_mat_waddr[8]
                            (input port)
  Destination:            GEN_OLANES[0].matrix_mem/mem_array_reg_64_127_14_20/RAMA/WE
                            (rising edge-triggered cell RAMD64E clocked by clk  {rise@0.000ns fall@0.500ns period=1.000ns})
  Path Group:             (none)
  Path Type:              Setup (Max at Slow Process Corner)
  Data Path Delay:        2.870ns  (logic 0.190ns (6.620%)  route 2.680ns (93.380%))
  Logic Levels:           1  (LUT4=1)
  Clock Path Skew:        0.059ns (DCD - SCD + CPR)
    Destination Clock Delay (DCD):    0.059ns
    Source Clock Delay      (SCD):    0.000ns
    Clock Pessimism Removal (CPR):    0.000ns
  Clock Uncertainty:      0.025ns  ((TSJ^2 + TIJ^2)^1/2 + DJ) / 2 + PE
    Total System Jitter     (TSJ):    0.050ns
    Total Input Jitter      (TIJ):    0.000ns
    Discrete Jitter          (DJ):    0.000ns
    Phase Error              (PE):    0.000ns

    Location             Delay type                Incr(ns)  Path(ns)    Netlist Resource(s)
  -------------------------------------------------------------------    -------------------
                                                      0.000     0.000 f  i_mat_waddr[8] (IN)
                         net (fo=42, unset)           0.000     0.000    GEN_OLANES[0].matrix_mem/i_mat_waddr[8]
    SLICE_X21Y11         LUT4 (Prop_D5LUT_SLICEM_I1_O)
                                                      0.190     0.190 r  GEN_OLANES[0].matrix_mem/mem_array_reg_64_127_0_6_i_1/O
                         net (fo=74, routed)          2.680     2.870    GEN_OLANES[0].matrix_mem/mem_array_reg_64_127_14_20/WE
    SLICE_X24Y24         RAMD64E                                      r  GEN_OLANES[0].matrix_mem/mem_array_reg_64_127_14_20/RAMA/WE
  -------------------------------------------------------------------    -------------------

                         (clock clk rise edge)        0.000     0.000 r  
                                                      0.000     0.000 r  clk (IN)
                         net (fo=5174, unset)         0.059     0.059    GEN_OLANES[0].matrix_mem/mem_array_reg_64_127_14_20/WCLK
    SLICE_X24Y24         RAMD64E                                      r  GEN_OLANES[0].matrix_mem/mem_array_reg_64_127_14_20/RAMA/CLK

Slack:                    inf
  Source:                 i_mat_waddr[8]
                            (input port)
  Destination:            GEN_OLANES[0].matrix_mem/mem_array_reg_64_127_14_20/RAMB/WE
                            (rising edge-triggered cell RAMD64E clocked by clk  {rise@0.000ns fall@0.500ns period=1.000ns})
  Path Group:             (none)
  Path Type:              Setup (Max at Slow Process Corner)
  Data Path Delay:        2.870ns  (logic 0.190ns (6.620%)  route 2.680ns (93.380%))
  Logic Levels:           1  (LUT4=1)
  Clock Path Skew:        0.059ns (DCD - SCD + CPR)
    Destination Clock Delay (DCD):    0.059ns
    Source Clock Delay      (SCD):    0.000ns
    Clock Pessimism Removal (CPR):    0.000ns
  Clock Uncertainty:      0.025ns  ((TSJ^2 + TIJ^2)^1/2 + DJ) / 2 + PE
    Total System Jitter     (TSJ):    0.050ns
    Total Input Jitter      (TIJ):    0.000ns
    Discrete Jitter          (DJ):    0.000ns
    Phase Error              (PE):    0.000ns

    Location             Delay type                Incr(ns)  Path(ns)    Netlist Resource(s)
  -------------------------------------------------------------------    -------------------
                                                      0.000     0.000 f  i_mat_waddr[8] (IN)
                         net (fo=42, unset)           0.000     0.000    GEN_OLANES[0].matrix_mem/i_mat_waddr[8]
    SLICE_X21Y11         LUT4 (Prop_D5LUT_SLICEM_I1_O)
                                                      0.190     0.190 r  GEN_OLANES[0].matrix_mem/mem_array_reg_64_127_0_6_i_1/O
                         net (fo=74, routed)          2.680     2.870    GEN_OLANES[0].matrix_mem/mem_array_reg_64_127_14_20/WE
    SLICE_X24Y24         RAMD64E                                      r  GEN_OLANES[0].matrix_mem/mem_array_reg_64_127_14_20/RAMB/WE
  -------------------------------------------------------------------    -------------------

                         (clock clk rise edge)        0.000     0.000 r  
                                                      0.000     0.000 r  clk (IN)
                         net (fo=5174, unset)         0.059     0.059    GEN_OLANES[0].matrix_mem/mem_array_reg_64_127_14_20/WCLK
    SLICE_X24Y24         RAMD64E                                      r  GEN_OLANES[0].matrix_mem/mem_array_reg_64_127_14_20/RAMB/CLK





Min Delay Paths
--------------------------------------------------------------------------------------
Slack:                    inf
  Source:                 i_mat_wdata[0]
                            (input port)
  Destination:            GEN_OLANES[0].matrix_mem/mem_array_reg_0_63_0_6/RAMA/I
                            (rising edge-triggered cell RAMD64E clocked by clk  {rise@0.000ns fall@0.500ns period=1.000ns})
  Path Group:             (none)
  Path Type:              Hold (Min at Slow Process Corner)
  Data Path Delay:        0.000ns  (logic 0.000ns (0.000%)  route 0.000ns (0.000%))
  Logic Levels:           0  
  Clock Path Skew:        0.079ns (DCD - SCD - CPR)
    Destination Clock Delay (DCD):    0.079ns
    Source Clock Delay      (SCD):    0.000ns
    Clock Pessimism Removal (CPR):    -0.000ns

    Location             Delay type                Incr(ns)  Path(ns)    Netlist Resource(s)
  -------------------------------------------------------------------    -------------------
                                                      0.000     0.000 r  i_mat_wdata[0] (IN)
                         net (fo=42, unset)           0.000     0.000    GEN_OLANES[0].matrix_mem/mem_array_reg_0_63_0_6/DIA
    SLICE_X25Y6          RAMD64E                                      r  GEN_OLANES[0].matrix_mem/mem_array_reg_0_63_0_6/RAMA/I
  -------------------------------------------------------------------    -------------------

                         (clock clk rise edge)        0.000     0.000 r  
                                                      0.000     0.000 r  clk (IN)
                         net (fo=5174, unset)         0.079     0.079    GEN_OLANES[0].matrix_mem/mem_array_reg_0_63_0_6/WCLK
    SLICE_X25Y6          RAMD64E                                      r  GEN_OLANES[0].matrix_mem/mem_array_reg_0_63_0_6/RAMA/CLK

Slack:                    inf
  Source:                 i_mat_waddr[0]
                            (input port)
  Destination:            GEN_OLANES[0].matrix_mem/mem_array_reg_0_63_0_6/RAMA/WADR0
                            (rising edge-triggered cell RAMD64E clocked by clk  {rise@0.000ns fall@0.500ns period=1.000ns})
  Path Group:             (none)
  Path Type:              Hold (Min at Slow Process Corner)
  Data Path Delay:        0.000ns  (logic 0.000ns (0.000%)  route 0.000ns (0.000%))
  Logic Levels:           0  
  Clock Path Skew:        0.079ns (DCD - SCD - CPR)
    Destination Clock Delay (DCD):    0.079ns
    Source Clock Delay      (SCD):    0.000ns
    Clock Pessimism Removal (CPR):    -0.000ns

    Location             Delay type                Incr(ns)  Path(ns)    Netlist Resource(s)
  -------------------------------------------------------------------    -------------------
                                                      0.000     0.000 r  i_mat_waddr[0] (IN)
                         net (fo=3362, unset)         0.000     0.000    GEN_OLANES[0].matrix_mem/mem_array_reg_0_63_0_6/ADDRH0
    SLICE_X25Y6          RAMD64E                                      r  GEN_OLANES[0].matrix_mem/mem_array_reg_0_63_0_6/RAMA/WADR0
  -------------------------------------------------------------------    -------------------

                         (clock clk rise edge)        0.000     0.000 r  
                                                      0.000     0.000 r  clk (IN)
                         net (fo=5174, unset)         0.079     0.079    GEN_OLANES[0].matrix_mem/mem_array_reg_0_63_0_6/WCLK
    SLICE_X25Y6          RAMD64E                                      r  GEN_OLANES[0].matrix_mem/mem_array_reg_0_63_0_6/RAMA/CLK

Slack:                    inf
  Source:                 i_mat_waddr[1]
                            (input port)
  Destination:            GEN_OLANES[0].matrix_mem/mem_array_reg_0_63_0_6/RAMA/WADR1
                            (rising edge-triggered cell RAMD64E clocked by clk  {rise@0.000ns fall@0.500ns period=1.000ns})
  Path Group:             (none)
  Path Type:              Hold (Min at Slow Process Corner)
  Data Path Delay:        0.000ns  (logic 0.000ns (0.000%)  route 0.000ns (0.000%))
  Logic Levels:           0  
  Clock Path Skew:        0.079ns (DCD - SCD - CPR)
    Destination Clock Delay (DCD):    0.079ns
    Source Clock Delay      (SCD):    0.000ns
    Clock Pessimism Removal (CPR):    -0.000ns

    Location             Delay type                Incr(ns)  Path(ns)    Netlist Resource(s)
  -------------------------------------------------------------------    -------------------
                                                      0.000     0.000 r  i_mat_waddr[1] (IN)
                         net (fo=3362, unset)         0.000     0.000    GEN_OLANES[0].matrix_mem/mem_array_reg_0_63_0_6/ADDRH1
    SLICE_X25Y6          RAMD64E                                      r  GEN_OLANES[0].matrix_mem/mem_array_reg_0_63_0_6/RAMA/WADR1
  -------------------------------------------------------------------    -------------------

                         (clock clk rise edge)        0.000     0.000 r  
                                                      0.000     0.000 r  clk (IN)
                         net (fo=5174, unset)         0.079     0.079    GEN_OLANES[0].matrix_mem/mem_array_reg_0_63_0_6/WCLK
    SLICE_X25Y6          RAMD64E                                      r  GEN_OLANES[0].matrix_mem/mem_array_reg_0_63_0_6/RAMA/CLK

Slack:                    inf
  Source:                 i_mat_waddr[2]
                            (input port)
  Destination:            GEN_OLANES[0].matrix_mem/mem_array_reg_0_63_0_6/RAMA/WADR2
                            (rising edge-triggered cell RAMD64E clocked by clk  {rise@0.000ns fall@0.500ns period=1.000ns})
  Path Group:             (none)
  Path Type:              Hold (Min at Slow Process Corner)
  Data Path Delay:        0.000ns  (logic 0.000ns (0.000%)  route 0.000ns (0.000%))
  Logic Levels:           0  
  Clock Path Skew:        0.079ns (DCD - SCD - CPR)
    Destination Clock Delay (DCD):    0.079ns
    Source Clock Delay      (SCD):    0.000ns
    Clock Pessimism Removal (CPR):    -0.000ns

    Location             Delay type                Incr(ns)  Path(ns)    Netlist Resource(s)
  -------------------------------------------------------------------    -------------------
                                                      0.000     0.000 r  i_mat_waddr[2] (IN)
                         net (fo=3362, unset)         0.000     0.000    GEN_OLANES[0].matrix_mem/mem_array_reg_0_63_0_6/ADDRH2
    SLICE_X25Y6          RAMD64E                                      r  GEN_OLANES[0].matrix_mem/mem_array_reg_0_63_0_6/RAMA/WADR2
  -------------------------------------------------------------------    -------------------

                         (clock clk rise edge)        0.000     0.000 r  
                                                      0.000     0.000 r  clk (IN)
                         net (fo=5174, unset)         0.079     0.079    GEN_OLANES[0].matrix_mem/mem_array_reg_0_63_0_6/WCLK
    SLICE_X25Y6          RAMD64E                                      r  GEN_OLANES[0].matrix_mem/mem_array_reg_0_63_0_6/RAMA/CLK

Slack:                    inf
  Source:                 i_mat_waddr[3]
                            (input port)
  Destination:            GEN_OLANES[0].matrix_mem/mem_array_reg_0_63_0_6/RAMA/WADR3
                            (rising edge-triggered cell RAMD64E clocked by clk  {rise@0.000ns fall@0.500ns period=1.000ns})
  Path Group:             (none)
  Path Type:              Hold (Min at Slow Process Corner)
  Data Path Delay:        0.000ns  (logic 0.000ns (0.000%)  route 0.000ns (0.000%))
  Logic Levels:           0  
  Clock Path Skew:        0.079ns (DCD - SCD - CPR)
    Destination Clock Delay (DCD):    0.079ns
    Source Clock Delay      (SCD):    0.000ns
    Clock Pessimism Removal (CPR):    -0.000ns

    Location             Delay type                Incr(ns)  Path(ns)    Netlist Resource(s)
  -------------------------------------------------------------------    -------------------
                                                      0.000     0.000 r  i_mat_waddr[3] (IN)
                         net (fo=3362, unset)         0.000     0.000    GEN_OLANES[0].matrix_mem/mem_array_reg_0_63_0_6/ADDRH3
    SLICE_X25Y6          RAMD64E                                      r  GEN_OLANES[0].matrix_mem/mem_array_reg_0_63_0_6/RAMA/WADR3
  -------------------------------------------------------------------    -------------------

                         (clock clk rise edge)        0.000     0.000 r  
                                                      0.000     0.000 r  clk (IN)
                         net (fo=5174, unset)         0.079     0.079    GEN_OLANES[0].matrix_mem/mem_array_reg_0_63_0_6/WCLK
    SLICE_X25Y6          RAMD64E                                      r  GEN_OLANES[0].matrix_mem/mem_array_reg_0_63_0_6/RAMA/CLK

Slack:                    inf
  Source:                 i_mat_waddr[4]
                            (input port)
  Destination:            GEN_OLANES[0].matrix_mem/mem_array_reg_0_63_0_6/RAMA/WADR4
                            (rising edge-triggered cell RAMD64E clocked by clk  {rise@0.000ns fall@0.500ns period=1.000ns})
  Path Group:             (none)
  Path Type:              Hold (Min at Slow Process Corner)
  Data Path Delay:        0.000ns  (logic 0.000ns (0.000%)  route 0.000ns (0.000%))
  Logic Levels:           0  
  Clock Path Skew:        0.079ns (DCD - SCD - CPR)
    Destination Clock Delay (DCD):    0.079ns
    Source Clock Delay      (SCD):    0.000ns
    Clock Pessimism Removal (CPR):    -0.000ns

    Location             Delay type                Incr(ns)  Path(ns)    Netlist Resource(s)
  -------------------------------------------------------------------    -------------------
                                                      0.000     0.000 r  i_mat_waddr[4] (IN)
                         net (fo=3362, unset)         0.000     0.000    GEN_OLANES[0].matrix_mem/mem_array_reg_0_63_0_6/ADDRH4
    SLICE_X25Y6          RAMD64E                                      r  GEN_OLANES[0].matrix_mem/mem_array_reg_0_63_0_6/RAMA/WADR4
  -------------------------------------------------------------------    -------------------

                         (clock clk rise edge)        0.000     0.000 r  
                                                      0.000     0.000 r  clk (IN)
                         net (fo=5174, unset)         0.079     0.079    GEN_OLANES[0].matrix_mem/mem_array_reg_0_63_0_6/WCLK
    SLICE_X25Y6          RAMD64E                                      r  GEN_OLANES[0].matrix_mem/mem_array_reg_0_63_0_6/RAMA/CLK

Slack:                    inf
  Source:                 i_mat_waddr[5]
                            (input port)
  Destination:            GEN_OLANES[0].matrix_mem/mem_array_reg_0_63_0_6/RAMA/WADR5
                            (rising edge-triggered cell RAMD64E clocked by clk  {rise@0.000ns fall@0.500ns period=1.000ns})
  Path Group:             (none)
  Path Type:              Hold (Min at Slow Process Corner)
  Data Path Delay:        0.000ns  (logic 0.000ns (0.000%)  route 0.000ns (0.000%))
  Logic Levels:           0  
  Clock Path Skew:        0.079ns (DCD - SCD - CPR)
    Destination Clock Delay (DCD):    0.079ns
    Source Clock Delay      (SCD):    0.000ns
    Clock Pessimism Removal (CPR):    -0.000ns

    Location             Delay type                Incr(ns)  Path(ns)    Netlist Resource(s)
  -------------------------------------------------------------------    -------------------
                                                      0.000     0.000 r  i_mat_waddr[5] (IN)
                         net (fo=3362, unset)         0.000     0.000    GEN_OLANES[0].matrix_mem/mem_array_reg_0_63_0_6/ADDRH5
    SLICE_X25Y6          RAMD64E                                      r  GEN_OLANES[0].matrix_mem/mem_array_reg_0_63_0_6/RAMA/WADR5
  -------------------------------------------------------------------    -------------------

                         (clock clk rise edge)        0.000     0.000 r  
                                                      0.000     0.000 r  clk (IN)
                         net (fo=5174, unset)         0.079     0.079    GEN_OLANES[0].matrix_mem/mem_array_reg_0_63_0_6/WCLK
    SLICE_X25Y6          RAMD64E                                      r  GEN_OLANES[0].matrix_mem/mem_array_reg_0_63_0_6/RAMA/CLK

Slack:                    inf
  Source:                 i_mat_wdata[1]
                            (input port)
  Destination:            GEN_OLANES[0].matrix_mem/mem_array_reg_0_63_0_6/RAMB/I
                            (rising edge-triggered cell RAMD64E clocked by clk  {rise@0.000ns fall@0.500ns period=1.000ns})
  Path Group:             (none)
  Path Type:              Hold (Min at Slow Process Corner)
  Data Path Delay:        0.000ns  (logic 0.000ns (0.000%)  route 0.000ns (0.000%))
  Logic Levels:           0  
  Clock Path Skew:        0.079ns (DCD - SCD - CPR)
    Destination Clock Delay (DCD):    0.079ns
    Source Clock Delay      (SCD):    0.000ns
    Clock Pessimism Removal (CPR):    -0.000ns

    Location             Delay type                Incr(ns)  Path(ns)    Netlist Resource(s)
  -------------------------------------------------------------------    -------------------
                                                      0.000     0.000 r  i_mat_wdata[1] (IN)
                         net (fo=42, unset)           0.000     0.000    GEN_OLANES[0].matrix_mem/mem_array_reg_0_63_0_6/DIB
    SLICE_X25Y6          RAMD64E                                      r  GEN_OLANES[0].matrix_mem/mem_array_reg_0_63_0_6/RAMB/I
  -------------------------------------------------------------------    -------------------

                         (clock clk rise edge)        0.000     0.000 r  
                                                      0.000     0.000 r  clk (IN)
                         net (fo=5174, unset)         0.079     0.079    GEN_OLANES[0].matrix_mem/mem_array_reg_0_63_0_6/WCLK
    SLICE_X25Y6          RAMD64E                                      r  GEN_OLANES[0].matrix_mem/mem_array_reg_0_63_0_6/RAMB/CLK

Slack:                    inf
  Source:                 i_mat_waddr[0]
                            (input port)
  Destination:            GEN_OLANES[0].matrix_mem/mem_array_reg_0_63_0_6/RAMB/WADR0
                            (rising edge-triggered cell RAMD64E clocked by clk  {rise@0.000ns fall@0.500ns period=1.000ns})
  Path Group:             (none)
  Path Type:              Hold (Min at Slow Process Corner)
  Data Path Delay:        0.000ns  (logic 0.000ns (0.000%)  route 0.000ns (0.000%))
  Logic Levels:           0  
  Clock Path Skew:        0.079ns (DCD - SCD - CPR)
    Destination Clock Delay (DCD):    0.079ns
    Source Clock Delay      (SCD):    0.000ns
    Clock Pessimism Removal (CPR):    -0.000ns

    Location             Delay type                Incr(ns)  Path(ns)    Netlist Resource(s)
  -------------------------------------------------------------------    -------------------
                                                      0.000     0.000 r  i_mat_waddr[0] (IN)
                         net (fo=3362, unset)         0.000     0.000    GEN_OLANES[0].matrix_mem/mem_array_reg_0_63_0_6/ADDRH0
    SLICE_X25Y6          RAMD64E                                      r  GEN_OLANES[0].matrix_mem/mem_array_reg_0_63_0_6/RAMB/WADR0
  -------------------------------------------------------------------    -------------------

                         (clock clk rise edge)        0.000     0.000 r  
                                                      0.000     0.000 r  clk (IN)
                         net (fo=5174, unset)         0.079     0.079    GEN_OLANES[0].matrix_mem/mem_array_reg_0_63_0_6/WCLK
    SLICE_X25Y6          RAMD64E                                      r  GEN_OLANES[0].matrix_mem/mem_array_reg_0_63_0_6/RAMB/CLK

Slack:                    inf
  Source:                 i_mat_waddr[1]
                            (input port)
  Destination:            GEN_OLANES[0].matrix_mem/mem_array_reg_0_63_0_6/RAMB/WADR1
                            (rising edge-triggered cell RAMD64E clocked by clk  {rise@0.000ns fall@0.500ns period=1.000ns})
  Path Group:             (none)
  Path Type:              Hold (Min at Slow Process Corner)
  Data Path Delay:        0.000ns  (logic 0.000ns (0.000%)  route 0.000ns (0.000%))
  Logic Levels:           0  
  Clock Path Skew:        0.079ns (DCD - SCD - CPR)
    Destination Clock Delay (DCD):    0.079ns
    Source Clock Delay      (SCD):    0.000ns
    Clock Pessimism Removal (CPR):    -0.000ns

    Location             Delay type                Incr(ns)  Path(ns)    Netlist Resource(s)
  -------------------------------------------------------------------    -------------------
                                                      0.000     0.000 r  i_mat_waddr[1] (IN)
                         net (fo=3362, unset)         0.000     0.000    GEN_OLANES[0].matrix_mem/mem_array_reg_0_63_0_6/ADDRH1
    SLICE_X25Y6          RAMD64E                                      r  GEN_OLANES[0].matrix_mem/mem_array_reg_0_63_0_6/RAMB/WADR1
  -------------------------------------------------------------------    -------------------

                         (clock clk rise edge)        0.000     0.000 r  
                                                      0.000     0.000 r  clk (IN)
                         net (fo=5174, unset)         0.079     0.079    GEN_OLANES[0].matrix_mem/mem_array_reg_0_63_0_6/WCLK
    SLICE_X25Y6          RAMD64E                                      r  GEN_OLANES[0].matrix_mem/mem_array_reg_0_63_0_6/RAMB/CLK





